source,target,sign,pmids,status
AminoAcids,EGO,+,23716719,
Nitrogen,PIB2,+,29698392,
EGO,TORC1,+,23716719;28993463,
PIB2,TORC1,+,29698392;28993463,EGO と AND（28993463）か独立か（29698392）は争いあり
Rapamycin,TORC1,-,1715094,
SNF1,TORC1,-,26439012,グルコースがないときだけ（26439012 はグルコース飢餓での結果）
Osmotic,TORC1,-,17560372,一過性
Heat,TORC1,-,17560372,一過性
Oxidative,TORC1,-,17560372,一過性
TORC1,SCH9,+,17560372,
Glucose,CAMP,+,10361302,
CAMP,PKA,+,9472026,
Glucose,SNF1,-,21464305,
Alkaline,SNF1,+,17438333,
Oxidative,SNF1,+,17438333,
SNF1,MIG1,-,9774644;17178716,
PKA,RIM15,-,9744870;14690612,
SCH9,RIM15,-,18513215;14690612,
RIM15,GIS1,+,15300954;23273919,
PKA,MSN2_4,-,9472026,
TORC1,MSN2_4,-,10604478,
Heat,MSN2_4,+,9472026,
Osmotic,MSN2_4,+,9472026,
Oxidative,MSN2_4,+,19581440,
PKA,YAK1,-,21255108,
TORC1,SFP1,+,19328065;15353587,
PKA,SFP1,+,15466158,
SCH9,DOT6_TOD6,-,21730963,
SCH9,MAF1,-,19299514;19823048,
PKA,MAF1,-,17005718;22810236,
TORC1,NPR1,-,9843498,
TORC1,GLN3,-,10604478,
SNF1,GLN3,+,11809814,争いあり（15911613）
TORC1,GAT1,-,16253991;18245087,
TORC1,RTG1_3,-,11076970;11882290,
AminoAcids,GCN2,-,10983975,
TORC1,GCN2,-,12654728,
Glucose,GCN2,-,10733573,
GCN2,GCN4,+,1448107;12676950,
TORC1,ATG1,-,19995911;10995454,
PKA,ATG1,-,19805182,
Osmotic,HOG1,+,7681220,
Heat,HOG1,+,12455951,
Oxidative,HOG1,+,27554843,
CellWall,SLT2,+,10974100,
Heat,SLT2,+,7628692,
TORC1,SLT2,-,12171921,
SLT2,RLM1,+,9111331,
Calcium,CALCINEURIN,+,15299026,
Alkaline,CALCINEURIN,+,15299026,
CALCINEURIN,CRZ1,+,10197980;11877380,
Heat,HSF1,+,3306402,
Oxidative,HSF1,+,8598289,
Oxidative,YAP1,+,9857197,
TORC1,SNF1,-,16980405,
SLT2,PKA,-,20702584,一部の基質だけ
CellWall,HOG1,+,18184748,"ザイモリエース（β-1,3 グルカナーゼ）での結果"
Glucose,TORC1,+,26439012,Snf1 を介する（Snf1 が働いていて、グルコースがないとき）
