source_protein,target_protein,interaction_type,effect,direct,condition,pmids,evidence,confidence,status,note,verified_on,verified_note,partner,site,evidence_kind,necessity,redundant_with,strength,layer,timing
YCK2,POL2,phosphorylation,,,,30598543,,high,reject,BioGRID の記録の取り違え: 論文は RNA ポリメラーゼ II（RPO21）の CTD のリン酸化で、DNA ポリメラーゼ ε の POL2 ではない。正しい組 YCK2 → RPO21 を同じファイルに追加,2026-10-04,本文: Hrr25・Yck2・Yck3・Cmk1・Cmk2・Pho85・Rim11・Ssk2・Sln1 は RNA ポリメラーゼ II の最大サブユニット（Rpb1 = RPO21）の CTD の Thr4 をリン酸化する新しいキナーゼ（試験管内のキナーゼアッセイ）（30598543）,,,,,,,,
YCK3,POL2,phosphorylation,,,,30598543,,high,reject,BioGRID の記録の取り違え: 論文は RNA ポリメラーゼ II（RPO21）の CTD のリン酸化で、DNA ポリメラーゼ ε の POL2 ではない。正しい組 YCK3 → RPO21 を同じファイルに追加,2026-10-04,本文: Hrr25・Yck2・Yck3・Cmk1・Cmk2・Pho85・Rim11・Ssk2・Sln1 は RNA ポリメラーゼ II の最大サブユニット（Rpb1 = RPO21）の CTD の Thr4 をリン酸化する新しいキナーゼ（試験管内のキナーゼアッセイ）（30598543）,,,,,,,,
CMK1,POL2,phosphorylation,,,,30598543,,high,reject,BioGRID の記録の取り違え: 論文は RNA ポリメラーゼ II（RPO21）の CTD のリン酸化で、DNA ポリメラーゼ ε の POL2 ではない。正しい組 CMK1 → RPO21 を同じファイルに追加,2026-10-04,本文: Hrr25・Yck2・Yck3・Cmk1・Cmk2・Pho85・Rim11・Ssk2・Sln1 は RNA ポリメラーゼ II の最大サブユニット（Rpb1 = RPO21）の CTD の Thr4 をリン酸化する新しいキナーゼ（試験管内のキナーゼアッセイ）（30598543）,,,,,,,,
CMK2,POL2,phosphorylation,,,,30598543,,high,reject,BioGRID の記録の取り違え: 論文は RNA ポリメラーゼ II（RPO21）の CTD のリン酸化で、DNA ポリメラーゼ ε の POL2 ではない。正しい組 CMK2 → RPO21 を同じファイルに追加,2026-10-04,本文: Hrr25・Yck2・Yck3・Cmk1・Cmk2・Pho85・Rim11・Ssk2・Sln1 は RNA ポリメラーゼ II の最大サブユニット（Rpb1 = RPO21）の CTD の Thr4 をリン酸化する新しいキナーゼ（試験管内のキナーゼアッセイ）（30598543）,,,,,,,,
YCK2,RPO21,phosphorylation,none,direct,,30598543,,medium,new,CTD の繰り返しの Thr4（試験管内）。体内での働きは Hrr25 で確かめられ、このキナーゼでは示されていない。作用（転写への影響）は書かれていないので none,2026-10-04,本文: Hrr25・Yck2・Yck3・Cmk1・Cmk2・Pho85・Rim11・Ssk2・Sln1 は RNA ポリメラーゼ II の最大サブユニット（Rpb1 = RPO21）の CTD の Thr4 をリン酸化する新しいキナーゼ（試験管内のキナーゼアッセイ）（30598543）,,,in_vitro,,,,activity,
YCK3,RPO21,phosphorylation,none,direct,,30598543,,medium,new,CTD の繰り返しの Thr4（試験管内）。体内での働きは Hrr25 で確かめられ、このキナーゼでは示されていない。作用（転写への影響）は書かれていないので none,2026-10-04,本文: Hrr25・Yck2・Yck3・Cmk1・Cmk2・Pho85・Rim11・Ssk2・Sln1 は RNA ポリメラーゼ II の最大サブユニット（Rpb1 = RPO21）の CTD の Thr4 をリン酸化する新しいキナーゼ（試験管内のキナーゼアッセイ）（30598543）,,,in_vitro,,,,activity,
CMK1,RPO21,phosphorylation,none,direct,,30598543,,medium,new,CTD の繰り返しの Thr4（試験管内）。体内での働きは Hrr25 で確かめられ、このキナーゼでは示されていない。作用（転写への影響）は書かれていないので none,2026-10-04,本文: Hrr25・Yck2・Yck3・Cmk1・Cmk2・Pho85・Rim11・Ssk2・Sln1 は RNA ポリメラーゼ II の最大サブユニット（Rpb1 = RPO21）の CTD の Thr4 をリン酸化する新しいキナーゼ（試験管内のキナーゼアッセイ）（30598543）,,,in_vitro,,,,activity,
CMK2,RPO21,phosphorylation,none,direct,,30598543,,medium,new,CTD の繰り返しの Thr4（試験管内）。体内での働きは Hrr25 で確かめられ、このキナーゼでは示されていない。作用（転写への影響）は書かれていないので none,2026-10-04,本文: Hrr25・Yck2・Yck3・Cmk1・Cmk2・Pho85・Rim11・Ssk2・Sln1 は RNA ポリメラーゼ II の最大サブユニット（Rpb1 = RPO21）の CTD の Thr4 をリン酸化する新しいキナーゼ（試験管内のキナーゼアッセイ）（30598543）,,,in_vitro,,,,activity,
RIM11,RPO21,phosphorylation,none,direct,,30598543,,medium,new,CTD の繰り返しの Thr4（試験管内）。体内での働きは Hrr25 で確かめられ、このキナーゼでは示されていない。作用（転写への影響）は書かれていないので none,2026-10-04,本文: Hrr25・Yck2・Yck3・Cmk1・Cmk2・Pho85・Rim11・Ssk2・Sln1 は RNA ポリメラーゼ II の最大サブユニット（Rpb1 = RPO21）の CTD の Thr4 をリン酸化する新しいキナーゼ（試験管内のキナーゼアッセイ）（30598543）,,,in_vitro,,,,activity,
SSK2,RPO21,phosphorylation,none,direct,,30598543,,medium,new,CTD の繰り返しの Thr4（試験管内）。体内での働きは Hrr25 で確かめられ、このキナーゼでは示されていない。作用（転写への影響）は書かれていないので none,2026-10-04,本文: Hrr25・Yck2・Yck3・Cmk1・Cmk2・Pho85・Rim11・Ssk2・Sln1 は RNA ポリメラーゼ II の最大サブユニット（Rpb1 = RPO21）の CTD の Thr4 をリン酸化する新しいキナーゼ（試験管内のキナーゼアッセイ）（30598543）,,,in_vitro,,,,activity,
SLN1,RPO21,phosphorylation,none,direct,,30598543,,medium,new,CTD の繰り返しの Thr4（試験管内）。体内での働きは Hrr25 で確かめられ、このキナーゼでは示されていない。作用（転写への影響）は書かれていないので none,2026-10-04,本文: Hrr25・Yck2・Yck3・Cmk1・Cmk2・Pho85・Rim11・Ssk2・Sln1 は RNA ポリメラーゼ II の最大サブユニット（Rpb1 = RPO21）の CTD の Thr4 をリン酸化する新しいキナーゼ（試験管内のキナーゼアッセイ）（30598543）,,,in_vitro,,,,activity,
