source_protein,target_protein,interaction_type,effect,direct,condition,pmids,evidence,confidence,status,note,verified_on,verified_note,partner,site,evidence_kind,necessity,redundant_with,strength,layer,timing,fill_pmid,fill_evidence
TRS85,YPT1,activation,activate,direct,,20375281;23129774,,high,new,GEF（TRAPPIII の Trs85 サブユニット）。オートファジーの開始,2026-10-04,要旨: TRAPPIII はオートファジーに特異的な Ypt1 の GEF で、Trs85 サブユニットがこの GEF を PAS に向かわせる（20375281）。Trs85 は Atg9 に直接結合し、Trs85 を含む TRAPPIII が Ypt1 を Atg9 小胞に載せる（23129774）,,,in_vivo;in_vitro,,,,activity;localization,,,
YPT1,ATG11,binding,activate,direct,通常の増殖,22509044,,high,new,Rab のエフェクター。選択的オートファジー（Cvt 経路）の PAS 形成,2026-10-04,要旨: Atg11 は Ypt1 の下流のエフェクターで、Ypt1-Atg11 の結合が通常の増殖での PAS の形成に必要。Trs85・Ypt1・Atg11 が一緒に選択的オートファジーを調節する（22509044）,,,in_vivo,necessary,,,localization,,,
YPT1,ATG9,binding,activate,indirect,,37635626,,medium,new,Ypt1 は Atg23 との結合を介して Atg9 小胞を PAS に呼び込む（間接）,2026-10-04,要旨: Ypt1 は Atg23・Atg17 に結合する。Ypt1-Atg23 の結合を壊すと Atg9 と Atg11・Atg13・Atg17 の結合が減り、Atg9 小胞が PAS に集まらない（37635626）,,,in_vivo,necessary,,,localization,,,
ATG9,TRS85,binding,activate,direct,,23129774,,high,new,Atg9 小胞が TRAPPIII を PAS に運ぶ,2026-10-04,要旨: Atg9 小胞の主な成分は Atg9 と Atg27 で、Trs85 と Ypt1 も含まれる。Trs85 は Atg9 に直接結合し、Trs85 と Ypt1 は Atg9 に依存して PAS に局在する（23129774）,,,in_vivo,necessary,,,localization,,,
ATG9,YPT1,binding,activate,indirect,,23129774,,medium,new,Atg9 小胞が Ypt1 を PAS に運ぶ（Trs85 を介する）,2026-10-04,要旨: Trs85 を含む TRAPPIII が Ypt1 を Atg9 小胞に載せ、Trs85 と Ypt1 は Atg9 に依存して PAS に局在する（23129774）,,,in_vivo,necessary,,,localization,,,
ATG13,ATG9,binding,activate,direct,,25737544,,high,new,Atg13 の HORMA ドメインが Atg9 小胞を PAS に呼び込む,2026-10-04,要旨: Atg13 の HORMA ドメインは Atg9 に結合する。Atg9 に結合できない HORMA 変異体では Atg9 小胞の PAS への局在が損なわれ、飢餓で誘導されるオートファジーが強く損なわれる（25737544）,,,in_vivo,necessary,,strong,localization,,,
ATG17,ATG9,binding,activate,direct,ラパマイシン,19371383;26753620,,high,new,飢餓で誘導されるオートファジーでの Atg9 の PAS への集合（Cvt 経路では Atg11 が担う）,2026-10-04,要旨: オートファジーを誘導する条件では Atg9 は Atg17 に依存して PAS に集まり、Atg9 と Atg17 はラパマイシン存在下で結合する。この結合には Atg1 が要るがキナーゼ活性は要らない（19371383）。試験管内で Atg17 は Atg9 を認識して Atg1 キナーゼ複合体を膜に向かわせる（26753620）,ATG1,,in_vivo;in_vitro,necessary,,,localization,,,
ATG11,ATG9,binding,activate,direct,,17178909;17192412,,high,new,選択的オートファジー（Cvt 経路）での Atg9 の PAS への運搬,2026-10-04,要旨: Atg11 は Atg9 に結合し、選択的オートファジーで Atg9 の PAS への循環を担う。Atg11 の PAS への局在にはアクチン骨格が要る（17178909）。prApe1 を液胞に運ぶには Atg11-Atg9 の結合が不可欠（17192412）,,,in_vivo,necessary,,,localization,,,
ATG32,ATG11,binding,activate,direct,,31356628;21757540,,high,new,マイトファジーの受容体が Atg11 を活性化（二量体化を促す）,2026-10-04,要旨: 受容体 Atg32 は Atg11 の二量体化を促して活性化し、活性化した Atg11 が Atg9 小胞をつなぎとめる。Atg32 を増やすと Atg11 が活性化しマイトファジーが進む（31356628）。マイトファジーの誘導で Atg32 の S114・S119 がリン酸化され、Atg11-Atg32 の結合を仲立ちする（21757540）,,,in_vivo;in_vitro,,,,activity,,,
ATG19,ATG1,binding,activate,indirect,通常の増殖,26166702,,medium,new,Cvt 経路。prApe1 を載せた Atg19 が Atg11 を足場に Atg1 を活性化（間接）,2026-10-04,要旨: 栄養のある条件では Atg1 は凝集体・受容体・足場の Atg11 からなる複合体の中でだけ活性をもつ。精製した受容体結合凝集体と Atg11 で Atg1 を活性化できた（26166702 要旨）。本文: pApe1-Atg19 複合体が栄養のある細胞で Atg1 の活性を制御する,ATG11,,in_vivo;in_vitro,necessary,,,activity,,,
ATG36,ATG1,binding,activate,indirect,,26166702,,medium,new,ペキソファジー。Atg36 が Atg11 を介して Atg1 を活性化（間接）,2026-10-04,要旨: 傷んだペルオキシソームも別の受容体と Atg11 で Atg1 を活性化する（26166702 要旨）。本文: Atg36 に結合した傷んだペルオキシソームは Atg11 を使って Atg1 の活性化を伝える,ATG11,,in_vivo;in_vitro,,,,activity,,,
VPS34,ATG18,activation,activate,indirect（PI3P を介する）,,15155809;18586673,,high,new,PI3P を介する（Vps34 がつくる PI3P に Atg18 が結合）,2026-10-04,要旨: Atg18・Atg21 の局在には Vps34 の活性が要る（15155809）。Atg18 の PI3P 結合が Atg18-Atg2 複合体をオートファジー膜に向かわせ、全活性に必要（18586673）,,,in_vivo,necessary,,,localization,,,
VPS34,ATG21,activation,activate,indirect（PI3P を介する）,,15155809;36076954,,medium,new,PI3P を介する（Atg21 は PI3P 結合タンパク質）,2026-10-04,要旨: Atg18・Atg21 の局在には Vps34 の活性が要る（15155809）。PI3K-PI3P-Atg21-Atg16 の順につながる働きの上流を Vps21 が調節する（36076954）,,,in_vivo,necessary,,,localization,,,
ATG21,ATG8,binding,activate,direct,,15155809;25691244,,high,new,Cvt 経路で必要（窒素飢餓のオートファジーには不要）。Atg8 の脂質化の場所を決める,2026-10-04,要旨: Atg21 は Cvt 経路に必要で窒素飢餓のオートファジーには不要。Atg21 を欠くと Atg8 が PAS から消え、PE への結合が遅くなる（15155809）。Atg21 は PI3P で PAS に結合し、Atg16 と Atg8 に直接結合して脂質化の場所を決める（25691244）,,,in_vivo;in_vitro,necessary,,,localization;activity,,,
ATG21,ATG16,binding,activate,direct,,27560294,,high,new,PI3P に結合した Atg21 が E3 様複合体を PAS に呼び込む,2026-10-04,要旨: Atg21 は 2 か所で PAS の PI3P に結合し、Atg8 と Atg16（E3 様複合体 Atg12-Atg5-Atg16 の一部）を呼び込んで配置する（27560294）,,,in_vivo;in_vitro,,,,localization,,,
ATG9,ATG2,binding,activate,direct,,29848619,,high,new,隔離膜の先端と小胞体の接触部位をつくる,2026-10-04,要旨: Atg2 は脂質結合で Atg9 とは独立にオートファゴソーム膜に付くが、Atg9 との結合が隔離膜の先端への集中とその後の Atg18 の結合に要る。Atg2-Atg9 の結合を壊すとオートファジーが強く損なわれる（29848619）,,,in_vivo,necessary,,strong,localization,,,
ATG2,ATG18,binding,activate,direct,,30254161;29848619,,medium,new,Atg2-Atg18 複合体の PAS への集合,2026-10-04,要旨: Atg2 の C 末端の両親媒性ヘリックスが膜に結合し、Atg18 の PI3P への結合を助けて Atg2-Atg18 複合体を PAS に向かわせる（30254161）。Atg9 に結合した Atg2 が隔離膜の先端に集まり、そこに Atg18 が続いて結合する（29848619）,,,in_vivo,,,,localization,,,
ATG16,ATG8,binding,activate,indirect,,11689437,,medium,new,Atg12-Atg5-Atg16 を介する（Atg8 の脂質化の場所を決める）,2026-10-04,要旨: Atg8 の PAS への局在には Atg8-PE と Atg12-Atg5 の形成が必要で、Vps30・Atg14・Atg9・Atg16 も Atg5 と Atg8 の PAS への局在に必要（11689437）,,,in_vivo,necessary,,,localization,,,
ATG10,ATG5,enzymatic,activate,direct,,10508157,,high,new,E2 として Atg12 を Atg5 に結合させる（ユビキチン様の結合）,2026-10-04,要旨: Atg12 は E1 の Atg7 に活性化されたのち Atg10 の C133 にチオエステルで渡される。Atg10 C133S では Atg12-Atg5 が生じず、オートファジーと Cvt 経路が欠損する（10508157）,,,in_vivo,necessary,,strong,activity,,,
ATG7,ATG10,enzymatic,none,direct,,11100732,,high,flag,E1 から E2 への Atg12 の受け渡し,2026-10-04,信号の流れではない（E1 から E2 への受け渡し）。要旨: Atg7（E1）は Atg12 と Atg8 を活性化し、それぞれ E2 の Atg10 と Atg3 に渡す（11100732）,,,,,,,,,,
ATG7,ATG3,enzymatic,none,direct,,11100732,,high,flag,E1 から E2 への Atg8 の受け渡し,2026-10-04,信号の流れではない（E1 から E2 への受け渡し）。要旨: Atg7（E1）は Atg8 を活性化して E2 の Atg3 に渡す（11100732）,,,,,,,,,,
STE4,STE5,binding,activate,direct,接合,9732267;9832519,,high,new,Gβγ（Ste4-Ste18）が足場 Ste5 を細胞膜へ呼び寄せる,2026-10-04,要旨: フェロモンで Ste5 が細胞表面へ移り、それには Gβγ と Ste5 の Gβγ 結合部位が要る。膜につないだ Ste5 は Gβγ なしで経路を働かせる（9732267）。Ste5 と結合できない Ste4 変異体は Gpa1・Ste18 とは結合するが信号を伝えられず不稔になる（9832519）,STE18,,in_vivo;genetic,necessary,,,localization,,9832519,
STE4,STE20,binding,activate,direct,接合,9428767,,high,new,Gβ が Ste20 の C 末端の Gβ 結合部位に結合する,2026-10-04,要旨: Ste20 の C 末端に Gβ の結合部位があり、その結合はフェロモンで調節される。結合をなくす Gβ や Ste20 の変異は MAP キナーゼ経路の活性化を止める（9428767）,STE18,,in_vivo;genetic,necessary,,,,,9428767,
FAR1,CDC28,inhibition,inhibit,direct,接合・G1 期,8066461,,high,new,Cln と組んだ Cdc28 を直接抑えて G1 期で止める（要旨はサイクリン名を Cln とだけ書く）,2026-10-04,要旨: α 因子による G1 停止には Far1 が要り、Far1 は Cdc28-Cln 複合体と結合して、そのキナーゼ活性を体内と試験管内の両方で直接抑える（8066461）,,,in_vivo;in_vitro,,,,activity,,,
STE5,STE11,binding,activate,direct,接合,8062390;16847350;9501067,,high,new,足場 Ste5 が Ste11 を Ste7・Fus3 と束ね、膜の Ste20 に届けて活性化させる,2026-10-04,要旨: Ste5 は Ste11・Ste7・Fus3 を束ね、Ste11 が働くのに必要（8062390）。Ste5 の PH ドメインによる膜への結合で、Ste5 に結合した Ste11 が膜の Ste20 に活性化される（16847350）。Gβ と Ste5 の LIM ドメインの結合が Ste11 の活性化に必須（9501067）,,,in_vivo;genetic,necessary,,,,,8062390,
CDC24,STE5,binding,activate,direct,接合,15657049,,medium,new,GEF 活性とは別の働きで Ste5 を Gβ（Ste4）の場所へ集める,2026-10-04,要旨: Cdc24 は Ste5 と結合し、Cdc24 がないと Ste5 の核への取り込みと、基礎状態とフェロモンでの膜への集まりが止まり、Ste5-Ste4 複合体が減る。GEF 活性を保つ Cdc24 変異体（G168D）でも Ste5 は集まらない（15657049）,,,in_vivo,,,,localization,,,
GPA1,FUS3,binding,inhibit,direct,接合,12556475;12029138,,medium,new,Gα（Gpa1）が Fus3 に直接結合し、Fus3 の核への集まりを抑えて信号を弱める（順応）。Msg5 と一部依存しあう,2026-10-04,要旨: Gpa1 は Gβγ の捕捉とは別に順応を促す。Gpa1 や Msg5 の過剰発現で、刺激した細胞の核への Fus3-GFP の集まりが抑えられ、Kap104 が要る（12556475）。フェロモンに応答する細胞で Gα は交配の MAPK に直接結合し、信号の調節と走化性に働く（12029138）,,,in_vivo;genetic,,,,localization,,,
CDC42,CLA4,binding,activate,direct,,9271384,,high,new,GTP 型 Cdc42 が PAK の Cla4 を活性化する,2026-10-04,要旨: Cla4 のキナーゼ活性は体内で GTP 型の Cdc42 により活性化され、分裂期近くで最も高い（9271384）,,,in_vivo,,,,activity,,,
CDC42,GIC2,binding,activate,direct,,9367980,,high,new,GTP 型 Cdc42 に CRIB で結合する標的。細胞の極性（アクチン・微小管）に働く,2026-10-04,要旨: Gic1・Gic2 は CRIB を持ち GTP 型 Cdc42 に結合する。Cdc42 と結合できない Gic2 の CRIB 変異では Gic2 の局在と働きが失われる（9367980）,,,in_vivo;genetic,necessary,,,localization,,9367980,
CDC42,GIC1,binding,activate,direct,,9367979,,medium,new,GTP 型 Cdc42 に CRIB で結合する標的。局在には結合が要らない,2026-10-04,要旨: Gic1 は CRIB で GTP 型 Cdc42 に結合し、Cdc42 の経路で正に働く。Cdc42 との結合は Gic1 の働きに大切だが局在には要らない（9367979）,,,genetic,,,,activity,,,
YPS1,MSB2,proteolysis,activate,direct,糸状成長,18591427,,high,new,アスパラギン酸プロテアーゼ Yps1 がムチン Msb2 の細胞外の抑制ドメインを切り、活性型にする,2026-10-04,要旨: Msb2 は分泌型と細胞に残る型に切られる。Yps1 による細胞外抑制ドメインの切断が栄養状態に応じて Msb2 の活性型をつくり、活性型 Msb2 は Sho1 を通して MAPK を活性化する（18591427）,,,in_vivo,,,,activity,,,
BEM1,STE20,binding,activate,direct,,15743816,,medium,new,Bem1 の SH3 が Ste20 の CRIB とキナーゼドメインの間の PxxP に結合し、Cdc42 とは別に Ste20 の信号を助ける,2026-10-04,要旨: Bem1 の結合をなくす Ste20 の PxxP 変異は CRIB 変異と足し合わさって信号を弱め、Bem1 と Cdc42 は Ste20 の働きに別々に寄与する。PxxP 変異は恒常活性型 Ste20 の信号も弱める（15743816）,,,in_vivo;genetic,partial,,,,,15743816,
BEM1,FUS3,activation,activate,,接合,8754808,,medium,new,Bem1 が Ste5 と結合し、Ste5-MAPK 複合体を極性の場所に集めて Fus3 の活性を高める（直接かは不明）,2026-10-04,要旨: bem1 欠失はフェロモンでの G1 停止と転写活性化に欠陥がある。Bem1 は Fus3 の活性を上げ、Ste5（Ste11・Ste7・Fus3 を含む）と結合する（8754808）,,,in_vivo;genetic,,,,activity,,,
RSP5,STE2,ubiquitination,inhibit,direct,,11179425;24820415,,medium,new,Ste2 の C 末端をユビキチン化してエンドサイトーシス（取り込み・液胞での分解）に回し、受容体を減らす。α アレスチン（Ldb19・Rod1）が Rsp5 を Ste2 に呼ぶ,2026-10-04,要旨: rsp5 の温度感受性変異では制限温度で Ste2 のユビキチン化も取り込みも起きない（11179425）。Ste2 は恒常的とリガンド依存の取り込みで減らされ、取り込みには Yck1/2 によるリン酸化と Rsp5 によるユビキチン化が要る。Ldb19・Rod1 が Rsp5 を Ste2 に呼ぶ（24820415）,,,in_vivo;genetic,necessary,,,localization,,11179425,
STE2,SST2,binding,activate,direct,接合,16990133,,medium,new,受容体 Ste2 の C 末端（リン酸化されていない状態）に RGS の Sst2 が DEP ドメインで結合し、Gα の近くに置かれて信号の抑制が進む,2026-10-04,要旨: Sst2 の DEP ドメインが Ste2 への結合を担い、その結合が RGS を基質の Gα の近くに置いて抑制を促す。Sst2 はリン酸化されていない Ste2 の尾部にだけ結合する（16990133）,,,in_vivo,,,,localization,,,
HOG1,TEC1,inhibition,inhibit,indirect,浸透圧ストレス,19218425,,medium,new,HOG 経路が働くと Kss1 はリン酸化されるが、Tec1 の DNA 結合が抑えられて糸状成長の転写は起きない（間接。Tec1 の MAPK 部位は要らない）,2026-10-04,要旨: HOG 経路の活性化で Kss1 と Ste7 はリン酸化されるが、HOG の信号が Tec1 の活性化を妨げるので糸状成長の転写は起きない。仕組みは Tec1 の分解ではなく DNA 結合の抑制で、Hog1 による抑制は間接と見られる（19218425）,,,in_vivo;genetic,,,,activity,,,
STE4,FAR1,binding,activate,direct,接合,9822386;14988725,,medium,new,Gβγ が Far1 を結合して受容体の場所に置き、Far1 が Cdc24 を呼んで交配相手の方向へ極性をつくる,2026-10-04,要旨: Gβγ と結合できない Far1 変異体の細胞は交配相手へ向かって伸びられない（9822386）。Far1 が体内で Cdc24 の活性化因子として働くには Cdc24 と Gβγ への結合が要る（14988725）,STE18,,in_vivo;genetic,necessary,,,localization,,14988725,
MSB2,KSS1,activation,activate,indirect,糸状成長,15256499;18591427,,high,new,シグナルムチン Msb2 が糸状成長経路の先頭で Sho1・Cdc42 を通して Kss1 を活性化する（間接）,2026-10-04,要旨: Msb2 は糸状成長経路に特有の因子で、その経路の MAPK Kss1 の活性化を促し、Cdc42・Sho1 と相互作用する。ムチンドメインを除くと経路が過剰に働く（15256499）。活性型 Msb2 は Sho1 を通して MAPK を活性化する（18591427）,,,in_vivo;genetic,,,,activity,,,
GPA1,VPS34,binding,activate,direct,接合,16839886,,high,new,Gα（Gpa1）がエンドソームで PI3 キナーゼ Vps34-Vps15 に直接結合して PI3P の産生を上げる、フェロモン信号の別の枝,2026-10-04,要旨: 恒常活性型 Gpa1(Q323L) による交配応答には Vps34 と Vps15 が要る。Gpa1 はエンドソームにあり、Vps34・Vps15 に直接結合して PI3P の産生を上げる（16839886）,VPS15,,in_vivo;in_vitro;genetic,,,,activity,,,
KSS1,TEC1,activation,activate,direct,侵入性増殖,19826484;15558284,,medium,new,Kss1 の活性化で Tec1 の SUMO 化が減り転写活性が上がる。15558284 では主に TEC1 の発現を通した制御とされる（層が論文で分かれる）,2026-10-04,要旨: Kss1 の活性化は Tec1 の SUMO 化を減らし、Tec1 の転写活性を上げる（19826484）。侵入性増殖のとき Kss1 は主に TEC1 の発現を通して Tec1 の働きを制御し、Fus3 とは違い Tec1 を分解に回さない（15558284）,,,in_vivo,,,,activity,,,
CDC42,STE50,binding,activate,direct,侵入性増殖,16428446,,medium,new,Ste50 の RA ドメインが Cdc42（Ste20 と別の面）に結合し、Ste11 を細胞膜に運ぶ（侵入性増殖・HOG 経路）,2026-10-04,要旨: Ste50 の RA ドメインは侵入性増殖と HOG の信号に必須で、試験管内で Ras2 ではなく Cdc42 に結合する。RA ドメインは Cdc42 の膜結合配列で置き換えられ、Ste50 は Cdc42 との結合で Ste11 を膜につなぎ活性化した Ste20 と出会わせる（16428446）,,,in_vitro;genetic,,,,localization,,,
YCK1,STE3,phosphorylation,inhibit,,,10866691,,medium,new,a 因子受容体 Ste3 の取り込み（ユビキチン化・液胞での分解）に要る。Ste3 の PEST 様シグナルのリン酸化を担う「かもしれない」とされ、直接かは不明,2026-10-04,要旨: Ste3 のユビキチン化はリガンド非依存の速い取り込みと液胞での分解を起こす。Akr1 や重複する Yck1・Yck2 の変異はユビキチン化を止めて取り込みを止める。Ste3 の欠失変異体のリン酸化にも欠陥がある（10866691）,,,in_vivo;genetic,,YCK2,,localization,,,
YCK2,STE3,phosphorylation,inhibit,,,10866691,,medium,new,a 因子受容体 Ste3 の取り込み（ユビキチン化・液胞での分解）に要る。Ste3 の PEST 様シグナルのリン酸化を担う「かもしれない」とされ、直接かは不明,2026-10-04,要旨: Ste3 のユビキチン化はリガンド非依存の速い取り込みと液胞での分解を起こす。Akr1 や重複する Yck1・Yck2 の変異はユビキチン化を止めて取り込みを止める。Ste3 の欠失変異体のリン酸化にも欠陥がある（10866691）,,,in_vivo;genetic,,YCK1,,localization,,,
MTH1,RGT1,binding,activate,direct,,15489524;23468525,,high,new,Mth1 は Rgt1 の補助抑制因子。グルコースがないとき Rgt1 に結合して HXT 遺伝子の抑制を可能にし、Ssn6-Tup1 を Rgt1 へ呼び込む。グルコースで Mth1 が分解されると Rgt1 は PKA にリン酸化されて抑制が外れる,2026-10-04,要旨: Mth1 は Rgt1 に結合し、分子内の相互作用（とおそらくリン酸化）を防いで Rgt1 が DNA に結合して抑制できるようにする（15489524）。Mth1 は Ssn6-Tup1 を Rgt1 へ呼び込む補助抑制因子で、Rgt1 の PKA によるリン酸化を妨げる（23468525）,,,in_vivo;genetic,,STD1,,activity,,,
STD1,RGT1,binding,activate,direct,,14508605,,medium,new,Std1 は Mth1 の paralog で、グルコースがないとき Rgt1 と結合して HXT 遺伝子の抑制を支える。Mth1 と働きを分け合う（std1 mth1 の二重変異で抑制がなくなる）,2026-10-04,要旨: Rgt1 はグルコースがないときだけ Std1・Mth1 と two-hybrid で結合し体内で共沈する。std1 mth1 の二重変異で Rgt1 による HXT の抑制がなくなり、Rgt1 は常にリン酸化された状態になる（14508605）,,,in_vivo;genetic,necessary,MTH1,,activity,,,
GRR1,MTH1,ubiquitination,inhibit,direct,グルコースの再添加,12925759;15456873,,high,new,SCF-Grr1 が、Yck1/2 にリン酸化された Mth1 を認識してユビキチン化し、プロテアソームで分解させる。その結果 Rgt1 がリン酸化され HXT 遺伝子が誘導される,2026-10-04,要旨: グルコースで Mth1 は Grr1 に依存してすばやく消え、std1 mth1 を欠くと Grr1 の必要がなくなる（12925759）。Mth1 は体内でユビキチン化されプロテアソームで分解され、リン酸化型 Mth1 は Grr1 の LRR に結合する（15456873）,SKP1;CDC53,,in_vivo;genetic,necessary,,,stability,,,
RGT2,MTH1,inhibition,inhibit,indirect,グルコースの再添加,20205947;16400179,,high,new,グルコースセンサー Rgt2（高濃度のグルコース）が出す信号で Mth1 が分解される。Yck1/2 と SCF-Grr1 を介し、分解は核で起こる。Snf3 と重なって働く,2026-10-04,要旨: 高濃度のグルコースは Rgt2/Snf3 の経路を通じて Mth1 を分解させ、rgt2 snf3 では GFP-Mth1 が核にたまる（20205947）。Snf3 と Rgt2 はグルコースがあると Std1・Mth1 の働きを抑える信号を出す（16400179）,,,in_vivo;genetic,,SNF3,,stability,,,
SNF3,MTH1,inhibition,inhibit,indirect,グルコースの再添加,20205947;16400179,,high,new,グルコースセンサー Snf3（低濃度のグルコースに応じる）が出す信号で Mth1 が分解される。Yck1/2 と SCF-Grr1 を介する。Rgt2 と重なって働く,2026-10-04,要旨: 高濃度のグルコースは Rgt2/Snf3 の経路を通じて Mth1 を分解させ、rgt2 snf3 では GFP-Mth1 が核にたまる（20205947）。Snf3 と Rgt2 はグルコースがあると Std1・Mth1 の働きを抑える信号を出す（16400179）,,,in_vivo;genetic,,RGT2,,stability,,,
TPK1,ICL1,inhibition,inhibit,直接かは不明,グルコースの再添加,8641464,,medium,new,グルコースによるイソクエン酸リアーゼ Icl1 の不活性化（短時間の可逆的なものと長時間の分解）に PKA の Tpk1・Tpk2 が関わる。T53 のリン酸化がおそらく関わる（推定）,2026-10-04,要旨: Tpk1 と Tpk2 はグルコースによる Icl の短時間・長時間の不活性化の信号に関わり、T53 は短時間の可逆的な不活性化に必要（おそらくリン酸化による）（8641464）,,,in_vivo;genetic,,TPK2,,activity,,,
TPK2,ICL1,inhibition,inhibit,直接かは不明,グルコースの再添加,8641464,,medium,new,グルコースによるイソクエン酸リアーゼ Icl1 の不活性化（短時間の可逆的なものと長時間の分解）に PKA の Tpk1・Tpk2 が関わる。T53 のリン酸化がおそらく関わる（推定）,2026-10-04,要旨: Tpk1 と Tpk2 はグルコースによる Icl の短時間・長時間の不活性化の信号に関わり、T53 は短時間の可逆的な不活性化に必要（おそらくリン酸化による）（8641464）,,,in_vivo;genetic,,TPK1,,activity,,,
RMD5,FBP1,ubiquitination,inhibit,direct,グルコースの再添加,18508925,,high,new,Gid2/Rmd5 は GID 複合体（E3）の RING サブユニット。グルコースを加えると Gid4/Vid24 が加わり Fbp1 をポリユビキチン化してプロテアソームで分解させる（カタボライト分解）,2026-10-04,要旨: Gid2/Rmd5 の退化した RING ドメインの変異で、体内での Fbp1 のポリユビキチン化と消失がなくなる。GST-Gid2 は試験管内でポリユビキチン化を起こす（18508925）,VID24;VID30;FYV10,,in_vivo;in_vitro;genetic,necessary,,,stability,,,
UBC8,FBP1,ubiquitination,inhibit,direct,グルコースの再添加,10811607,,medium,new,Ubc8（Gid3）は GID 複合体と組む E2。グルコースで起こる Fbp1 のユビキチン化とプロテアソームでの分解に関わる,2026-10-04,要旨: Ubc8（Gid3）はグルコースで起こる FBPase のユビキチン化に関わり、これがプロテアソームでのカタボライト分解の前提（10811607）,RMD5,,in_vivo;genetic,necessary,,,stability,,,
CDC48,FBP1,other,inhibit,直接かは不明,グルコースの再添加,20206597,,medium,new,Cdc48-Ufd1-Npl4 と Dsk2・Rad23 は、ポリユビキチン化された Fbp1 をプロテアソームへ渡すのに必要（カタボライト分解）,2026-10-04,要旨: Fbp1 の分解には Cdc48-Ufd1-Npl4 とユビキチン受容体 Dsk2・Rad23 が必要で、ポリユビキチン化とプロテアソームでの分解の間で働く（20206597）,UFD1;NPL4,,in_vivo;genetic,necessary,,,stability,,,
ESA1,PCK1,acetylation,activate,direct,,19303850,,high,new,NuA4（Esa1）が Pck1 の K19・K514 をアセチル化する。K514 のアセチル化は酵素活性と非発酵性炭素源での増殖に必要。Sir2 が脱アセチル化する,2026-10-04,要旨: NuA4 の非クロマチン基質として Pck1 が見つかり、K514 のアセチル化は酵素活性と非発酵性炭素源での増殖に必要。Sir2 は Pck1 を脱アセチル化する（19303850）,,K19;K514,in_vivo;in_vitro,necessary,,,activity,,19303850,
ROD1,HXT1,other,inhibit,direct,薬剤・化学物質,25547292,,medium,new,α-アレスチン Rod1/Art4 が Rsp5 を呼んで Hxt1 のエンドサイトーシスと液胞での分解を起こす（2-デオキシグルコースで）。Snf1 が Rod1 を抑える,2026-10-04,要旨: 2DG で起こる Hxt1・Hxt3 の輸送（エンドサイトーシスと液胞での分解）には Rod1 と Rog3 が必要で、Rsp5 に結合できない変異では起こらない（25547292）,RSP5,,in_vivo;genetic,necessary,ROG3,,localization,,,
ROD1,HXT3,other,inhibit,direct,薬剤・化学物質,25547292,,medium,new,α-アレスチン Rod1/Art4 が Rsp5 を呼んで Hxt3 のエンドサイトーシスと液胞での分解を起こす（2-デオキシグルコースで）。Snf1 が Rod1 を抑える,2026-10-04,要旨: 2DG で起こる Hxt1・Hxt3 の輸送（エンドサイトーシスと液胞での分解）には Rod1 と Rog3 が必要で、Rsp5 に結合できない変異では起こらない（25547292）,RSP5,,in_vivo;genetic,necessary,ROG3,,localization,,,
ROG3,HXT1,other,inhibit,direct,薬剤・化学物質,25547292,,medium,new,α-アレスチン Rog3/Art7 が Rsp5 を呼んで Hxt1 のエンドサイトーシスと液胞での分解を起こす（2-デオキシグルコースで）。Snf1 が Rog3 を抑える,2026-10-04,要旨: 2DG で起こる Hxt1・Hxt3 の輸送（エンドサイトーシスと液胞での分解）には Rod1 と Rog3 が必要で、Rsp5 に結合できない変異では起こらない（25547292）,RSP5,,in_vivo;genetic,necessary,ROD1,,localization,,,
ROG3,HXT3,other,inhibit,direct,薬剤・化学物質,25547292,,medium,new,α-アレスチン Rog3/Art7 が Rsp5 を呼んで Hxt3 のエンドサイトーシスと液胞での分解を起こす（2-デオキシグルコースで）。Snf1 が Rog3 を抑える,2026-10-04,要旨: 2DG で起こる Hxt1・Hxt3 の輸送（エンドサイトーシスと液胞での分解）には Rod1 と Rog3 が必要で、Rsp5 に結合できない変異では起こらない（25547292）,RSP5,,in_vivo;genetic,necessary,ROD1,,localization,,,
RSP5,HXT3,other,inhibit,直接かは不明,炭素源飢餓,23227176,,medium,new,グルコース飢餓での Hxt3 のエンドサイトーシスと液胞での分解に E3 の Rsp5 が必要。Hxt3 のユビキチン化そのものは示されていない,2026-10-04,要旨: グルコース飢餓での Hxt3 と、ラパマイシン・窒素制限での Hxt7 の分解は、どちらも Rsp5 に依存する（23227176）,,,in_vivo;genetic,necessary,,,stability,,,
RSP5,HXT7,other,inhibit,直接かは不明,ラパマイシン・窒素飢餓,23227176,,medium,new,ラパマイシン・窒素制限での Hxt7 のエンドサイトーシスと液胞での分解に E3 の Rsp5 が必要。Hxt7 のユビキチン化そのものは示されていない,2026-10-04,要旨: グルコース飢餓での Hxt3 と、ラパマイシン・窒素制限での Hxt7 の分解は、どちらも Rsp5 に依存する（23227176）,,,in_vivo;genetic,necessary,,,stability,,,
RAS2,HXT3,inhibition,activate,indirect,炭素源飢餓,23227176,,medium,new,Ras2（と PKA）が働く間は Hxt3 の分解が起こらない。グルコース飢餓で Ras2・PKA が止まると Rim15 を介して Hxt3 が分解される,2026-10-04,要旨: Hxt3 の分解には Ras2 と PKA の不活性化が、Hxt7 の分解には TORC1 と Ras2 の不活性化が必要。Rim15 が両方の分解の下流の担い手（23227176）,,,in_vivo;genetic,,,,stability,,,
RAS2,HXT7,inhibition,activate,indirect,ラパマイシン・窒素飢餓,23227176,,medium,new,Ras2（と TORC1）が働く間は Hxt7 の分解が起こらない。ラパマイシン・窒素制限で止まると Rim15 を介して Hxt7 が分解される,2026-10-04,要旨: Hxt3 の分解には Ras2 と PKA の不活性化が、Hxt7 の分解には TORC1 と Ras2 の不活性化が必要。Rim15 が両方の分解の下流の担い手（23227176）,,,in_vivo;genetic,,,,stability,,,
RIM15,HXT3,other,inhibit,indirect,炭素源飢餓,23227176,,medium,new,TORC1・PKA に抑えられる Rim15 が、グルコース飢餓での Hxt3 の分解の信号を伝える,2026-10-04,要旨: Rim15 は TORC1 と Ras/cAMP/PKA に抑えられるキナーゼで、Hxt3・Hxt7 の分解の信号の下流の担い手（23227176）,,,in_vivo;genetic,,,,stability,,,
RIM15,HXT7,other,inhibit,indirect,ラパマイシン・窒素飢餓,23227176,,medium,new,TORC1・PKA に抑えられる Rim15 が、ラパマイシン・窒素制限での Hxt7 の分解の信号を伝える,2026-10-04,要旨: Rim15 は TORC1 と Ras/cAMP/PKA に抑えられるキナーゼで、Hxt3・Hxt7 の分解の信号の下流の担い手（23227176）,,,in_vivo;genetic,,,,stability,,,
GPB2,TPK1,binding,inhibit,direct,,16924114;16278446,,medium,new,ケルチ反復タンパク質 GPB2（Krh1）は PKA の触媒サブユニットに結合し、Bcy1 との結合を強めて cAMP によらず PKA を抑える。活性型 Gpa2 がこの抑制を外す（モデル）。16924114 は Tpk1-3 を区別しない。16278446 は Tpk1-3 のどれか 1 つだけをもつ細胞で gpb1 gpb2 の欠失が効くことから、3 つのどれも抑えうるとする,2026-10-04,要旨: Krh1 は触媒サブユニットを介して PKA に直接結合し、Krh1/2 は体内で触媒と調節サブユニットの結合を強める。Krh1/2 による PKA 標的の強い抑制は Gpa2 によらず、触媒・調節サブユニットの両方に依存する（16924114）。gpb1 gpb2 の欠失は Tpk1-3 のどれか 1 つだけをもつ細胞でも侵入性増殖を増やし、Sfl1・Msn2 のリン酸化を高める（cAMP によらない）（16278446）,BCY1,,in_vivo;genetic,,GPB1,,activity,,,
GPB2,TPK2,binding,inhibit,direct,,16924114;16278446,,medium,new,ケルチ反復タンパク質 GPB2（Krh1）は PKA の触媒サブユニットに結合し、Bcy1 との結合を強めて cAMP によらず PKA を抑える。活性型 Gpa2 がこの抑制を外す（モデル）。16924114 は Tpk1-3 を区別しない。16278446 は Tpk1-3 のどれか 1 つだけをもつ細胞で gpb1 gpb2 の欠失が効くことから、3 つのどれも抑えうるとする,2026-10-04,要旨: Krh1 は触媒サブユニットを介して PKA に直接結合し、Krh1/2 は体内で触媒と調節サブユニットの結合を強める。Krh1/2 による PKA 標的の強い抑制は Gpa2 によらず、触媒・調節サブユニットの両方に依存する（16924114）。gpb1 gpb2 の欠失は Tpk1-3 のどれか 1 つだけをもつ細胞でも侵入性増殖を増やし、Sfl1・Msn2 のリン酸化を高める（cAMP によらない）（16278446）,BCY1,,in_vivo;genetic,,GPB1,,activity,,,
GPB2,TPK3,binding,inhibit,direct,,16924114;16278446,,medium,new,ケルチ反復タンパク質 GPB2（Krh1）は PKA の触媒サブユニットに結合し、Bcy1 との結合を強めて cAMP によらず PKA を抑える。活性型 Gpa2 がこの抑制を外す（モデル）。16924114 は Tpk1-3 を区別しない。16278446 は Tpk1-3 のどれか 1 つだけをもつ細胞で gpb1 gpb2 の欠失が効くことから、3 つのどれも抑えうるとする,2026-10-04,要旨: Krh1 は触媒サブユニットを介して PKA に直接結合し、Krh1/2 は体内で触媒と調節サブユニットの結合を強める。Krh1/2 による PKA 標的の強い抑制は Gpa2 によらず、触媒・調節サブユニットの両方に依存する（16924114）。gpb1 gpb2 の欠失は Tpk1-3 のどれか 1 つだけをもつ細胞でも侵入性増殖を増やし、Sfl1・Msn2 のリン酸化を高める（cAMP によらない）（16278446）,BCY1,,in_vivo;genetic,,GPB1,,activity,,,
GPB1,TPK1,binding,inhibit,direct,,16924114;16278446,,medium,new,ケルチ反復タンパク質 GPB1（Krh2）は PKA の触媒サブユニットに結合し、Bcy1 との結合を強めて cAMP によらず PKA を抑える。活性型 Gpa2 がこの抑制を外す（モデル）。16924114 は Tpk1-3 を区別しない。16278446 は Tpk1-3 のどれか 1 つだけをもつ細胞で gpb1 gpb2 の欠失が効くことから、3 つのどれも抑えうるとする,2026-10-04,要旨: Krh1 は触媒サブユニットを介して PKA に直接結合し、Krh1/2 は体内で触媒と調節サブユニットの結合を強める。Krh1/2 による PKA 標的の強い抑制は Gpa2 によらず、触媒・調節サブユニットの両方に依存する（16924114）。gpb1 gpb2 の欠失は Tpk1-3 のどれか 1 つだけをもつ細胞でも侵入性増殖を増やし、Sfl1・Msn2 のリン酸化を高める（cAMP によらない）（16278446）,BCY1,,in_vivo;genetic,,GPB2,,activity,,,
GPB1,TPK2,binding,inhibit,direct,,16924114;16278446,,medium,new,ケルチ反復タンパク質 GPB1（Krh2）は PKA の触媒サブユニットに結合し、Bcy1 との結合を強めて cAMP によらず PKA を抑える。活性型 Gpa2 がこの抑制を外す（モデル）。16924114 は Tpk1-3 を区別しない。16278446 は Tpk1-3 のどれか 1 つだけをもつ細胞で gpb1 gpb2 の欠失が効くことから、3 つのどれも抑えうるとする,2026-10-04,要旨: Krh1 は触媒サブユニットを介して PKA に直接結合し、Krh1/2 は体内で触媒と調節サブユニットの結合を強める。Krh1/2 による PKA 標的の強い抑制は Gpa2 によらず、触媒・調節サブユニットの両方に依存する（16924114）。gpb1 gpb2 の欠失は Tpk1-3 のどれか 1 つだけをもつ細胞でも侵入性増殖を増やし、Sfl1・Msn2 のリン酸化を高める（cAMP によらない）（16278446）,BCY1,,in_vivo;genetic,,GPB2,,activity,,,
GPB1,TPK3,binding,inhibit,direct,,16924114;16278446,,medium,new,ケルチ反復タンパク質 GPB1（Krh2）は PKA の触媒サブユニットに結合し、Bcy1 との結合を強めて cAMP によらず PKA を抑える。活性型 Gpa2 がこの抑制を外す（モデル）。16924114 は Tpk1-3 を区別しない。16278446 は Tpk1-3 のどれか 1 つだけをもつ細胞で gpb1 gpb2 の欠失が効くことから、3 つのどれも抑えうるとする,2026-10-04,要旨: Krh1 は触媒サブユニットを介して PKA に直接結合し、Krh1/2 は体内で触媒と調節サブユニットの結合を強める。Krh1/2 による PKA 標的の強い抑制は Gpa2 によらず、触媒・調節サブユニットの両方に依存する（16924114）。gpb1 gpb2 の欠失は Tpk1-3 のどれか 1 つだけをもつ細胞でも侵入性増殖を増やし、Sfl1・Msn2 のリン酸化を高める（cAMP によらない）（16278446）,BCY1,,in_vivo;genetic,,GPB2,,activity,,,
RTS1,GLC7,activation,activate,直接かは不明,グルコースの再添加,22290422,,medium,new,グルコースを加えると PP1（Glc7）が翻訳後に活性化され、その活性化は PP2A の調節サブユニット Rts1 に依存する。Rts1 は Reg1 に依存して Glc7 と結合する,2026-10-04,要旨: グルコースを加えると PP2A と PP1 がすばやく活性化される。PP1 の活性化は Reg1・Shp1 に完全に依存し、PP2A のサブユニット Rts1 にも依存する。Rts1 は Pph21 とも Glc7 とも結合し、これは Reg1 に依存する（22290422）,REG1,,in_vivo;genetic,necessary,,,activity,,,
RFA1,LCD1,binding,activate,direct,DNA 損傷,36996117;29033322,,high,new,RPA（Rfa1 の N 末端）が一本鎖 DNA の上で Ddc2 と結合し、Mec1-Ddc2 を損傷の場所に呼び込む。Rfa1 のリン酸化がさらに呼び込みを助ける（36996117）,2026-10-04,要旨: Mec1-Ddc2 は Ddc2 を介して RPA に呼び込まれて一本鎖 DNA を感知する（36996117）。Ddc2-Rfa1 の N 末端の共結晶構造を示し、RPA に依存した呼び込みが一本鎖 DNA の上での Mec1-Ddc2 の二量体の維持に欠かせず、Ddc2 の呼び込みドメインが紫外線への耐性に要る（29033322）,RFA2;RFA3,,structural;in_vivo,necessary,,,localization,,29033322,
DPB11,MEC1,activation,activate,direct,DNA 損傷,21946560;18541674;18922789,,high,new,Dpb11（TopBP1）が Mec1-Ddc2 に結合してキナーゼを活性化する。9-1-1（Ddc1）と別に、相乗的に働く。G1 期では要らない（20005839）,2026-10-04,要旨: Dpb11 は Mec1 に結合して活性化する仲介因子（21946560）。生体内で Dpb11 は Mec1 の完全な活性化に寄与する（18541674）。Dpb11 と 9-1-1 は独立に Mec1 を活性化し、両方そろうと相乗的に強まる（18922789）,,,in_vivo;in_vitro;genetic,partial,DDC1,,activity,,,
DDC1,DPB11,binding,activate,direct,DNA 損傷・G2 期,20005839;18541674,,high,new,Ddc1 の C 末端の T602 がリン酸化されると Dpb11 が結合して損傷の場所に呼び込まれ、Mec1 を活性化する（G2 期の経路）。G1 期では Dpb11 は要らない,2026-10-04,要旨: G2 期では 9-1-1 が 2 通りで Mec1 を活性化し、その一つは Ddc1 の T602 のリン酸化による Dpb11 の呼び込み（20005839）。DNA 損傷のあとの Dpb11 のリン酸化は ddc1-T602A 変異で失われる（18541674）,,,in_vivo;genetic,necessary,,,localization,,20005839,
CDC55,DDC1,inhibition,inhibit,direct,DNA 損傷,38007689,,medium,new,PP2A-Cdc55 が Ddc1 に結合し、T602 がリン酸化された Ddc1 を Dpb11 が認識するのを妨げて 9-1-1 の軸の活性化を抑える（チェックポイントを止める側）。脱リン酸化かどうかは要旨に書かれていない,2026-10-04,要旨: 機能を失う変異と過剰に働く変異の両方から、PP2A の Cdc55・Tpd3 サブユニットが 9-1-1 の軸の活性化を打ち消すことを示した。この働きは Cdc55 が Ddc1 と結合し、Ddc1-Dpb11 複合体の形成を妨げることによる（38007689）,TPD3,,in_vivo;genetic,,,,activity,,,
TPD3,DDC1,inhibition,inhibit,直接かは不明,DNA 損傷,38007689,,medium,new,PP2A-Cdc55 が Ddc1 に結合し、T602 がリン酸化された Ddc1 を Dpb11 が認識するのを妨げて 9-1-1 の軸の活性化を抑える（チェックポイントを止める側）。脱リン酸化かどうかは要旨に書かれていない,2026-10-04,要旨: 機能を失う変異と過剰に働く変異の両方から、PP2A の Cdc55・Tpd3 サブユニットが 9-1-1 の軸の活性化を打ち消すことを示した。この働きは Cdc55 が Ddc1 と結合し、Ddc1-Dpb11 複合体の形成を妨げることによる（38007689）,CDC55,,in_vivo;genetic,,,,activity,,,
DPB11,RAD9,binding,activate,direct,DNA 損傷,21946560;18541674,,high,new,CDK でリン酸化された Rad9 に Dpb11 の BRCT が結合し、Dpb11-Mec1-Rad9 の三者複合体で Mec1 が Rad9 を効率よくリン酸化する。CDK が働かない G1 期ではこの経路は働きにくい,2026-10-04,要旨: Dpb11・Mec1・Rad9 の三者複合体が、試験管内で Mec1 による Rad9 の効率のよいリン酸化に、生体内でチェックポイントの活性化に必要（21946560）。生体内で Dpb11 は Dot1 と協調して Rad9 のリン酸化を促す（18541674）,MEC1,,in_vivo;in_vitro,necessary,DOT1,,activity,,21946560,
DOT1,RAD9,activation,activate,indirect（ヒストン H3 K79 のメチル化を介する）,DNA 損傷・G1 期・S 期,16166626;17243194,,high,new,Dot1 によるヒストン H3 K79 のメチル化に Rad9 の Tudor ドメインが結合し、Rad9 が損傷の場所に集まる。G1 期・S 期のチェックポイントに要り、G2/M の停止には要らない,2026-10-04,要旨: dot1 欠失では Rad9 と Rad53 の活性化が起こらず、DSB への Rad9 の結合が減る。dot1 欠失は放射線のあと G1 期と S 期のチェックポイントが働かない（16166626）。Rad9 の Tudor ドメインとメチル化 H3-K79 の結合がチェックポイントの活性化に要る（17243194）,,,in_vivo;genetic,necessary,,,localization,,16166626,
RAD9,CHK1,activation,activate,direct,DNA 損傷,14709724;23593009,,high,new,Rad9 の N 末端（Chk1 活性化ドメイン）が Chk1 のリン酸化と活性化に要る。Rad53 の活性化とは別の部分,2026-10-04,要旨: Rad9 の N 末端は Chk1 のリン酸化と活性化に特に要り、Rad53 の活性化には要らない（14709724）。Rad9 の CDK 部位と Cdc28 の活性が Chk1 の活性化と Rad9-Chk1 の結合に要る（23593009）,,,in_vivo;genetic,necessary,,,activity,,,
CDC28,CHK1,activation,activate,indirect（Rad9 のリン酸化を介する）,DNA 損傷,23593009,,medium,new,Cdc28 が Rad9 の N 末端（T143 など）をリン酸化して Rad9-Chk1 の結合をつくる。サイクリンは G2/M 型とだけ書かれている,2026-10-04,要旨: Rad9 の CDK のリン酸化部位と Cdc28 の活性が、Chk1 の活性化と Chk1 の Rad9 への結合の両方に必要（23593009）,,,in_vivo;genetic,necessary,,,activity,,,
XRS2,TEL1,binding,activate,direct,DNA 損傷,12923051;26990569;30698745,,high,new,Xrs2 の C 末端が Tel1 と直接結合して DSB に呼び込む。Xrs2 の FHA ドメインは呼び込みとは別に Tel1 の活性化を強める（26990569）,2026-10-04,要旨: Tel1 は Xrs2 の C 末端に依存して DSB に結合する（12923051）。Xrs2 の C 末端の Tel1 結合活性が Tel1 を DSB 末端に呼び込む（26990569）。MRX は Tel1 と Xrs2 の直接の結合で Tel1 を DSB に呼び込み、Tel1 の活性化に必要（30698745）,MRE11;RAD50,,in_vivo;genetic,necessary,,,localization,,,
MRE11,TEL1,activation,activate,direct,DNA 損傷,30698745;31073030,,high,new,Mre11-Rad50（MR）の ATP 結合型の閉じた形が Tel1 の結合と活性化に要る。mre11-S499P は修復を損なわず Tel1 の活性化だけを失わせる,2026-10-04,要旨: mre11-S499P と rad50-A78T は Tel1-MRX の結合を弱め、DSB への Tel1 の結合と Tel1 の活性化を失わせる（30698745）。試験管内で Tel1 の活性化には DNA と Rad50 に加えて Mre11 か Xrs2 のどちらかが要る（31073030）,RAD50;XRS2,,in_vivo;in_vitro;genetic,necessary,,,activity,,,
RAD50,TEL1,activation,activate,direct,DNA 損傷,30698745;31073030,,high,new,ATP の結合した Rad50 が Tel1 の活性化に要る。テロメアでは Rif2 が Rad50 の ATP 結合型を外して Tel1 を抑える（31640985）,2026-10-04,要旨: rad50-A78T は Tel1-MRX の結合を弱め、DSB への Tel1 の結合と Tel1 の活性化を失わせる（30698745）。試験管内で Rad50 の ATPase 活性が Tel1 の活性化に欠かせない（31073030）,MRE11;XRS2,,in_vivo;in_vitro;genetic,necessary,,,activity,,,
RAD24,DDC1,activation,activate,direct,DNA 損傷,11679674;11691833;12604797,,high,new,Rad24-RFC（クランプローダー）が 9-1-1 クランプ（Ddc1-Mec3-Rad17）を損傷 DNA に載せる。Ddc1 の損傷の場所への集まりは Rad24 に依存し Mec1 に依存しない,2026-10-04,要旨: HO による DSB の近くへの Ddc1 の結合は Rad24 に依存し、Mec1・Rad9 には依存しない（11679674）。Ddc1 の局在は Rad17・Mec3・Rad24 に依存する（11691833）。試験管内で RFC-Rad24 は ATP 依存で Rad17-Mec3-Ddc1 クランプを部分二本鎖 DNA に載せる（12604797）,RFC2;RFC3;RFC4;RFC5,,in_vivo;in_vitro;genetic,necessary,,,localization,,11679674,
MRE11,MEC1,activation,activate,indirect（一本鎖 DNA の生成を介する）,DNA 損傷,15509802,,high,new,Mre11 複合体 が DSB の末端を削って長い一本鎖 DNA をつくり、Mec1 を DSB に集める。Mre11 複合体と Exo1 は重なって働く。Ddc1 の DSB への結合はどちらにも依存しない,2026-10-04,要旨: Mre11 複合体は Exo1 と共に、DNA 損傷と複製の停止のあと Mec1 の信号経路の活性化に働く。両者が DSB の末端に長い一本鎖 DNA をつくり、Mec1 を DSB に集める（15509802）,RAD50;XRS2,,in_vivo;genetic,partial,EXO1,,localization,,15509802,
EXO1,MEC1,activation,activate,indirect（一本鎖 DNA の生成を介する）,DNA 損傷,15509802,,high,new,Exo1 が DSB の末端を削って長い一本鎖 DNA をつくり、Mec1 を DSB に集める。Mre11 複合体と Exo1 は重なって働く。Ddc1 の DSB への結合はどちらにも依存しない,2026-10-04,要旨: Mre11 複合体は Exo1 と共に、DNA 損傷と複製の停止のあと Mec1 の信号経路の活性化に働く。両者が DSB の末端に長い一本鎖 DNA をつくり、Mec1 を DSB に集める（15509802）,,,in_vivo;genetic,partial,MRE11,,localization,,15509802,
SLX4,RAD9,inhibition,inhibit,indirect（Dpb11・リン酸化 H2A への結合の競合）,DNA 損傷,23160493;25896509,,high,new,Slx4-Rtt107 が Dpb11 とリン酸化 H2A に結合して Rad9 と競合し、複製ストレスでの Rad53 の過剰な活性化を抑える（ホスファターゼによらない弱め方）,2026-10-04,要旨: 複製ストレスで slx4・rtt107 欠失細胞は Rad53 が過剰に活性化するが Mec1 の活性化は正常。Slx4-Rtt107 は Dpb11 とリン酸化 H2A に結合して Rad9 を打ち消す（23160493）。Slx4-Rtt107 がチェックポイントのアダプター Rad9 を打ち消す仕組み（25896509）,RTT107,,in_vivo;genetic,,,,localization,,,
RAD9,SGS1,inhibition,inhibit,直接かは不明,DNA 損傷,25637499;26584331,,high,new,Rad9 が DSB の末端での Sgs1 の結合・とどまりを妨げ、Sgs1-Dna2 による長い削り込み（resection）を抑える。sae2 欠失では Tel1・Rad53 の持続した信号で Rad9 が DSB に増える,2026-10-04,要旨: Rad9 は DSB の末端での Sgs1 の結合を妨げて Sgs1/Dna2 の削り込みを抑える（25637499）。DNA 末端への Rad9 の結合が減ると Sgs1-Dna2 の活性の抑制がなくなる（26584331）,,,in_vivo;genetic,,,,localization,,,
DIF1,RNR2,binding,inhibit,direct,,26970775;18851834,,high,new,Dif1 が Rnr2-Rnr4 に結合して核へ運び込み、細胞質の Rnr1 と出会えないようにして RNR を抑える。DNA 損傷では Dun1 が Dif1 をリン酸化して分解させる,2026-10-04,要旨: Dif1 は Rnr2-Rnr4 の核への取り込みを促して RNR を抑える（26970775）。Dif1 は保存された Hug ドメインで Rnr2-Rnr4 に直接結合し核への取り込みを進める（18851834）,RNR4,,in_vivo;in_vitro,,,,localization,,,
DIF1,RNR4,binding,inhibit,direct,,26970775;18851834,,high,new,Dif1 が Rnr2-Rnr4 に結合して核へ運び込み、細胞質の Rnr1 と出会えないようにして RNR を抑える。DNA 損傷では Dun1 が Dif1 をリン酸化して分解させる,2026-10-04,要旨: Dif1 は Rnr2-Rnr4 の核への取り込みを促して RNR を抑える（26970775）。Dif1 は保存された Hug ドメインで Rnr2-Rnr4 に直接結合し核への取り込みを進める（18851834）,RNR2,,in_vivo;in_vitro,,,,localization,,,
MCK1,RFX1,phosphorylation,inhibit,直接かは不明,DNA 損傷,31381575,,medium,new,GSK-3 の Mck1（Rad53 の下流）が Crt1 をリン酸化して RNR2-4・HUG1 のプロモーターから外し、抑制を解く。Dun1 と分担して働く,2026-10-04,要旨: Mck1 は Rad53 の下流で、Crt1 をリン酸化して RNR2-4・HUG1 などの DNA 損傷で誘導される遺伝子のプロモーターから外す（31381575）,,,in_vivo;genetic,,,,localization,,,
RAD53,PDS1,inhibition,activate,indirect（Pds1-Cdc20 の結合を妨げる）,DNA 損傷,12947083,,medium,new,Rad53 の経路が Pds1 と Cdc20 の結合を妨げ、APC/C-Cdc20 による Pds1 のユビキチン化と分解を防ぐ（Pds1 を安定にする）。Chk1 の経路とは別の段階に働く,2026-10-04,要旨: Chk1 と Rad53 の経路はどちらも APC/C-Cdc20 による Pds1 のユビキチン化を抑えるが、Rad53 の経路は Pds1-Cdc20 の結合を妨げ、Chk1 による Pds1 のリン酸化はユビキチン化の反応そのものを抑える（12947083）,CDC20,,in_vivo;in_vitro,,,,stability,,,
