gene_name,standard_name,complex_category,protein_properties,description,basal_activity
FPR1,YNL135C,,,ラパマイシンと結合してTORC1を阻害する（基底活性0＝ラパマイシンなし）,0
PIB2,YGL023C,,,グルタミン依存的にTORC1を活性化する,
IML1,YJR138W,,,SEACIT複合体（Gtr1のGAP）,0.2
NPR2,YEL062W,,,SEACIT複合体サブユニット,0.2
NPR3,YHL023C,,,SEACIT複合体サブユニット,0.2
GTR1,YML121W,,,Rag GTPase。アミノ酸シグナルをTORC1へ伝える,
GTR2,YGR163W,,,Rag GTPase。Gtr1とヘテロ二量体を形成,
TOR1,YJR066W,,,TORC1 complex core kinase component,
KOG1,YHR186C,,,TORC1 regulatory subunit (Raptor),
LST8,YNL006W,,,TORC1/TORC2 共通サブユニット（ここではTORC1に配置）,
TCO89,YPL180W,,,TORC1 特異的サブユニット,
TOR2,YKL203C,,,TORC2 core kinase component,
AVO1,YOL078W,,,TORC2 サブユニット,
AVO3,YER093C,,,TORC2 サブユニット (Rictor),
SLM1,YIL105C,,,膜ストレスを感知してTORC2を活性化,
PKH1,YDR490C,,,PDK1ホモログ。Ypk1を活性化,
SCH9,YHR205W,,,"AGC family kinase, phosphorylated by TORC1",
TAP42,YMR028W,,,TORC1にリン酸化されSit4/PP2Aを捕捉する,
SIT4,YDL047W,,,PP2A様ホスファターゼ,
NPR1,YNL183C,,,窒素透過酵素の制御キナーゼ,
ATG13,YPR185W,,,TORC1にリン酸化されるとAtg1複合体が形成できない,
ATG1,YGL180W,,,オートファジー開始キナーゼ,
RIM15,YFL033C,,,静止期移行を制御するキナーゼ,
YPK1,YKL126W,,,TORC2の主要基質,
GLN3,YER040W,,,GATA family transcription factor regulated by TORC1/Tap42,
GAT1,YFL021W,,,GATA 型転写因子（窒素代謝抑制）,
MSN2,YMR037C,,,ストレス応答転写因子,
GIS1,YDR096W,,,静止期遺伝子の転写因子,
SFP1,YLR403W,,,リボソームタンパク質遺伝子の転写活性化因子,
DOT6,YER088C,,,リボソーム生合成遺伝子の転写抑制因子,
ORM1,YGR038W,,,スフィンゴ脂質合成の抑制因子,
MEP2,YNL142W,,,Gln3/Gat1 標的遺伝子,
DAL5,YJR152W,,,Gln3/Gat1 標的遺伝子,
GAP1,YKR039W,,,一般アミノ酸透過酵素,
HSP12,YFL014W,,,Msn2/4 標的遺伝子,
RPL3,YOR063W,,,リボソームタンパク質遺伝子（Sfp1標的の代表）,
