unit,gene,genes,condition,change,marker,timing,pmids,evidence,confidence,verified_on,note,sites,sites_source
TORC1,TOR1,TOR1;TOR2;KOG1;LST8;TCO89,rapamycin,down,Sch9 の C 末端（T737 など 6 か所）の TORC1 による直接のリン酸化,,17560372,,high,2026-10-04,,SCH9:T723:+;SCH9:S726:+;RPS6A:S232:+;RPS6A:S233:+;RPS6B:S232:+;RPS6B:S233:+,UniProt（Sch9 T723・S726 は TORC1 による、17560372）・Rps6 の S232/S233 は TORC1 に依存（Ypk3 を介する、25767889）
TORC1,TOR1,TOR1;TOR2;KOG1;LST8;TCO89,nitrogen_starvation,down,Sch9 の C 末端（T737 など 6 か所）の TORC1 による直接のリン酸化,,17560372,,high,2026-10-04,,SCH9:T723:+;SCH9:S726:+;RPS6A:S232:+;RPS6A:S233:+;RPS6B:S232:+;RPS6B:S233:+,UniProt（Sch9 T723・S726 は TORC1 による、17560372）・Rps6 の S232/S233 は TORC1 に依存（Ypk3 を介する、25767889）
TORC1,TOR1,TOR1;TOR2;KOG1;LST8;TCO89,carbon_starvation,down,Sch9 の C 末端（T737 など 6 か所）の TORC1 による直接のリン酸化,,17560372,,high,2026-10-04,,SCH9:T723:+;SCH9:S726:+;RPS6A:S232:+;RPS6A:S233:+;RPS6B:S232:+;RPS6B:S233:+,UniProt（Sch9 T723・S726 は TORC1 による、17560372）・Rps6 の S232/S233 は TORC1 に依存（Ypk3 を介する、25767889）
TORC1,TOR1,TOR1;TOR2;KOG1;LST8;TCO89,osmotic,transient_down,Sch9 の C 末端（T737 など 6 か所）の TORC1 による直接のリン酸化,一過性,17560372,,high,2026-10-04,,SCH9:T723:+;SCH9:S726:+;RPS6A:S232:+;RPS6A:S233:+;RPS6B:S232:+;RPS6B:S233:+,UniProt（Sch9 T723・S726 は TORC1 による、17560372）・Rps6 の S232/S233 は TORC1 に依存（Ypk3 を介する、25767889）
TORC1,TOR1,TOR1;TOR2;KOG1;LST8;TCO89,oxidative,transient_down,Sch9 の C 末端（T737 など 6 か所）の TORC1 による直接のリン酸化,一過性,17560372,,high,2026-10-04,酸化ストレスでの TORC1 の出力は枝ごとに違う（過酸化水素 2 mM：Sch9 の枝は落ち、Npr1 は一過性にわずか、Atg13 は変わらない、29237820）。Rps6 S232/S233 は Ypk3・Glc7・TORC2（S232）も効くため酸化剤の下では TORC1 の目印にしない（Leutert のジアミド 1.5 mM 5 分で Rps6 は上がり Sch9 は下がる向き、過酸化水素 1 mM では Rps6 も下がる）,SCH9:T723:+;SCH9:S726:+,UniProt（Sch9 T723・S726 は TORC1 による、17560372）・Rps6 の S232/S233 は TORC1 に依存（Ypk3 を介する、25767889）
TORC1,TOR1,TOR1;TOR2;KOG1;LST8;TCO89,heat,transient_down,Sch9 の C 末端（T737 など 6 か所）の TORC1 による直接のリン酸化,一過性,17560372,,high,2026-10-04,,SCH9:T723:+;SCH9:S726:+;RPS6A:S232:+;RPS6A:S233:+;RPS6B:S232:+;RPS6B:S233:+,UniProt（Sch9 T723・S726 は TORC1 による、17560372）・Rps6 の S232/S233 は TORC1 に依存（Ypk3 を介する、25767889）
SCH9,SCH9,SCH9,rapamycin,down,C 末端の TORC1 によるリン酸化（活性に必須）,,17560372,,high,2026-10-04,TORC1 の行と同じ目印。リン酸化が消える条件（ラパマイシン・窒素飢餓・炭素飢餓）で活性も下がる,SCH9:T723:+;SCH9:S726:+,UniProt（TORC1 による、17560372）
SCH9,SCH9,SCH9,nitrogen_starvation,down,C 末端の TORC1 によるリン酸化（活性に必須）,,17560372,,high,2026-10-04,TORC1 の行と同じ目印,SCH9:T723:+;SCH9:S726:+,UniProt（TORC1 による、17560372）
SCH9,SCH9,SCH9,carbon_starvation,down,C 末端の TORC1 によるリン酸化（活性に必須）,,17560372,,high,2026-10-04,TORC1 の行と同じ目印,SCH9:T723:+;SCH9:S726:+,UniProt（TORC1 による、17560372）
NPR1,NPR1,NPR1,rapamycin,up,Npr1 の脱リン酸化（TOR が止まると速やかに）・Orm のリン酸化,速やか,9843498;23363605,,high,2026-10-04,,,
GLN3,GLN3,GLN3,rapamycin,up,核移行（Ure2 からの解離）,,10604478,,medium,2026-10-04,要旨は TOR が Gln3 を Ure2 に結合させて細胞質にとどめる仕組み。TOR を止めると核に入る向き（ラパマイシンでの核移行は本文）,,
MSN2/4,MSN2,MSN2;MSN4,heat,up,核移行,速やか・可逆,9472026,,high,2026-10-04,,,
MSN2/4,MSN2,MSN2;MSN4,osmotic,up,核移行,速やか・可逆,9472026,,high,2026-10-04,,,
MSN2/4,MSN2,MSN2;MSN4,carbon_starvation,up,核移行,速やか・可逆,9472026,,high,2026-10-04,,,
MSN2/4,MSN2,MSN2;MSN4,weak_acid,up,核移行,速やか・可逆,9472026,,high,2026-10-04,ソルビン酸,,
PKA,TPK1,TPK1;TPK2;TPK3,glucose_repletion,transient_up,cAMP の量（Ras を介した cAMP の信号）,一過性（PKA によるフィードバック）,2201893,,high,2026-10-04,グルコースで抑制の解けた細胞（非発酵性の炭素源などで育てた細胞）にグルコースを加えたとき,,
PKA,TPK1,TPK1;TPK2;TPK3,carbon_starvation,down,Msn2・Msn4 の核移行（PKA の活性と逆に動く）,,9472026,,medium,2026-10-04,PKA の活性そのものではなく、Msn2/4 の局在からの推定,,
RIM15,RIM15,RIM15,rapamycin,up,核への集積と PKA による抑制の解除,,14690612,,medium,2026-10-04,要旨は TOR・Sch9 が核への集積を抑え、PKA がキナーゼ活性を抑えるという仕組み。TOR を止めると核に集まる向き,,
SNF1,SNF1,SNF1;SNF4;GAL83;SIP1;SIP2,glucose_limitation,up,活性化ループ T210 のリン酸化,,11486005,,high,2026-10-04,,MIG1:S278:+;MIG1:S311:+,Snf1 の基質 Mig1 の部位（10403407）
SNF1,SNF1,SNF1;SNF4;GAL83;SIP1;SIP2,osmotic,up,活性化ループ T210 のリン酸化,,11486005,,medium,2026-10-04,高濃度の NaCl。このとき Mig1 はリン酸化されない（標的によって効き方が違う）,,
MIG1,MIG1,MIG1,glucose_limitation,down,Snf1 によるリン酸化（抑制因子の不活性化）,,11486005,,high,2026-10-04,,MIG1:S278:-;MIG1:S311:-,SNF1 による試験管内の部位（10403407）。リン酸化で Mig1 は抑制因子として働かなくなる
MIG1,MIG1,MIG1,osmotic,no_change,Snf1 によるリン酸化,,11486005,,medium,2026-10-04,高濃度の NaCl では Snf1 が活性化されても Mig1 はリン酸化されない,MIG1:S278:-;MIG1:S311:-,SNF1 による試験管内の部位（10403407）。リン酸化で Mig1 は抑制因子として働かなくなる
PHO4,PHO4,PHO4,phosphate_limitation,up,核移行（Pho80-Pho85 によるリン酸化が外れる）,,8539622,,high,2026-10-04,,PHO4:S152:-,UniProt（Pho85 による、10320381・8539622）
PHO85-PHO80,PHO85,PHO85;PHO80,phosphate_limitation,down,Pho4 のリン酸化,,8539622,,medium,2026-10-04,要旨は「リン酸が豊富なとき Pho4 をリン酸化する」。リン酸の飢餓で Pho4 が核に入ることからの推定（Pho81 による抑制は別の論文）,PHO4:S152:+,UniProt（Pho85 による、10320381・8539622）
ATG1,ATG1,ATG1;ATG13;ATG17,rapamycin,up,Atg1 のキナーゼ活性・Atg13 の脱リン酸化,,10995454,,high,2026-10-04,,ATG13:S348:-;ATG13:S437:-;ATG13:S438:-;ATG13:S646:-;ATG13:S649:-,UniProt（TORC1 による、19995911）。Atg13 のリン酸化が外れると Atg1 が働く
ATG1,ATG1,ATG1;ATG13;ATG17,nitrogen_starvation,up,Atg1 のキナーゼ活性・Atg13 の脱リン酸化,,10995454,,medium,2026-10-04,要旨は「飢餓」とだけ（窒素飢餓は本文）。Atg13 S646 は窒素飢餓で脱リン酸化される側（38233718 の in vivo 地図で上がるのは S344・S496 のみ）。Leutert の窒素除去 5 分で S646 が上がるのは早すぎる時点で、同じ時点の Sch9 T723/S726 も下がっていない。長い飢餓（10〜12 時間）では Atg1 が Atg13 を再リン酸化する（33536246）,ATG13:S348:-;ATG13:S437:-;ATG13:S438:-;ATG13:S646:-;ATG13:S649:-,UniProt（TORC1 による、19995911）。Atg13 のリン酸化が外れると Atg1 が働く
GCN2,GCN2,GCN2,amino_acid_starvation,up,eIF2α（Sui2）S51 のリン酸化,,1739968,,high,2026-10-04,,,
GCN2,GCN2,GCN2,rapamycin,up,eIF2α（Sui2）S51 のリン酸化・Gcn2 S577 の脱リン酸化,,12654728,,high,2026-10-04,,,
GCN4,GCN4,GCN4,amino_acid_starvation,up,GCN4 の翻訳（タンパク質の量）,,1739968,,high,2026-10-04,mRNA ではなく翻訳で増える,,
GCN4,GCN4,GCN4,rapamycin,up,GCN4 の翻訳（タンパク質の量）,,12654728,,high,2026-10-04,mRNA ではなく翻訳で増える,,
HOG1,HOG1,HOG1,osmotic,transient_up,チロシンのリン酸化（二重リン酸化）・核移行,数分で上がり、適応すると戻る,7681220;10198063,,high,2026-10-04,,HOG1:Y176:+,UniProt（Pbs2 による、12637550）
SLT2,SLT2,SLT2,heat,up,Slt2（Mpk1）のキナーゼ活性,高温での増殖の間続く,7628692,,high,2026-10-04,,SLT2:T190:+,UniProt（19779198）。活性化ループの T190・Y192 の二重リン酸化
SLT2,SLT2,SLT2,cell_wall,up,Slt2 の二重リン酸化（T190・Y192）,,10974100,,high,2026-10-04,カルコフルオールホワイト・ザイモリエース,SLT2:T190:+,UniProt（19779198）。活性化ループの T190・Y192 の二重リン酸化
TORC2-YPK1,YPK1,YPK1;YPK2;TOR2;AVO1;AVO3,osmotic,down,Ypk1 による Fps1 のリン酸化,,26274562,,high,2026-10-04,高浸透圧。Hog1 によらない,,
SFP1,SFP1,SFP1,rapamycin,down,核からの退出（リボソームタンパク質遺伝子のプロモーターから外れる）,,15353587,,high,2026-10-04,ストレス・栄養の変化でも同じ（要旨では条件の種類は特定されない）,,
HAC1,HAC1,HAC1;IRE1,er,up,HAC1 mRNA のスプライシング（Hac1 タンパク質が現れる）,,8898193,,high,2026-10-04,,,
SLN1-YPD1-SSK1,SLN1,SLN1;YPD1;SSK1,unstressed,active,Ssk1 のリン酸化（リン酸リレー）による HOG 経路の抑制,,25888817,,high,2026-10-04,,,
SLN1-YPD1-SSK1,SLN1,SLN1;YPD1;SSK1,osmotic,down,Sln1 の抑制・Ssk1 の脱リン酸化,,25888817,,high,2026-10-04,本文の背景の記述,,
SSK1,SSK1,SSK1,osmotic,up,Ssk1 の脱リン酸化（Ssk2・Ssk22 の活性化）,速やか,25888817,,high,2026-10-04,本文の背景の記述。脱リン酸化は速やか（同じ本文）,,
RIM15,RIM15,RIM15,nitrogen_starvation,up,TORC1・PKA の信号が弱まることによる活性化,,23273919,,medium,2026-10-04,,,
RIM15,RIM15,RIM15,carbon_starvation,up,TORC1・PKA の信号が弱まることによる活性化,,23273919,,medium,2026-10-04,要旨は carbon limitation,,
TORC2-YPK1,YPK1,YPK1;YPK2;TOR2;AVO1;AVO3,drug,up,Ypk1 の Orm に対する比活性・T662 のリン酸化,,22080611,,high,2026-10-04,ミリオシン（スフィンゴ脂質の合成阻害）。T662 のリン酸化もスフィンゴ脂質の枯渇で上がる（同じ要旨）,YPK1:T662:+,22080611（要旨。TORC2 に依存する部位）
ORM1/2,ORM1,ORM1;ORM2,drug,down,Ypk1 によるリン酸化（不活性化）,,22080611,,high,2026-10-04,ミリオシン（スフィンゴ脂質の合成阻害）,,
TPK3,TPK3,TPK3,heat,down,細胞質の顆粒への可逆的な隔離,可逆,38865242,,high,2026-10-04,Tpk3 は Bcy1 では調節されない（Tpk1・Tpk2 と違う）,,
SFP1,SFP1,SFP1,unstressed,active,核への局在・RP 遺伝子プロモーターへの結合,,15353587,,high,2026-10-04,,,
ADR1,ADR1,ADR1,carbon_starvation,up,S230 の脱リン酸化（Snf1 に依存）,,19398770,,medium,2026-10-04,S230 の脱リン酸化が活性化の主な要素（同じ要旨）,ADR1:S230:-,19398770（要旨）
GLN3,GLN3,GLN3,nitrogen_starvation,up,脱リン酸化・Ure2 からの解離と核移行,,31213504,,medium,2026-10-04,要旨の前提の説明（窒素が制限されると Tap42-Sit4・Tap42-PP2A が働く）。この論文は Sit4 が窒素の豊富なときにも働くことを示す,,
TORC1,TOR1,TOR1;TOR2;KOG1;LST8;TCO89,amino_acid_starvation,down,Iml1（SEACIT）による Gtr1 の GTP 加水分解,,23716719,,high,2026-10-04,,,
SEACIT,IML1,IML1;NPR2;NPR3,amino_acid_starvation,transient_up,Gtr1 との一過性の結合（液胞膜）,一過性,23716719,,high,2026-10-04,,,
PIB2,PIB2,PIB2,amino_acid_starvation,down,TORC1（Tor1）との結合,,29698392,,medium,2026-10-04,本文の結果,,
HSF1,HSF1,HSF1,carbon_starvation,up,Yak1 によるリン酸化（DNA 結合の活性）,,18793336,,medium,2026-10-04,,,
ATG13,ATG13,ATG13,rapamycin,up,脱リン酸化と Atg1 への結合,5〜10 分以内,10995454,,high,2026-10-04,本文の結果。遅く泳動するリン酸化型はラパマイシン処理の 5 分以内に消える（同じ本文）,,
RTG1/3,RTG3,RTG1;RTG3,osmotic,up,Rtg1-GFP・Rtg3-GFP の核への集まり,,22956768,,high,2026-10-04,引用は PMC 本文。Hog1 に依存する,,
RTG1/3,RTG3,RTG1;RTG3,rapamycin,up,Rtg1-GFP・Rtg3-GFP の核への集まり,,22956768,,high,2026-10-04,引用は PMC 本文。ラパマイシンでの活性化は Hog1 に依存しない,,
RTG1/3,RTG3,RTG1;RTG3,unstressed,inactive,Rtg1-GFP・Rtg3-GFP は主に細胞質,,22956768,,high,2026-10-04,引用は PMC 本文,,
SSK2,SSK2,SSK2,osmotic,up,Ssk2 の自己リン酸化（Ssk1 の結合が必要）,,9482735,,high,2026-10-04,速やかに起こる,,
PP2A,PPH21,PPH21;PPH22;TPD3;CDC55;RTS1,rapamycin,up,Atg13 の脱リン酸化,,27973551,,medium,2026-10-04,TORC1 が止まると活性化する（ラパマイシン処理で調べている）,,
SWI6,SWI6,SWI6,heat,transient_up,Swi6-GFP の核への集まり（のちに Mpk1 の S238 リン酸化で細胞質へ戻る）,20 分以内に核へ・その後 40 分で細胞質へ戻る,20219973,,high,2026-10-04,引用は PMC 本文。細胞壁ストレス（CWI 経路）としての核移行,SWI6:S238:-,20219973（Mpk1 による S238 のリン酸化は核への移行を抑える）
TORC2,TOR2,TOR2;AVO1;AVO2;AVO3;LST8,drug,up,TORC2 による Ypk1/2・Pkc1 のリン酸化（メチルグリオキサール）,,35912799,,high,2026-10-04,薬剤・化学物質はメチルグリオキサール（MG）,,
ORM1,ORM1,ORM1,rapamycin,up,Npr1 による N 末端のリン酸化（Orm を活性化し複合スフィンゴ脂質の合成を促す）,,23363605,,high,2026-10-04,リン酸化で Orm が活性化する（TORC1 を止めると Orm がリン酸化されて活性化し、SPT の下流で複合スフィンゴ脂質の新たな合成が進む）,,
ORM1,ORM1,ORM1,nitrogen_starvation,up,Npr1 による N 末端のリン酸化（Orm を活性化する）,,23363605,,high,2026-10-04,窒素を抜いて 1 時間（SD-N）,,
ORM2,ORM2,ORM2,rapamycin,up,Npr1 による N 末端のリン酸化（Orm を活性化し複合スフィンゴ脂質の合成を促す）,,23363605,,high,2026-10-04,リン酸化で Orm が活性化する（TORC1 を止めると Orm がリン酸化されて活性化し、SPT の下流で複合スフィンゴ脂質の新たな合成が進む）,,
ORM2,ORM2,ORM2,nitrogen_starvation,up,Npr1 による N 末端のリン酸化（Orm を活性化する）,,23363605,,high,2026-10-04,窒素を抜いて 1 時間（SD-N）,,
PDE1,PDE1,PDE1,glucose_repletion,up,Pde1 の S252 の PKA 依存のリン酸化,速やか,9880329,,medium,2026-10-04,グリセロールで育てた細胞にグルコースを加えたとき,,
SCH9,SCH9,SCH9,nitrogen_starvation,down,PDK1 部位（Pkh1 による）のリン酸化,,21531713,,medium,2026-10-04,Pkh1 による PDK1 部位のリン酸化は細胞の大きさに必須。窒素の再添加ですぐ戻る,,
SLT2,SLT2,SLT2,drug,up,Slt2 の二重リン酸化（抗リン酸化抗体）,,10625705,,high,2026-10-04,カフェイン・バナジン酸,,
RHO1,RHO1,RHO1,g1,up,Rho1 の活性化（出芽予定部位）,,18256282,,high,2026-10-04,G1/S 移行期,,
RAD53,RAD53,RAD53,genotoxic,up,Rad53 のキナーゼ活性,,12724400,,high,2026-10-04,,,
SLT2,SLT2,SLT2,rapamycin,up,Slt2 の活性化（Sir3 のリン酸化）,,12504006,,high,2026-10-04,クロルプロマジンでも,,
CDC28,CDC28,CDC28,mitotic_exit,down,CDK の活性（Whi5 の核への再進入）,,15210111,,high,2026-10-04,,,
RIM15,RIM15,RIM15;IGO1;IGO2,g1,up,"Rim15-Igo1,2 の経路の活性",,28600888,,high,2026-10-04,G1 期の初め,,
RIM15,RIM15,RIM15,diauxic_shift,up,Rim15 の活性,,28600888,,high,2026-10-04,発酵から呼吸への切り替え,,
SLT2,SLT2,SLT2,mating,up,Slt2 のチロシンリン酸化と活性,,8598209,,high,2026-10-04,フェロモン処理での突起形成のとき,,
HOG1,HOG1,HOG1,weak_acid,transient_up,Hog1 の活性化,,17620418,,high,2026-10-04,高濃度の酢酸,,
APC/C-CDH1,CDH1,CDH1,g1,up,APC/C-Cdh1 による分解の活性,,25959309,,high,2026-10-04,G1 期の終わりに不活性化,,
MEC1,MEC1,MEC1;DDC2,carbon_starvation,up,Atg9 のリン酸化（ATM/ATR 基質抗体。S35・T203・T243）,,39913206,,medium,2026-10-04,グルコース飢餓で Mec1 による Atg9 のリン酸化が起こる。引用は PMC 本文,ATG9:S35:+;ATG9:T203:+;ATG9:T243:+,39913206（試験管内のキナーゼ反応と質量分析で特定）
CLN3,CLN3,CLN3,phosphate_limitation,down,Cln3 タンパク質の量,,23339867,,high,2026-10-04,Pho85 の活性が下がると Cln3 が不安定になる,,
CDH1,CDH1,CDH1,sporulation,down,Cdh1 タンパク質の分解,,42160514,,high,2026-10-04,胞子形成培地に移ると APC/C 自身と SNF1 による S200 のリン酸化で分解される,,
STE11,STE11,STE11,unstressed,active,精製した GST-Ste11 のキナーゼ活性,,8159759,,medium,2026-10-04,フェロモンで処理していない細胞から精製しても活性がある（抑制因子による調節が示唆されている）,,
APC/C-CDH1,CDH1,CDH1,g1,up,APC/C-Cdh1 の活性,,19713762,,high,2026-10-04,,,
APC/C-CDH1,CDH1,CDH1,s_phase,down,APC/C-Cdh1 の活性,,19713762,,medium,2026-10-04,S 期と G2 期では APC/C-Cdh1 は働いていない,,
APC/C-CDH1,CDH1,CDH1,g2,down,APC/C-Cdh1 の活性,,19713762,,medium,2026-10-04,S 期と G2 期では APC/C-Cdh1 は働いていない,,
CNN1,CNN1,CNN1,m_phase,up,動原体での Cnn1 の集まり・KMN を抑える働き,,22561345,,high,2026-10-04,後期で最大,,
CDC28,CDC28,CDC28;CLB5;CLB6,s_phase,up,Sld2 のリン酸化（S 期の CDK による）,,11807498,,medium,2026-10-04,S 期の CDK による Sld2 のリン酸化,,
CDC14,CDC14,CDC14,m_phase,up,核小体からの放出・脱リン酸化酵素の活性,,30927017,,high,2026-10-04,後期に活性化（分裂中期は Net1 で核小体にとどめられる）,,
CDC14,CDC14,CDC14,sporulation,up,核小体から細胞質への移動・Atg13 の脱リン酸化,,35238874,,high,2026-10-04,減数分裂の後期 I・II,,
ATG1,ATG1,ATG1;ATG13;ATG17,sporulation,up,Atg1 のキナーゼ活性・オートファジー,,35238874,,medium,2026-10-04,減数分裂の後期 I・II で Cdc14 による Atg13 の脱リン酸化を介して,,
PP2A-CDC55,CDC55,CDC55;PPH21;PPH22;TPD3,m_phase,down,Net1 の脱リン酸化（PP2A-Cdc55 の活性）,,16713564,,high,2026-10-04,後期の開始でセパレースが PP2A(Cdc55) の働きを下げる,,
ESP1,ESP1,ESP1,m_phase,up,セパレースの活性,,16713564,,high,2026-10-04,後期の開始で活性化,,
SRL3,SRL3,SRL3,g1,up,Whi7 タンパク質の安定性,,28839131,,medium,2026-10-04,SRL3 = WHI7。G1 だけで安定。引用は PMC 本文,,
SWI5,SWI5,SWI5,g1,up,Swi5 の核局在,,1652372,,high,2026-10-04,S・G2・M 期は細胞質,,
YEN1,YEN1,YEN1,m_phase,up,Yen1 の核への集まりと酵素活性,,24631283,,high,2026-10-04,後期（Cdc14 の活性化による）,,
CHK1,CHK1,CHK1,genotoxic,up,Pds1 のリン酸化（Chk1 による）,,11390356,,medium,2026-10-04,,,
APC/C-CDC20,CDC20,CDC20,genotoxic,no_change,APC(Cdc20) の活性,,11390356,,medium,2026-10-04,DNA 損傷でも APC(Cdc20) の活性は変わらない（Pds1 側のリン酸化で分解を防ぐ）,,
MUS81-MMS4,MMS4,MUS81;MMS4,g2,up,Mms4 のリン酸化・Mus81-Mms4 のヌクレアーゼ活性,,22730299,,medium,2026-10-04,DNA 合成のあと、染色体分離の前（G2/M）,,
CTK1,CTK1,CTK1;CTK2;CTK3,stationary,up,RNA ポリメラーゼ II の CTD の Ser2 のリン酸化,,15870265,,medium,2026-10-04,定常期への移行で Ser2 のリン酸化が増える（Cak1 による Ctk1 T338 のリン酸化に依存）,,
FAR1,FAR1,FAR1,g1,up,Far1 タンパク質の安定性,,9367986,,high,2026-10-04,,,
SSN3,SSN3,SSN3;SSN8,unstressed,active,Rim15 のリン酸化（Cdk8 による）,,35433688,,medium,2026-10-04,ストレスでサイクリン C が分解されると Cdk8 が不活性化する,,
RIM15,RIM15,RIM15,unstressed,inactive,Rim15 の活性（ストレス応答遺伝子の転写）,,35433688,,medium,2026-10-04,通常の増殖では核にあっても Cdk8 のリン酸化で抑えられている,,
DUN1,DUN1,DUN1,genotoxic,up,Nej1 のリン酸化（Dun1 に依存）,,17101301,,medium,2026-10-04,Mec1・Rad53 にも依存,,
SML1,SML1,SML1,s_phase,down,Sml1 のタンパク量（リン酸化と分解）,,11904430,,high,2026-10-04,Sml1 は RNR の阻害因子。量が減ると dNTP が増える,,
SML1,SML1,SML1,genotoxic,down,Sml1 のタンパク量（リン酸化と分解）,,11904430,,high,2026-10-04,,,
ESP1,ESP1,ESP1,m_phase,up,セパラーゼの活性（コヒーシン切断のバイオセンサー）,急激・1 分以内,22814605,,high,2026-10-04,分裂後期の開始の直前,,
CDC14,CDC14,CDC14,m_phase,up,核小体からの放出（一部）,,11970961,,high,2026-10-04,分裂後期の初め（MEN によらない一部の放出）,,
CDC14,CDC14,CDC14,mitotic_exit,up,核小体から細胞全体への放出,,19221193,,high,2026-10-04,間期は核小体に閉じ込められている,,
ECO1,ECO1,ECO1,s_phase,up,Eco1 の量（S 期のあとリン酸化で分解）・Smc3 のアセチル化,,23314252;18653894,,high,2026-10-04,,SMC3:K112:+;SMC3:K113:+,Eco1 によるアセチル化部位（18653894・19328069）。リン酸化ではなくアセチル化
CDC6,CDC6,CDC6,g1,up,核での蓄積（不安定なタンパク質）,,23236290,,high,2026-10-04,G1 と S 期の初めだけ,,
CNN1,CNN1,CNN1,m_phase,up,Cnn1 の活性（KMN の結合を抑える）,,22561345,,high,2026-10-04,分裂後期で最大,,
IME2,IME2,IME2,sporulation,up,Ime2 のキナーゼ活性,,24115771,,high,2026-10-04,減数第二分裂の始め,,
FUS3,FUS3,FUS3,mating,up,MAPK の活性化,,15620356,,high,2026-10-04,,,
KSS1,KSS1,KSS1,mating,up,MAPK の活性化,,15620356,,high,2026-10-04,,,
TEC1,TEC1,TEC1,mating,down,Tec1 の分解,速やか,15620356,,high,2026-10-04,,,
CRZ1,CRZ1,CRZ1,calcium,up,核への蓄積,,14597664,,high,2026-10-04,,,
PKA,TPK1,TPK1;TPK2;TPK3,glucose_limitation,down,Dam1 の S31 のリン酸化（PKA による）,,30546002,,high,2026-10-04,,DAM1:S31:+,PKA による（30546002）
PKA,TPK1,TPK1;TPK2;TPK3,mating,down,Dam1 の S31 のリン酸化（PKA による）,,30546002,,high,2026-10-04,α 因子による停止,DAM1:S31:+,PKA による（30546002）
PKA,TPK1,TPK1;TPK2;TPK3,nitrogen_starvation,up,PKA の活性化（Gpa2 のリン酸化に依存）,,31690628,,medium,2026-10-04,,,
GPA2,GPA2,GPA2,nitrogen_starvation,up,Gpa2 のリン酸化（GSK による。膜局在と PKA の活性化を促す）,,31690628,,medium,2026-10-04,,,
CDC7,CDC7,CDC7,genotoxic,down,Eco1 の分解（Cdc7 の作用）が止まる,,23314252,,medium,2026-10-04,,,
SWE1,SWE1,SWE1,calcium,up,Swe1 の活性化（分裂期の開始を遅らせる）,,11230131,,high,2026-10-04,,,
HSL1,HSL1,HSL1,calcium,down,芽の首からの離脱と不安定化,,11230131,,high,2026-10-04,高濃度の Ca2+,,
SMK1,SMK1,SMK1,sporulation,up,活性化ループのリン酸化（pT から pT/pY）,,23207907,,high,2026-10-04,胞子形成の後半で高い活性,,
MUS81,MUS81,MUS81;MMS4,m_phase,up,ヌクレアーゼ活性（分裂期まで抑えられる）,,21962513,,medium,2026-10-04,,,
MUS81,MUS81,MUS81;MMS4,sporulation,up,Cdc5 によるリン酸化での過剰な活性化,,21962513,,high,2026-10-04,減数第一分裂,,
CLN2,CLN2,CLN2,g1,up,Cln2 の蓄積（周期的な発現と速い分解）,,8599119,,high,2026-10-04,,,
CLB5,CLB5,CLB5,m_phase,down,Clb5 の分解（APC-Cdc20）,,25287299,,high,2026-10-04,分裂期の初めに分解が始まる,,
SEC4,SEC4,SEC4,mitotic_exit,down,Sec4 のリン酸化（エキソシストとの結合を妨げる）,,27621363,,medium,2026-10-04,リン酸化は Sec4 の機能を抑える（同じ要旨）,,
SPC110,SPC110,SPC110,m_phase,up,Mps1 による N 末端のリン酸化（分裂期特有の型）,紡錘体の形成から分裂後期の開始まで持続,11278681,,medium,2026-10-04,,SPC110:S60:+;SPC110:T64:+;SPC110:T68:+,Mps1 による（11278681）。リン酸化は微小管の形成を活性化する（24842996）
CDC5,CDC5,CDC5,m_phase,up,活性化ループ T242 の Clb2-Cdc28 によるリン酸化（キナーゼ活性）,,16303563,,medium,2026-10-04,分裂期に入るときの活性化は一般的な記述として要旨にある。T242 は体内でリン酸化され、Clb2-Cdc28 が試験管内で Cdc5 を活性化する,CDC5:T242:+,16303563
TGL4,TGL4,TGL4,g1,down,Tgl4 の Cdk1 によるリン酸化（脱リン酸化で不活性化）,,35981421,,medium,2026-10-04,G1 期に入ると脱リン酸化される。一方で G1 期後期の出芽にはリン酸化した Tgl4 が働く（19150427）ので、G1 期の初めの変化,,
PHO85-PCL7,PHO85,PHO85;PCL7,phosphate_limitation,down,Pcl7-Pho85 のキナーゼ活性,,11069666,,high,2026-10-04,Pho81 に依存,,
PHO85-PCL5,PHO85,PHO85;PCL5,amino_acid_starvation,down,Pho85 に伴う Gcn4 のリン酸化活性,,12101234,,high,2026-10-04,飢餓では Pcl5 が速く分解されて消える,,
CDC14,CDC14,CDC14,mitotic_exit,up,核小体からの放出と活性化,,10744974,,high,2026-10-04,後期の終わりから終期,,
CDC14,CDC14,CDC14,sporulation,up,核小体から細胞質への移動と活性化,,35238874,,high,2026-10-04,減数分裂の後期 I・II,,
APC/C-CDC20,CDC20,CDC20,m_phase,up,APC と Cdc20 の結合,,18498748,,medium,2026-10-04,分裂期の中ごろ（序論の一文）,,
APC/C-CDH1,CDH1,CDH1,mitotic_exit,up,APC と Cdh1 の結合,,18498748,,medium,2026-10-04,分裂期の後半（序論の一文）,,
APC/C-CDH1,CDH1,CDH1,g1,up,APC と Cdh1 の結合,,18498748,,medium,2026-10-04,G1 期（序論の一文）,,
SWI5,SWI5,SWI5,mitotic_exit,up,核への移行（分裂後期の終わり）・HO プロモーターへの結合,,10319811,,high,2026-10-04,HO プロモーターには約 5 分だけ結合する,,
OPI1,OPI1,OPI1,oxidative,up,核移行（核膜・小胞体から核へ）,,28581036,,high,2026-10-04,Opi1 は核膜・小胞体にあると不活性で、核に入ると UAS_INO の遺伝子を抑える。適応を起こす低濃度の過酸化水素での結果。システイン 159 が必要,,
SOD1,SOD1,SOD1,oxidative,up,Sod1 の核への移行（Dun1 による S60・S99 のリン酸化）,速やか,24647101,,medium,2026-10-04,核で転写因子として酸化ストレス耐性・修復の遺伝子を調節する。S60/S99 のリン酸化は 4NQO 30 分で 2D ゲルと変異体から示したもので部位の直接の測定ではない。過酸化水素は 0.4 mM 30 分で核移行・Dun1 との結合を見ている。Leutert の過酸化水素 1 mM 5 分で S99 が下がるのは時点・酸化剤の違いとして扱う,SOD1:S60:+;SOD1:S99:+,Dun1 による（24647101）
ELM1,ELM1,ELM1,s_phase,up,Elm1 タンパク質の量,,21521692,,medium,2026-10-04,Gpa1 のリン酸化も G2/M に起こる,,
ELM1,ELM1,ELM1,g2,up,Elm1 タンパク質の量,,21521692,,medium,2026-10-04,G2/M,,
ELM1,ELM1,ELM1,m_phase,up,Elm1 タンパク質の量,,21521692,,medium,2026-10-04,G2/M,,
CDC7,CDC7,CDC7;DBF4,s_phase,up,Dbf4 のクロマチン結合・Cdc7-Dbf4 のキナーゼ活性（Cdc7 の量は一定で Dbf4 が変動）,,10508166,,medium,2026-10-04,題名: Cdc7p-Dbf4p kinase binds to chromatin during S phase,,
HST3,HST3,HST3,genotoxic,down,Mec1 に依存したリン酸化とユビキチン化による分解（タンパク質量）,,17977840,,medium,2026-10-04,すばやく起こる（rapid）,,
SUM1,SUM1,SUM1,sporulation,down,中期の減数分裂遺伝子のプロモーターからの Sum1 の除去（ChIP）,,19528232,,high,2026-10-04,Ime2 によるリン酸化に依存,,
HSF1,HSF1,HSF1,heat,up,Hsp70（Ssa1）からの放出と HSE-ルシフェラーゼの誘導,,41390490,,high,2026-10-04,Pkc1 による Ssa1 T492 のリン酸化を介する,SSA1:T492:+,41390490（Pkc1 が Ssa1 T492 をリン酸化し Hsf1 を放す）
SSN3,SSN3,SSN3;SSN8,nitrogen_starvation,down,Srb10 タンパク質の量とキナーゼ活性・Ste12 のリン酸化,,12520306,,high,2026-10-04,,,
YAP1,YAP1,YAP1,oxidative,up,Yap1 の酸化（分子内ジスルフィド結合）と核への蓄積,,11013218,,high,2026-10-04,H2O2,,
UME6,UME6,UME6,nonfermentable,down,Ume6 タンパク質の部分的な分解（酢酸培地）,,22438583,,high,2026-10-04,Gcn5 によるアセチル化に依存,,
NRM1,NRM1,NRM1,genotoxic,down,Nrm1 の MBF 標的プロモーターへの結合（Rad53 によるリン酸化で失われる）,,22333915,,high,2026-10-04,S 期の DNA 損傷・複製ストレス,,
DBF2-MOB1,DBF2,DBF2;MOB1,m_phase,up,Dbf2 のキナーゼ活性,,10228157,,high,2026-10-04,中期から後期 B・終期に最大。活性は体内で Tem1・Cdc15・Mob1 に依存（11404483）,,
DBF2-MOB1,DBF2,DBF2;MOB1,mitotic_exit,up,Dbf2 のキナーゼ活性,,10228157,,high,2026-10-04,中期から後期 B・終期に最大,,
SIC1,SIC1,SIC1,mitotic_exit,up,Sic1 のタンパク量,,7954792,,high,2026-10-04,分裂期の終わりに現れる,,
SIC1,SIC1,SIC1,g1,up,Sic1 のタンパク量,,7954792,,high,2026-10-04,S 期の直前に分解されて消える,,
ACM1,ACM1,ACM1,m_phase,up,Acm1 のタンパク量,,17030612,,high,2026-10-04,G1 期の終わりに現れ M 期の終わりに消える（S 期・G2 期にもある）,,
ACM1,ACM1,ACM1,mitotic_exit,down,Acm1 のタンパク量,,17030612,,high,2026-10-04,M 期の終わりに消える（後期の初めから APC-Cdc20 で分解、18498748）,,
TORC1,TOR1,TOR1;TOR2;KOG1;LST8;TCO89,glucose_repletion,up,TORC1 の点（TOROID）の消失と Sch9 のリン酸化の回復,,28976958,,high,2026-10-04,グルコース飢餓のあとにグルコースを加え直すと、TORC1 の点がほどけ Sch9 のリン酸化が戻る（本文、図 1e-f）,SCH9:T723:+;SCH9:S726:+,UniProt（TORC1 による、17560372）
TORC1,TOR1,TOR1;TOR2;KOG1;LST8;TCO89,diauxic_shift,down,Sch9 の不活性化（Mtl1 による TOR1 の抑制）,,25855033,,medium,2026-10-04,ジオーキシックシフトの後（postdiauxic）とグルコース枯渇で。遺伝学的な証拠が中心,,
TORC1,TOR1,TOR1;TOR2;KOG1;LST8;TCO89,stationary,down,TORC1 が液胞の 1 つの点（TOROID、不活性型の集合体）に集まる,,28976958,,high,2026-10-04,TOROID の形成は TORC1 の不活性化に必要（要旨）。定常期の細胞では TORC1 の 80〜90% が点に入る（本文）,,
TORC1,TOR1,TOR1;TOR2;KOG1;LST8;TCO89,cell_wall,transient_down,Tap42 の TORC1（Kog1）からの解離・Gln3 の脱リン酸化,60 分以内に再結合,22445487,,medium,2026-10-04,カルコフロールホワイト（CFW）。Rho1 が Kog1 に結合して TORC1 を下げる。ストレスが続いても Tap42 は 60 分以内に TORC1 に戻る（本文）ので一過性とした,,
SCH9,SCH9,SCH9,osmotic,transient_down,C 末端の TORC1 によるリン酸化（活性に必須）,一過性,17560372,,high,2026-10-04,TORC1 の行と同じ目印・同じ一文,SCH9:T723:+;SCH9:S726:+,UniProt（TORC1 による、17560372）
SCH9,SCH9,SCH9,oxidative,transient_down,C 末端の TORC1 によるリン酸化（活性に必須）,一過性,17560372,,high,2026-10-04,TORC1 の行と同じ目印・同じ一文,SCH9:T723:+;SCH9:S726:+,UniProt（TORC1 による、17560372）
SCH9,SCH9,SCH9,heat,transient_down,C 末端の TORC1 によるリン酸化（活性に必須）,一過性,17560372,,high,2026-10-04,TORC1 の行と同じ目印・同じ一文（thermal stress）,SCH9:T723:+;SCH9:S726:+,UniProt（TORC1 による、17560372）
SCH9,SCH9,SCH9,glucose_repletion,up,TORC1 による Sch9 のリン酸化の回復,,28976958,,high,2026-10-04,グルコース飢餓のあとの再添加。本文では抗 P-Sch9 S758 抗体などで測定,SCH9:T723:+;SCH9:S726:+,UniProt（TORC1 による、17560372）
SCH9,SCH9,SCH9,amino_acid_starvation,down,TORC1 による Sch9 のリン酸化,,25085507,,medium,2026-10-04,要旨の前提の説明（先行研究のまとめ）,SCH9:T723:+;SCH9:S726:+,UniProt（TORC1 による、17560372）
SCH9,SCH9,SCH9,diauxic_shift,down,Sch9 の不活性化（Mtl1 による TOR1 の抑制）,,25855033,,medium,2026-10-04,ジオーキシックシフトの後（postdiauxic）。遺伝学的な証拠が中心,,
SCH9,SCH9,SCH9,stationary,down,Sch9 の不活性化（静止期）,,25855033,,medium,2026-10-04,題名の一文。静止期（quiescence）で Tor1・Sch9・PKA が下がる,,
TORC2-YPK1,YPK1,YPK1;YPK2;TOR2;AVO1;AVO3,heat,up,Ypk1 による Lac1・Lag1（セラミド合成酵素）のリン酸化,,25279700,,high,2026-10-04,both proteins はセラミド合成酵素の 2 つの触媒サブユニット（Lac1・Lag1）,,
GCN2,GCN2,GCN2,unstressed,inactive,Gcn2 S577 のリン酸化（tRNA 結合を下げて抑える）,,12654728,,high,2026-10-04,富栄養の培地。ラパマイシンで S577 が脱リン酸化され活性化する（同じ要旨）,GCN2:S577:-;SUI2:S51:+,12654728（要旨。S577 のリン酸化は Gcn2 を抑える）・1739968（要旨。Gcn2 による eIF2α S51）
GCN2,GCN2,GCN2,carbon_starvation,up,eIF2α（Sui2）S51 のリン酸化,,10733573,,high,2026-10-04,グルコース飢餓。HisRS 様の領域が必要で、Gcn20 にはよらない,SUI2:S51:+,1739968（要旨。Gcn2 による eIF2α S51）
GCN2,GCN2,GCN2,glucose_limitation,up,eIF2α（Sui2）S51 のリン酸化・GCN4 の翻訳,,10733573,,high,2026-10-04,題名の一文。低グルコースから高グルコースへ移すときの増殖の再開に役立つ（要旨）,SUI2:S51:+,1739968（要旨。Gcn2 による eIF2α S51）
GCN2,GCN2,GCN2,osmotic,up,eIF2α（Sui2）S51 のリン酸化,,11408481,,high,2026-10-04,塩化ナトリウム。Gcn2 の活性化はナトリウムの毒性に働く,SUI2:S51:+,1739968（要旨。Gcn2 による eIF2α S51）
GCN2,GCN2,GCN2,oxidative,up,eIF2α（Sui2）S51 のリン酸化,,18417611,,high,2026-10-04,過酸化水素・クメンヒドロペルオキシド。カドミウム・ジアミドでは Gcn2 と Eap1 の両方による,SUI2:S51:+,1739968（要旨。Gcn2 による eIF2α S51）
GCN4,GCN4,GCN4,carbon_starvation,up,GCN4 の翻訳（タンパク質の量）,,10733573,,high,2026-10-04,mRNA ではなく翻訳で増える,,
GCN4,GCN4,GCN4,glucose_limitation,up,GCN4 の翻訳（タンパク質の量）,,10733573,,high,2026-10-04,題名の一文。mRNA ではなく翻訳で増える,,
GCN4,GCN4,GCN4,osmotic,up,GCN4 の翻訳（Gcn2 に依存）,,11408481,,high,2026-10-04,塩化ナトリウム,,
GCN4,GCN4,GCN4,oxidative,up,GCN4 の翻訳,,18417611,,high,2026-10-04,過酸化水素,,
GLN3,GLN3,GLN3,unstressed,inactive,細胞質にとどまる（Ure2 による）,,20378536,,high,2026-10-04,窒素の豊富な培地（グルタミンなど）,,
GLN3,GLN3,GLN3,amino_acid_starvation,up,核移行と活性化,,11997479,,high,2026-10-04,メチオニンスルホキシミン（グルタミン合成酵素の阻害）によるグルタミンの欠乏。核移行は Sit4 に依存,,
GLN3,GLN3,GLN3,osmotic,down,核から細胞質への移動・リン酸化の増加,5 分以内（NaCl）,17439949,,medium,2026-10-04,Gln3 が核にある条件（プロリン・窒素飢餓・ラパマイシンなど）に塩化ナトリウムを加えると細胞質に戻る。富栄養の通常の増殖ではもともと細胞質にある,,
GLN3,GLN3,GLN3,oxidative,down,核から細胞質への移動・リン酸化の増加,,17439949,,medium,2026-10-04,these stresses は temperature・osmotic・oxidative（同じ要旨の前の文）。Gln3 が核にある条件での変化,,
GAT1,GAT1,GAT1,unstressed,inactive,細胞質にとどまる,,20378536,,high,2026-10-04,窒素の豊富な培地,,
GAT1,GAT1,GAT1,nitrogen_starvation,up,核移行,,20378536,,high,2026-10-04,長期の窒素飢餓には Gat1 の局在は応じない（25527290）,,
GAT1,GAT1,GAT1,rapamycin,up,核移行と Gat1 に依存する遺伝子の発現,,22039046,,high,2026-10-04,Gat1 は Gln3 より強くラパマイシンに応じる,,
GAT1,GAT1,GAT1,amino_acid_starvation,no_change,核移行しない,,22039046,,high,2026-10-04,メチオニンスルホキシミン（グルタミンの欠乏）。11997479 も Gat1 は影響を受けないとする。核にある Gat1 は細胞質に移る（16487345）,,
SFP1,SFP1,SFP1,nitrogen_starvation,down,細胞質にとどまる（核から出る）,,26739646,,medium,2026-10-04,本文の背景の説明（先行研究の引用）。この論文はプロリンへの窒素の切り替えのあと Sfp1 が核に戻る過程を調べる,,
SFP1,SFP1,SFP1,er,down,Sfp1 のリン酸化の低下と核からの退出,,26739646,,medium,2026-10-04,ツニカマイシン。本文の背景の説明（先行研究の引用）,,
SFP1,SFP1,SFP1,diauxic_shift,down,Sfp1 タンパク質の量（Blm10 による分解）・核から細胞全体への分散,,21209318,,high,2026-10-04,ジオーキシックシフトの後に細胞全体に分散する（本文、先行研究の引用）,,
SFP1,SFP1,SFP1,stationary,down,Sfp1 タンパク質の量（Blm10 による分解）,,21209318,,high,2026-10-04,stat phase = 定常期,,
SFP1,SFP1,SFP1,genotoxic,down,Sfp1-GFP の細胞質への移動,,23935119,,medium,2026-10-04,用量による。0.02% の MMS では Sfp1 は増えて核にとどまる（同じ本文）,,
SNF1,SNF1,SNF1;SNF4;GAL83;SIP1;SIP2,unstressed,inactive,活性化ループ T210 のリン酸化,,11486005,,high,2026-10-04,グルコースの多い培地で T210 のリン酸化が見えない,SNF1:T210:+,11486005
SNF1,SNF1,SNF1;SNF4;GAL83;SIP1;SIP2,nitrogen_starvation,up,活性化ループ T210 のリン酸化,,16980405,,high,2026-10-04,二倍体の偽菌糸形成（窒素制限）の文脈。要旨は TOR が Snf1 を負に制御するとも書く,SNF1:T210:+,16980405
SNF1,SNF1,SNF1;SNF4;GAL83;SIP1;SIP2,carbon_starvation,up,活性化ループ T210 のリン酸化,,27107116,,high,2026-10-04,要旨の要点の文（Importance）。T210 のリン酸化が活性化に要ると同じ要旨に書かれる,SNF1:T210:+,27107116
SNF1,SNF1,SNF1;SNF4;GAL83;SIP1;SIP2,glucose_repletion,down,活性化ループ T210 の脱リン酸化（Reg1/Reg2-Glc7）,,27107116,,high,2026-10-04,長いグルコース飢餓の後にグルコースを戻すと T210 が脱リン酸化される（reg2 欠損で遅れる）,SNF1:T210:+,27107116
SNF1,SNF1,SNF1;SNF4;GAL83;SIP1;SIP2,oxidative,up,活性化ループ T210 のリン酸化と触媒活性,,17438333,,high,2026-10-04,,SNF1:T210:+,17438333
SNF1,SNF1,SNF1;SNF4;GAL83;SIP1;SIP2,heat,no_change,活性化ループ T210 のリン酸化と触媒活性,,17438333,,high,2026-10-04,熱ショックでは上がらない（ソルビトールでも上がらない。既存の osmotic 行は NaCl で up、11486005）,SNF1:T210:+,17438333
SNF1,SNF1,SNF1;SNF4;GAL83;SIP1;SIP2,cell_wall,up,活性化ループ T210 のリン酸化,,24486034,,high,2026-10-04,"カスポファンギン（β-1,3-グルカン合成の阻害）で見たもの",SNF1:T210:+,24486034
SNF1,SNF1,SNF1;SNF4;GAL83;SIP1;SIP2,er,up,活性化ループ T210 のリン酸化,ツニカマイシンで 1.5〜3 時間で上がり、少なくとも 7.5 時間続く,26394309,,high,2026-10-04,本文（Fig 2A）。活性化した Snf1 は UPR と Hog1 の経路を抑える方向に働く,SNF1:T210:+,26394309
SNF1,SNF1,SNF1;SNF4;GAL83;SIP1;SIP2,genotoxic,down,Snf1 の SUMO 化（Mms21 による）と ADH2 の発現,,26344768,,medium,2026-10-04,MMS での結果。一方、ヒドロキシ尿素では SNF1 が Mig1 をリン酸化して PPP の遺伝子の抑制を解く（35028974）とあり、損傷の種類で向きが違う可能性がある（MIG1 genotoxic の行を参照）,,
MIG1,MIG1,MIG1,unstressed,active,核への局在（Snf1 によるリン酸化がない）,,10556086,,high,2026-10-04,グルコースのある培地で核にあり抑制因子として働く,MIG1:S278:-;MIG1:S311:-,9523726（S278・S311 は Snf1 の部位で、グルコースのないときの抑制を担う）
MIG1,MIG1,MIG1,carbon_starvation,down,核外への移行とリン酸化,数分以内,9285828,,high,2026-10-04,グルコースを除くと速やかに細胞質へ（Msn5 による核外輸送、10556086）,MIG1:S278:-;MIG1:S311:-,9523726
MIG1,MIG1,MIG1,glucose_repletion,up,核への移行と脱リン酸化,数分以内,9285828,,high,2026-10-04,32948893 では最初の核移行は一時的で、続く核と細胞質の往復に Hxk2 が要るとする,MIG1:S278:-;MIG1:S311:-,9523726
MIG1,MIG1,MIG1,er,down,核外への移行（Snf1 による）,,32986716,,high,2026-10-04,ATG39 の抑制が解ける（ER-phagy）,,
MIG1,MIG1,MIG1,genotoxic,down,Snf1 による Mig1 のリン酸化（抑制の解除）,速やか,35028974,,medium,2026-10-04,ヒドロキシ尿素（複製ストレス）での結果。MMS では Snf1 の活性が下がるとする論文（26344768）があり、損傷の種類で違う可能性,,
MSN2/4,MSN2,MSN2;MSN4,unstressed,inactive,細胞質への局在（PKA による核外輸送）,,9472026,,high,2026-10-04,ストレスのない細胞では細胞質にある（PKA の部位の変異で失われる）,,
MSN2/4,MSN2,MSN2;MSN4,nitrogen_starvation,up,核移行（PP2A に依存）,,15470255,,high,2026-10-04,,,
MSN2/4,MSN2,MSN2;MSN4,rapamycin,up,核移行（持続する）,持続,15470255,,high,2026-10-04,PP2A の欠損で核移行しなくなる,,
MSN2/4,MSN2,MSN2;MSN4,diauxic_shift,up,Msn2・Msn4 の過剰リン酸化（PKA 以外のキナーゼ。活性化と相関）,,10974099,,medium,2026-10-04,過剰リン酸化は Msn2/4 依存の転写の活性化と相関する（要旨）。Msn4 はジオーキシックシフトで一過性に増える,,
MSN2/4,MSN2,MSN2;MSN4,oxidative,up,核移行（チオレドキシン Trx1・Trx2 に依存）,,19581440,,high,2026-10-04,H2O2 による核移行は PKA の活性の低下と相関しない（同じ要旨）,,
MSN2/4,MSN2,MSN2;MSN4,glucose_limitation,up,核移行（最初の一斉の核移行と、その後の散発的なパルス）,最初に一斉に核へ、その後は散発的なパルス,22179789,,high,2026-10-04,本文（Fig. 1a）,,
MSN2/4,MSN2,MSN2;MSN4,glucose_repletion,down,Msn2 の NLS の PKA によるリン酸化（核移行の抑制）,速やか,11782433,,medium,2026-10-04,全長の Msn2 の局在ではなく NLS 断片のリン酸化で見たもの,,
MSN2/4,MSN2,MSN2;MSN4,cell_wall,up,核移行,,28720901,,medium,2026-10-04,"カスポファンギン（β-1,3-グルカン合成の阻害）のみ。ほかの細胞壁ストレス（コンゴーレッドなど）では起こらない",,
PKA,TPK1,TPK1;TPK2;TPK3,unstressed,active,Dam1 の S31 のリン酸化（グルコースに依存）,,30546002,,medium,2026-10-04,グルコースのある通常の増殖でリン酸化され、グルコース制限で下がる（下がる側から見た記述）,DAM1:S31:+,30546002
PKA,TPK1,TPK1;TPK2;TPK3,rapamycin,down,Bcy1 の T129 のリン酸化（Mpk1 による。PKA を抑える）,,20702584,,high,2026-10-04,TORC1 が支えるのは PKA の一部の基質に対する活性だけ（題名）,BCY1:T129:-,20702584
PKA,TPK1,TPK1;TPK2;TPK3,cell_wall,down,cAMP の低下・Ras2 の活性化の低下・PKA の基質のリン酸化の低下,,28720901,,high,2026-10-04,"カスポファンギン（β-1,3-グルカン合成の阻害）のみ。Wsc1 に依存",,
PKA,TPK1,TPK1;TPK2;TPK3,nonfermentable,down,調節サブユニット Bcy1 のリン酸化と細胞質への局在,,21779180,,medium,2026-10-04,本文（Author Summary）で先行研究として述べた一文,,
PKA,TPK1,TPK1;TPK2;TPK3,oxidative,no_change,PKA の活性（Msn2 の核移行と相関しない）,,19581440,,low,2026-10-04,H2O2 で Msn2 は核に移るが PKA の活性の低下とは相関しないという書き方。PKA の活性が変わらないと明記した一文ではない,,
PKA,TPK1,TPK1;TPK2;TPK3,genotoxic,up,調節サブユニット Bcy1 のリン酸化（Mec1 に依存）と cAMP,,21779180,,low,2026-10-04,著者の提案するモデル（局所的な活性化）。全体の PKA の活性を測ったものではない。cdc13-1 などの損傷で分裂期を止める役割,,
RIM15,RIM15,RIM15,phosphate_limitation,up,核移行（14-3-3 結合部位の脱リン酸化）,,16308562;15926040,,medium,2026-10-04,リン酸を感じる Pho80-Pho85 が Rim15 を直接リン酸化して細胞質にとどめる。リン酸飢餓で起こる応答を担うのが Pho85-Rim15 の枝（15926040）。リン酸飢餓の細胞で Rim15 の局在を直接見た一文は要旨にない,,
HOG1,HOG1,HOG1,heat,up,Hog1 のリン酸化,,12455951;30310096,,high,2026-10-04,上流の枝は 2 本の論文で食い違う（12455951 は Sho1、30310096 は Sln1 でグリセロールの流出を介する間接の活性化）,HOG1:Y176:+,UniProt（Pbs2 による、12637550）
HOG1,HOG1,HOG1,oxidative,up,Hog1 のリン酸化（核には移らず細胞質にとどまる）,,15177185;27554843;15385622,,high,2026-10-04,過酸化水素。Ssk1 → Ssk2 → Pbs2 を通る（27554843）,HOG1:Y176:+,UniProt（Pbs2 による、12637550）
HOG1,HOG1,HOG1,cell_wall,up,Hog1 の活性化（リン酸化）,,18184748,,high,2026-10-04,"ザイモリエース（β-1,3-グルカナーゼ）。HOG の活性化が Slt2 の活性化に先立つ",HOG1:Y176:+,UniProt（Pbs2 による、12637550）
HOG1,HOG1,HOG1,carbon_starvation,transient_up,Hog1 のリン酸化・核への一過性の蓄積,核への蓄積は一過性。リン酸化は浸透圧より遅い,26340004;22882253,,high,2026-10-04,グルコース飢餓。Ssk1 に依存し Sho1 に依存しない。Snf1 が制御,HOG1:Y176:+,UniProt（Pbs2 による、12637550）
HOG1,HOG1,HOG1,glucose_repletion,up,Hog1 の活性化（リン酸化）,すばやい,22882253,,high,2026-10-04,グルコースの添加,HOG1:Y176:+,UniProt（Pbs2 による、12637550）
HOG1,HOG1,HOG1,er,up,Hog1 のリン酸化と核移行（後期）,小胞体ストレスの後期,20382742;20430884,,medium,2026-10-04,論文で食い違う: 20382742 は後期にリン酸化・核移行が上がるとし、20430884 はツニカマイシンでリン酸化も核移行も起きない（基礎の活性で働く）とする。時間の違いの可能性,HOG1:Y176:+,UniProt（Pbs2 による、12637550）
SLT2,SLT2,SLT2,unstressed,inactive,Msg5 による脱リン酸化で活性が低い,,30230955,,high,2026-10-04,,SLT2:T190:+,UniProt（19779198）。活性化ループの T190・Y192 の二重リン酸化
SLT2,SLT2,SLT2,oxidative,up,Slt2（Mpk1）のリン酸化,,15385622,,high,2026-10-04,過酸化水素,SLT2:T190:+,UniProt（19779198）。活性化ループの T190・Y192 の二重リン酸化
SLT2,SLT2,SLT2,er,up,Pkc1・Mpk1 の活性化,,14517337,,high,2026-10-04,ツニカマイシン・ミコナゾールなど,SLT2:T190:+,UniProt（19779198）。活性化ループの T190・Y192 の二重リン酸化
SLT2,SLT2,SLT2,genotoxic,up,Mpk1 の活性化（ホスファターゼ Msg5 の分解による）,,30230955,,high,2026-10-04,上流の MEK を介さず、Msg5 の分解で活性が上がる,SLT2:T190:+,UniProt（19779198）。活性化ループの T190・Y192 の二重リン酸化
SLT2,SLT2,SLT2,alkaline,transient_up,Slt2 の活性化,速く一過性,17088254,,high,2026-10-04,Wsc1 が感知する,SLT2:T190:+,UniProt（19779198）。活性化ループの T190・Y192 の二重リン酸化
CRZ1,CRZ1,CRZ1,alkaline,up,カルシニューリン・Crz1 に依存する転写（CDRE）,細胞質のカルシウムは鋭く一過性に上がり、誘導される遺伝子の多くは 10 分で最大,15299026;12453218,,high,2026-10-04,Crz1 の核移行そのものは要旨に書かれていない,,
CRZ1,CRZ1,CRZ1,er,up,カルシウムの流入によるカルシニューリンの活性化,,14517337;12006487,,medium,2026-10-04,カルシニューリンの活性化として書かれ、Crz1 の局在は要旨に書かれていない,,
CRZ1,CRZ1,CRZ1,osmotic,up,Crz1（Tcn1）に依存する遺伝子の誘導,,9407036,,medium,2026-10-04,高塩（NaCl）によるカルシウムのシグナル。ソルビトールでは確かめていない,,
HSF1,HSF1,HSF1,oxidative,up,Hsf1 のリン酸化と CUP1 の転写（HSE 依存）,熱では一過性だが、酸化ストレスでは持続,8598289;25356557,,high,2026-10-04,メナジオン（スーパーオキシド）。Yap1 に依存（25356557）,,
HSF1,HSF1,HSF1,er,up,熱ショック応答（HSR）の活性化,,18323774,,medium,2026-10-04,熱よりも弱い,,
HSF1,HSF1,HSF1,genotoxic,up,HSE に依存する RPN4 の誘導,,16556235,,medium,2026-10-04,MMS。標的 1 つの HSE 依存の誘導から言える範囲,,
YAP1,YAP1,YAP1,unstressed,inactive,Yap1 はおもに細胞質（Crm1 による核外輸送）,,9797454;9130715,,high,2026-10-04,,,
YAP1,YAP1,YAP1,genotoxic,up,Yap1 の核移行,,18708137,,high,2026-10-04,MMS。DNA 損傷で増える活性酸素を介する,,
PHO4,PHO4,PHO4,unstressed,inactive,Pho4 はリン酸化されて主に細胞質（Pse1 による核輸入が妨げられる）,,9732266,,high,2026-10-04,リン酸の豊富な培地での状態,PHO4:S152:-,UniProt（Pho85 による、10320381・8539622）
PHO85-PHO80,PHO85,PHO85;PHO80,unstressed,active,Pho4 のリン酸化,,8539622,,high,2026-10-04,リン酸の豊富な培地での状態,PHO4:S152:+,UniProt（Pho85 による、10320381・8539622）
RTG1/3,RTG3,RTG1;RTG3,amino_acid_starvation,up,Rtg1・Rtg3 の核移行と活性化,,11997479,,high,2026-10-04,グルタミン合成酵素の阻害剤 MSX によるグルタミン飢餓,,
HAC1,HAC1,HAC1;IRE1,nitrogen_starvation,down,HAC1 mRNA のスプライシング（Ire1 による）,速やか,11114886,,high,2026-10-04,アンモニウム塩を戻すとすぐ再びスプライシングされる（同じ要旨）,,
HAC1,HAC1,HAC1;IRE1,heat,up,HAC1 mRNA のスプライシング（HAC1i mRNA の定量 RT-PCR）,,35163590,,medium,2026-10-04,熱ショックではなく 39 °C（最高増殖温度）での培養。誘導はわずか,,
HAC1,HAC1,HAC1;IRE1,nonfermentable,up,HAC1 mRNA のスプライシング,,31484935,,high,2026-10-04,グリセロール培地への移し替え。小胞体の変性タンパク質ではなく呼吸由来の ROS による（同じ要旨）。ジオーキシックシフトでも起こる,,
ATG1,ATG1,ATG1;ATG13;ATG17,carbon_starvation,up,Snf1 に依存する Atg1 の活性化（Atg11 が Snf1 と Atg1 の結合を仲立ち）,,31971848;38980288,,high,2026-10-04,グルコース飢餓。Ca2+ と Rck2 を介して Snf1 が PAS に集まる（38980288）,,
ATG1,ATG1,ATG1;ATG13;ATG17,iron_limitation,up,Atg13 の脱リン酸化・Atg1 のリン酸化,,33507238,,medium,2026-10-04,鉄だけを制限した対数増殖期の培養。TORC1（Tor1）の不活性化を介して bulk オートファジーが起こる,ATG13:S348:-;ATG13:S437:-;ATG13:S438:-;ATG13:S646:-;ATG13:S649:-,UniProt（TORC1 による、19995911）。Atg13 のリン酸化が外れると Atg1 が働く
ATG1,ATG1,ATG1;ATG13;ATG17,phosphate_limitation,up,Atg13 の脱リン酸化（オートファジーの誘導）,窒素飢餓より遅い,28013049,,medium,2026-10-04,オートファジーは窒素飢餓より弱い。Atg11 に依存。Atg1 の活性そのものは要旨で測っていない,ATG13:S348:-;ATG13:S437:-;ATG13:S438:-;ATG13:S646:-;ATG13:S649:-,UniProt（TORC1 による、19995911）。Atg13 のリン酸化が外れると Atg1 が働く
AFT1,AFT1,AFT1,iron_limitation,up,Aft1 の核移行,,36768760;11877447,,high,2026-10-04,核外輸送（NES）が鉄の状態に応える（11877447）。核移行には TORC2-Ypk1 とスフィンゴ脂質が要る,AFT1:S210:-;AFT1:S224:-,29032057（Hog1 が直接リン酸化。リン酸化を模した変異は核外輸送を進める）
AFT1,AFT1,AFT1,unstressed,inactive,Aft1 の働きは鉄が足りているとき止まる（核から出される）,,11877447,,high,2026-10-04,鉄の足りた培地での状態,AFT1:S210:-;AFT1:S224:-,29032057（Hog1 が直接リン酸化。リン酸化を模した変異は核外輸送を進める）
AFT1,AFT1,AFT1,oxidative,transient_up,Aft1 の一過性の核移行と標的遺伝子の転写,一過性,21542867,,high,2026-10-04,非還元的な取り込み系（シデロフォア）の mRNA は増えるが FTR1・FET3 の mRNA は不安定化して低いまま,,
AFT1,AFT1,AFT1,drug,up,Aft1 の核移行（鉄レギュロンの誘導）,,27376881,,medium,2026-10-04,除草剤アラクロール。細胞内の鉄が一過性に減ることによると考えられている,,
AFT1,AFT1,AFT1;AFT2,genotoxic,up,Aft 鉄レギュロンの発現（AFT1・AFT2 に依存）,,16328372,,medium,2026-10-04,ヒドロキシ尿素（複製ストレス）。Aft1 の局在は見ていない。一部の標的の誘導は aft1Δ aft2Δ で消える,,
MEK1,MEK1,MEK1,sporulation,up,H3 の T11 のリン酸化（Mek1 が直接リン酸化し、Mek1 の活性の目印）,,28986445,,high,2026-10-04,減数分裂の DSB に応じて。Mek1 が働かなくなるとすばやく戻る,HHT1:T11:+;HHT2:T11:+,28986445（Mek1 が H3 T11 を直接リン酸化）
CDC7,CDC7,CDC7;DBF4,g1,down,内在の Cdc7 のキナーゼ活性（Mcm2 を基質に測定）,,10373538,,high,2026-10-04,G1 期に Dbf4 が APC 依存で分解される,,
CDC7,CDC7,CDC7;DBF4,g2,up,内在の Cdc7 のキナーゼ活性（Mcm2 を基質に測定）,,10373538,,medium,2026-10-04,S 期から分裂期の終わりまで高い（G2 期は範囲に含まれる）,,
CDC7,CDC7,CDC7;DBF4,m_phase,up,内在の Cdc7 のキナーゼ活性（Mcm2 を基質に測定）,,10373538,,medium,2026-10-04,S 期から分裂期の終わりまで高い,,
UME6,UME6,UME6,nitrogen_starvation,up,N 末端の GSK3 部位のリン酸化（Rim11・Mck1 に依存。Ime1 との結合を促す）,,10891485,,medium,2026-10-04,,,
DGK1,DGK1,DGK1,stationary,up,DAG キナーゼ活性（CKII による S46 のリン酸化に依存）,,27834677,,medium,2026-10-04,,DGK1:S46:+,27834677（CKII の部位）
LCB4,LCB4,LCB4,stationary,down,Lcb4 の分解（液胞への輸送）,,17686782,,medium,2026-10-04,パルミトイル化とリン酸化に依存。G1 期での停止が分解を始める,,
CK2,CKA2,CKA1;CKA2;CKB1;CKB2,g1,up,CKII の活性の測定,,12435747,,medium,2026-10-04,G1 期と G2/M 期で止めた細胞で CKII 活性が高い（G2/M 期は時期が 1 つに決まらないので行にしていない）,,
IRE1,IRE1,IRE1,er,up,Ire1 の S840・S841 の自己リン酸化とエンドヌクレアーゼ活性（HAC1 のスプライシング）,,16990850,,high,2026-10-04,Dcr2 が脱リン酸化して下げる,IRE1:S840:+;IRE1:S841:+,16990850
DIF1,DIF1,DIF1,genotoxic,down,Dun1 によるリン酸化で不活性化・分解,,18851834,,high,2026-10-04,Mec1-Dun1 経路,,
RPH1,RPH1,RPH1,genotoxic,down,タンパク質量（オートファジーによる分解）,,28334815,,high,2026-10-04,Gcn5 によるアセチル化が要る,,
GID10,GID10,GID10,unstressed,inactive,発現,,31337681,,medium,2026-10-04,,,
GID10,GID10,GID10,osmotic,up,発現の誘導,,31337681,,medium,2026-10-04,飢餓でも誘導（飢餓の種類は書かれていない）,,
TDA1,TDA1,TDA1,glucose_limitation,up,Tda1 のリン酸化（高分子量の型）と、免疫沈降した Tda1 の Hxk2 をリン酸化する活性,,40275108,,high,2026-10-04,Snf1 と GSK3（Rim11・Mck1）による,TDA1:S483:+;TDA1:T484:+;TDA1:S509:+,40275108
GID,GID2,GID1;GID2;GID4;GID5;GID7;GID8;GID9,glucose_repletion,up,基質受容体 Gid4 の出現と Fbp1 のユビキチン化,,22645139,,high,2026-10-04,糖新生の条件では Gid4 を欠く 6 つのサブユニットの複合体。グルコースを戻すと Gid4 が現れて結合し、糖新生の酵素の分解が始まる,,
RGA1,RGA1,RGA1,osmotic,up,Cdc28 による抑制のリン酸化が外れる（脱リン酸化）,,34680163,,medium,2026-10-04,Hog1 が Cdc28 によるリン酸化を妨げ、PP2A による脱リン酸化を許す,,
KNS1,KNS1,KNS1,rapamycin,up,Kns1 のタンパク質量の増加（2〜4 倍）・高リン酸化（自己リン酸化）・核への集積,,22364741,,high,2026-10-04,TORC1 の下流。Rpc53 の高リン酸化（T232 の前リン酸化）を引き起こす,,
KNS1,KNS1,KNS1,genotoxic,up,Kns1 のタンパク質量の増加（MMS で 2〜4 倍）,,22364741,,medium,2026-10-04,MMS（アルキル化による DNA 損傷）。量の変化で、活性そのものの測定ではない,,
NAT4,NAT4,NAT4,genotoxic,up,NAT4 の発現の上昇と二本鎖切断部位への動員,,39356727,,medium,2026-10-04,,,
NAT4,NAT4,NAT4,glucose_limitation,down,Nat4 の発現の低下とクロマチンの H4 の N 末端アセチル化の減少,,27799288,,medium,2026-10-04,カロリー制限（CR）,,
MPS1,MPS1,MPS1,mitotic_exit,down,Mps1 のタンパク質量の低下（Cdc14 が Hsp90 の T101 を脱リン酸化して Mps1-Hsp90 を解離させ、Mps1 が分解される）,,26804907,,medium,2026-10-04,量の変化,,
RIM11,RIM11,RIM11,sporulation,transient_up,Rim11 の量と核局在（Rim11-mNG）,transient,38886580,,medium,2026-10-04,減数分裂に入る細胞で増え、核に集まり、減数分裂が進むと減る。TORC1・PKA が止まることによる,,
SSN3,SSN3,SSN3;SSN8,oxidative,down,サイクリン C（Ssn8）の分解,,22421358,,high,2026-10-04,H2O2 でサイクリン C が Not4 によりユビキチン化され分解され、Cdk8 による抑制が外れる,,
PSK1,PSK1,PSK1,oxidative,up,Psk1 のリン酸化（移動度のずれ）と、免疫沈降した Psk1 のキナーゼ活性,,29371596,,high,2026-10-04,H2O2 処理。活性化した Psk1 は Mrc1 の N 末端をリン酸化する,,
MAF1,MAF1,MAF1,carbon_starvation,up,Maf1 の脱リン酸化と核への移行（Pol III の抑制）,,22333918,,high,2026-10-04,ND はグルコースを除いた栄養欠乏。Maf1 は Pol III の抑制因子で、核に入ると働く。PP4（Pph3）が必要,,
RCK2,RCK2,RCK2,carbon_starvation,up,液胞から出たカルシウムによる Rck2 の活性化,,38980288,,medium,2026-10-04,活性化した Rck2 が Atg11 をリン酸化してオートファジーを始める,,
RPD3,RPD3,RPD3,nitrogen_starvation,down,Rpd3L による Ino80 K929・H2A.Z の脱アセチル化,,36888706,,medium,2026-10-04,Rpd3L 複合体として,,
RPD3,RPD3,RPD3,rapamycin,down,Rpd3L による Ino80 K929・H2A.Z の脱アセチル化,,36888706,,medium,2026-10-04,Rpd3L 複合体として,,
CSR2,CSR2,CSR2,carbon_starvation,up,Csr2 のユビキチン化（活性型）と転写の誘導,,28468835,,medium,2026-10-04,グルコース欠乏で,,
CSR2,CSR2,CSR2,glucose_repletion,down,Csr2 の脱ユビキチン化（不活性型）と転写の停止,,28468835,,medium,2026-10-04,PKA と 14-3-3 が関わる,,
RIM8,RIM8,RIM8,alkaline,up,細胞膜への集まり（Rim21 に依存）,,25002535,,medium,2026-10-04,Rim101 経路,,
SCH9,SCH9,SCH9,co2,up,Pkh1/2 による Sch9 の活性化（Cst6 の S266 のリン酸化）,,28143980,,medium,2026-10-04,高い CO2（5%）で,,
SNF1,SNF1,SNF1;SNF4;GAL83;SIP1;SIP2,alkaline,up,活性化ループ T210 のリン酸化,,27592031,,high,2026-10-04,3 つの型（Gal83・Sip1・Sip2）すべてが活性化。本文では持続的な活性化と書かれている,SNF1:T210:+,
PSK1,PSK1,PSK1,alt_carbon,up,Psk1 の活性（Snf1 に依存）,,25428989,,high,2026-10-04,代替炭素源で Snf1 を介して活性化,,
IDS2,IDS2,IDS2,glucose_limitation,up,Ids2 の S148 の脱リン酸化（PP2C による）と Hsp90 との結合,,30516470,,high,2026-10-04,カロリー制限（CR）。グルコースを取り込むと PKA で不活性化される,IDS2:S148:-,30516470
GID,GID10,GID10,heat,up,Gid10（GID E3 の基質受容サブユニット）の発現の誘導,,35437932,,medium,2026-10-04,温度・浸透圧・栄養の変化で誘導される,,
GID,GID10,GID10,osmotic,up,Gid10（GID E3 の基質受容サブユニット）の発現の誘導,,35437932,,medium,2026-10-04,温度・浸透圧・栄養の変化で誘導される,,
TORC1,TOR1,TOR1;TOR2;KOG1;LST8;TCO89,amino_acid_repletion,up,Lst4 のリン酸化・Lst4-Lst7 の液胞膜からの離脱,,28700931,,high,2026-10-04,アミノ酸飢餓のあとの再添加。Lst4-Lst7 が Rag-TORC1 を活性化する,,
SPS,SSY5,SSY1;PTR3;SSY5,amino_acid_repletion,up,Stp1・Stp2 の切断,,29661936,,high,2026-10-04,細胞外のアミノ酸,,
YAK1,YAK1,YAK1,carbon_starvation,up,Pop2 の T97 のリン酸化（Yak1 による）,2 分以内,11358866,,high,2026-10-04,Yak1 はグルコースに応じて核と細胞質の間を行き来する,POP2:T97:+,11358866
YAK1,YAK1,YAK1,glucose_repletion,down,Pop2 の T97 のリン酸化（Yak1 による）,1 分以内,11358866,,high,2026-10-04,グルコースがあると Yak1 は Bmh1・Bmh2 と結合する,POP2:T97:+,11358866
YCF1,YCF1,YCF1,osmotic,up,Ycf1 の働き（カドミウム耐性・液胞での輸送活性）と S251 のリン酸化の低下,,20812950,,high,2026-10-04,高塩ストレス,YCF1:S251:-,20812950
CKA1,CKA1,CKA1,osmotic,down,体内の Cka1 の活性（Ycf1 の S251 のリン酸化）,,20812950,,medium,2026-10-04,高塩ストレス,YCF1:S251:+,20812950
YCK1,YCK1,YCK1;YCK2,unstressed,active,精製した Yck1 による Mth1 のリン酸化（試験管内）が、培養の炭素源やグルコースセンサーの変異によらず起こる,,35102180,,medium,2026-10-04,Yck1・Yck2 は常に活性で、グルコースセンサーに活性化されるのではない（従来のモデルと異なる）,,
UBP2,UBP2,UBP2,oxidative,down,K63 結合のユビキチン鎖の蓄積（過酸化水素で Ubp2 が抑えられる）,,25622294,,medium,2026-10-04,過酸化水素,,
RAD18,RAD18,RAD18;RAD6,genotoxic,up,PCNA K164 のモノユビキチン化,,23034805,,medium,2026-10-04,Rad6-Rad18,,
FBA1,FBA1,FBA1,nitrosative,down,Fba1 の C112 の S-グルタチオン化（活性を抑える）,,36272668,,medium,2026-10-04,ニトロソ化ストレスで S-グルタチオン化が増え、Fba1 の活性が下がる。Grx1 が戻す,,
KSP1,KSP1,KSP1,carbon_starvation,up,Ksp1 の脱リン酸化（TORC1 の部位）と eIF4G をリン酸化する活性の上昇,,29438499,,medium,2026-10-04,グルコース欠乏で TORC1 が止まり、Snf1 の信号と合わせて Ksp1 が脱リン酸化され活性化する,,
PMA1,PMA1,PMA1,carbon_starvation,down,Pma1 の S911-T912 の脱リン酸化（Glc7 に依存）で C 末端の自己抑制ドメインが働く,,38227612,,high,2026-10-04,,PMA1:S911:+;PMA1:T912:+,38227612
PMA1,PMA1,PMA1,glucose_repletion,up,Pma1 の ATP への親和性（S899）と Vmax（T912）の上昇,,16510118,,high,2026-10-04,Ptk2 が S899 側の活性化を担う,PMA1:S899:+;PMA1:T912:+,16510118
TRX3,TRX3,TRX3,oxidative,down,Trx3 の還元型の割合（酸化ストレスで酸化される）,,15701801,,medium,2026-10-04,ミトコンドリアのチオレドキシン。通常の増殖では還元型に保たれる,,
TORC1,TOR1,TOR1;TOR2;KOG1;LST8;TCO89,nonfermentable,down,TORC1 の活性,,33957926,,high,2026-10-04,グルコースを加えると TORC1 の活性が上がる,,
RTG1/3,RTG3,RTG1;RTG3,mitochondrial,up,Rtg1-Rtg3 の核への集まり・Rtg3 の部分的な脱リン酸化,,10848632,,high,2026-10-04,rho0 プチ（ミトコンドリアの機能不全）。Rtg2 に依存する,,
RAS2,RAS2,RAS2,glucose_repletion,up,Ras2 の GTP 結合型の割合,,15339905,,high,2026-10-04,Cdc25 を欠くと大きく遅れる,,
PFK26,PFK26,PFK26,glucose_repletion,up,PFK2 の酵素活性とリン酸化,,12755632,,medium,2026-10-04,Ras-cAMP 経路を介する,,
SIP4,SIP4,SIP4,glucose_limitation,up,Sip4 のリン酸化と転写の活性化,,10581241,,medium,2026-10-04,Snf1 と Gal83 に依存,,
CRZ1,CRZ1,CRZ1,light,up,Crz1 の核局在と標的遺伝子 CMK2 の転写,sustained,23335962,,high,2026-10-04,青色光。カルシニューリンと Nmd5 に依存、PKA には影響されない,,
CRZ1,CRZ1,CRZ1,drug,up,Crz1 の核局在と CDRE に依存する発現,,19147100,,high,2026-10-04,エタノールストレス,,
IRE1,IRE1,IRE1,unstressed,inactive,Kar2 が結合して非リン酸化の不活性状態に保つ,,11118306,,medium,2026-10-04,窒素の多い通常の増殖でも HAC1 のスプライシングが弱く起きるとする報告がある（11114886、二倍体）。細胞壁の経路を介した基礎の UPR も報告（18971375）。inactive は「ストレスなしでは Kar2 が結合して抑える」という基本状態として残す,,
OPI1,OPI1,OPI1,lipid,up,小胞体から核への移行と標的遺伝子の抑制,,15192221,,high,2026-10-04,イノシトールの添加,,
RRN3,RRN3,RRN3,stationary,down,Pol I-Rrn3 複合体（開始能のある Pol I）,,9649439,,high,2026-10-04,,,
RRN3,RRN3,RRN3,rapamycin,down,Pol I-Rrn3 複合体の量,,14595104,,high,2026-10-04,,,
KSS1,KSS1,KSS1,osmotic,up,活性化ループのリン酸化,,19218425,,medium,2026-10-04,HOG 経路の活性化でリン酸化されるが、Tec1 の活性化は Hog1 に妨げられ糸状成長の転写は起きない,,
STE7,STE7,STE7,osmotic,up,リン酸化,,19218425,,medium,2026-10-04,HOG 経路の活性化でリン酸化される,,
GLC7,GLC7,GLC7,glucose_repletion,up,試験管内で測った PP1 の活性（グルコース飢餓の細胞にグルコースを加えたあと）,,22290422,,high,2026-10-04,活性化は Reg1・Shp1 に完全に依存し、Rts1 にも依存する。cAMP-PKA 経路の活性化が必要,,
PP2A,PPH21,PPH21;PPH22;TPD3;CDC55;RTS1,glucose_repletion,up,試験管内で測った PP2A の活性（グルコース飢餓の細胞にグルコースを加えたあと）,,22290422,,high,2026-10-04,活性化は Rts1・Cdc55・Rrd1・Rrd2 に依存し、触媒サブユニットのカルボキシメチル化を伴う,,
MTH1,MTH1,MTH1,glucose_repletion,down,Mth1 タンパク質の量（グルコースで分解される）,,20205947,,high,2026-10-04,Rgt2/Snf3・Yck1/2・SCF-Grr1 による。分解は核で起こる,,
RGT1,RGT1,RGT1,glucose_repletion,down,HXT プロモーターへの Rgt1 の結合（抑制の働き）,,12925759,,high,2026-10-04,Grr1 による Mth1 の分解と PKA による Rgt1 のリン酸化による,,
CRT1,CRT1,CRT1,genotoxic,down,Crt1 の過剰リン酸化と DNA からの解離,,9741624,,high,2026-10-04,リプレッサーの働きが失われ RNR などの遺伝子が誘導される,,
MAF1,MAF1,MAF1,rapamycin,up,脱リン酸化・核への集まり・Pol III との結合,,16762835,,high,2026-10-04,抑制の条件（ラパマイシンなど）。PP2A に依存する,,
IFH1,IFH1,IFH1,rapamycin,down,RP 遺伝子プロモーターへの結合,,15616569,,medium,2026-10-04,TOR を止めたとき（要旨は TOR inhibition）,,
STB3,STB3,STB3,glucose_repletion,down,核から細胞質への移行（抑制因子として働かなくなる）,,20385783,,high,2026-10-04,静止期の細胞では核にある,,
STB3,STB3,STB3,rapamycin,up,核にとどまる,,20385783,,medium,2026-10-04,要旨は Inhibition of Tor signaling,,
CRF1,CRF1,CRF1,rapamycin,up,Yak1 によるリン酸化・核への集まり,,15620355,,high,2026-10-04,要旨は TOR inactivation,,
YAK1,YAK1,YAK1,rapamycin,up,活性化（Crf1 のリン酸化）,,15620355,,medium,2026-10-04,要旨は TOR inactivation,,
eIF4G,TIF4631,TIF4631;TIF4632,rapamycin,down,eIF4G の分解,,9539725,,medium,2026-10-04,タンパク質量。要旨は Tif4631/Tif4632 を区別しない,,
eIF4G,TIF4631,TIF4631;TIF4632,diauxic_shift,down,eIF4G の分解,,9539725,,medium,2026-10-04,タンパク質量。要旨は Tif4631/Tif4632 を区別しない,,
FAB1,FAB1,FAB1;VAC14;VAC7;FIG4,osmotic,transient_up,"PI(3,5)P2 の量（Fab1 の産物）",transient,16492811,,high,2026-10-04,高浸透圧ショック。Vac14・Vac7 に依存する（11889142 でも 10 分で 20 倍）,,
PKH1,PKH1,PKH1;PKH2,heat,up,Pil1・Lsp1 の高リン酸化型（species C）,,18296441,,medium,2026-10-04,熱ストレスでの Pkh1/2 の活性化はこの要旨では既知の事実として述べられている,,
RPH1,RPH1,RPH1,nitrogen_starvation,down,Rim15 によるリン酸化（Rph1 の働きの抑制）,,25660547,,high,2026-10-04,,,
RPH1,RPH1,RPH1,rapamycin,down,Rim15 によるリン酸化とリボソームの遺伝子からの解離,,32619236,,medium,2026-10-04,,,
TORC1,TOR1,TOR1;TOR2;KOG1;LST8;TCO89,alt_nitrogen,down,TORC1 の活性（リン酸化プロテオミクス・活性測定）,,41318596,,medium,2026-10-04,グルタミンからプロリンへ移したとき。一部だけ抑えられる（Low Nitrogen Adaptive 状態）。Ait1 と Gcn2 による,,
RCK2,RCK2,RCK2,osmotic,transient_up,Hog1 による Rck2 のリン酸化（eEF2 へのキナーゼ活性の上昇）,transient,11344302,,high,2026-10-04,Hog1 の触媒活性と Rck2 の 2 か所の MAPK 部位に依存,,
SNF1,SNF1,SNF1;SNF4;GAL83;SIP1;SIP2,iron_limitation,down,核の Snf1 の活性（Aft1 がポリヒスチジンに結合して抑える）,,36674878,,medium,2026-10-04,グルコースがないときの話。核の Snf1 だけが抑えられ、細胞質の Snf1 は変わらない,,
STB3,STB3,STB3,stationary,up,核にとどまる（成長遺伝子の抑制因子として働く）,,20385783,,medium,2026-10-04,静止（G0）期の細胞,,
SCP160,SCP160,SCP160,mating,up,Scp160 の RNA 結合（Gpa1 の活性化による）,,22832273,,high,2026-10-04,,,
STE5,STE5,STE5,mating,up,Ste5 の核外移行と細胞膜（Gβγ）への移動,,10481914,,high,2026-10-04,,,
ROD1,ROD1,ROD1,glucose_repletion,up,脱リン酸化・14-3-3 からの解離・Rsp5 によるユビキチン化,,22249293,,high,2026-10-04,グルコースを加えると Glc7-Reg1 で脱リン酸化され活性化する,,
RGT2,RGT2,RGT2,carbon_starvation,down,タンパク質の量（エンドサイトーシスと液胞での分解）,,33617932,,medium,2026-10-04,グルコース飢餓で Rgt2 はエンドサイトーシスされ分解される,,
MIG2,MIG2,MIG2,glucose_limitation,down,局在（核からミトコンドリアへ）,,22353369,,medium,2026-10-04,低グルコースでは核の抑制因子としての Mig2 が減りミトコンドリアに移る,,
NDD1,NDD1,NDD1,genotoxic,down,リン酸化とプロモーターへの結合の低下,,24324011,,high,2026-10-04,Rad53 に依存するリン酸化。CLB2 群の転写が下がる,,
RFX1,RFX1,RFX1,genotoxic,down,過剰リン酸化と DNA への結合の消失,,9741624,,high,2026-10-04,RFX1 = Crt1（抑制因子）。損傷誘導遺伝子の抑制が解ける,,
FUN30,FUN30,FUN30,genotoxic,up,Cdk1 による S28 のリン酸化,,26801641,,medium,2026-10-04,S28 のリン酸化は Fun30 の DNA 損傷応答での働きを高める,FUN30:S28:+,26801641
PAR32,PAR32,PAR32,alt_nitrogen,down,Npr1 によるリン酸化・細胞質にとどまる（アンモニウム輸送体は働く）,,26172854,,high,2026-10-04,良い窒素源の添加では脱リン酸化し細胞表面で Mep を抑える,,
LST4-LST7,LST4,LST4;LST7,amino_acid_repletion,transient_up,Gtr2 への一過性の結合と GAP 作用・液胞膜からの分散,transient,26387955,,high,2026-10-04,アミノ酸飢餓では液胞膜に集まる,,
RPA190,RPA190,RPA190,m_phase,down,rDNA の転写（Pol I）・Pol I サブユニットの核小体からの排除,,19158678,,high,2026-10-04,後期に Cdc14 に依存して Pol I の転写が止まる（Pol I を代表して RPA190）,,
PAH1,PAH1,PAH1,rapamycin,up,Pah1 の脱リン酸化・PAP 活性・TAG の蓄積,,25117580,,high,2026-10-04,ラパマイシンで TORC1 を止めた。Nem1-Spo7 に依存,,
NEM1-SPO7,NEM1,NEM1;SPO7,rapamycin,up,Nem1 S195 のリン酸化・Pah1 の活性化,,30201264,,medium,2026-10-04,TORC1 を止めたとき（先行研究の要約として述べる文）,,
calcineurin,CNA1,CNA1;CMP2;CNB1,er,up,Cch1-Mid1 からの Ca2+ 流入によるカルシニューリンの活性化,,14517337,,high,2026-10-04,This response は小胞体ストレスで起こる Cch1-Mid1 を通る Ca2+ の流入,,
calcineurin,CNA1,CNA1;CMP2;CNB1,alkaline,up,カルシニューリン依存のプロモーターの応答（Ca2+ の一過性の上昇に続く）,,15299026,,high,2026-10-04,細胞質 Ca2+ の上昇は一過性,,
SNF1,SNF1,SNF1;SNF4;GAL83;SIP1;SIP2,calcium,up,活性化ループ T210 のリン酸化,,20002498,,high,2026-10-04,CaCl2 処理。Tos3・Sak1・Elm1 に依存,SNF1:T210:+,20002498
CLA4,CLA4,CLA4,m_phase,up,Cla4 の比活性（免疫沈降したキナーゼの測定）,,9271384,,medium,2026-10-04,Cdc42-GTP で活性化される,,
GIN4,GIN4,GIN4,m_phase,up,Gin4 の過剰リン酸化とキナーゼ活性,,12058072,,medium,2026-10-04,分裂期に Nap1・Bni5・セプチンと複合体をつくり、互いにリン酸化する,,
WHI2-PSR1-PSR2,WHI2,WHI2;PSR1;PSR2,amino_acid_starvation,up,TORC1 を抑える働き（Whi2-Tor1 の結合）,,40103213,,medium,2026-10-04,低ロイシンで働く。窒素を抜いたときは働かない（Whi2-Tor1 の結合は窒素飢餓で下がる）,,
SLT2,SLT2,SLT2,stationary,up,PKC 経路（Mpk1）の活性化,,12171921,,medium,2026-10-04,定常期に入るとき。要旨は PKC 経路の活性化と書く,,
SLT2,SLT2,SLT2,metal_stress,transient_up,Slt2 のリン酸化（ウエスタン）,transient,27607883,,high,2026-10-04,亜ヒ酸の流入に応じて一過性にリン酸化される,,
TORC2,TOR2,TOR2;AVO1;AVO2;AVO3;LST8,osmotic,down,TORC2 に依存する Ypk1 による Fps1 のリン酸化,,26274562,,medium,2026-10-04,高浸透圧で TORC2-Ypk1 による Fps1 のリン酸化が止まり、Fps1 が閉じる（Hog1 に依らない）,,
PHO84,PHO84,PHO84,phosphate_repletion,down,細胞膜からのエンドサイトーシスと液胞への輸送,,10655492,,high,2026-10-04,低リン酸では細胞膜にある,,
PHO87,PHO87,PHO87,phosphate_limitation,down,細胞膜からのエンドサイトーシスと液胞への輸送（SPL2 に依存）,,21143198,,high,2026-10-04,Pho87 では SPL2 に厳密に依存,,
PHO90,PHO90,PHO90,phosphate_limitation,down,細胞膜からのエンドサイトーシスと液胞への輸送（Pho4・Spl2 に依存しない）,,21143198,,high,2026-10-04,SPX ドメインは要る,,
PHO87,PHO87,PHO87,carbon_starvation,down,液胞への輸送（SPX ドメインに依存）,,21143198,,high,2026-10-04,PHO 経路とは独立,,
PHO90,PHO90,PHO90,carbon_starvation,down,液胞への輸送（SPX ドメインに依存）,,21143198,,high,2026-10-04,PHO 経路とは独立,,
PHO87,PHO87,PHO87,rapamycin,down,液胞への輸送（SPX ドメインに依存）,,21143198,,high,2026-10-04,PHO 経路とは独立,,
PHO90,PHO90,PHO90,rapamycin,down,液胞への輸送（SPX ドメインに依存）,,21143198,,high,2026-10-04,PHO 経路とは独立,,
FBP1,FBP1,FBP1,glucose_repletion,down,Fbp1 の蛋白量（ユビキチン化とプロテアソームでの分解）,,10811607,,high,2026-10-04,非発酵性炭素源で作られた Fbp1 がグルコースに移すと速く分解される（Ubc8・GID 複合体を介する）,,
ECM21,ECM21,ECM21,amino_acid_starvation,up,Art2/Ecm21 のタンパク量（Gcn4 による転写の誘導）,,32744498,,high,2026-10-04,アミノ酸と窒素の飢餓で Art2 が増え、Art2-Rsp5 によるアミノ酸輸送体のエンドサイトーシスが起きる,,
DED1,DED1,DED1,carbon_starvation,down,mRNA の 5′ 末端への結合（走査する開始因子）,,33053322,,medium,2026-10-04,グルコースを除くと 30 秒以内に mRNA の 5′ 末端への結合が消える（mRNA は安定）,,
DED1,DED1,DED1,heat,down,mRNA の 5′ 末端への結合（走査する開始因子）,,33053322,,medium,2026-10-04,熱ショックで約 16 分かけて 5′ 末端への結合が徐々に失われる,,
TIF3,TIF3,TIF3,carbon_starvation,down,mRNA の 5′ 末端への結合（走査する開始因子）,,33053322,,medium,2026-10-04,グルコースを除くと 30 秒以内に mRNA の 5′ 末端への結合が消える（mRNA は安定）（TIF3 = eIF4B）,,
TIF3,TIF3,TIF3,heat,down,mRNA の 5′ 末端への結合（走査する開始因子）,,33053322,,medium,2026-10-04,熱ショックで約 16 分かけて 5′ 末端への結合が徐々に失われる（TIF3 = eIF4B）,,
HMG1,HMG1,HMG1,carbon_starvation,up,Hmg1 の活性（Nsg1 の不安定化による）,,42227952,,medium,2026-10-04,グルコース飢餓。NVJ への集合を介する,,
NSG1,NSG1,NSG1,carbon_starvation,down,Nsg1 タンパク質の安定性,,42227952,,medium,2026-10-04,グルコース飢餓で NVJ に集められ不安定になる,,
RIM101,RIM101,RIM101,alkaline,up,Rim101 の C 末端の切断（活性化）,,9017390,,high,2026-10-04,Rim1p は Rim101 の旧名,,
RIM20,RIM20,RIM20,alkaline,up,Rim20-GFP のエンドソームの点状構造への集まり,,16407402,,high,2026-10-04,Rim101 の切断に要る Rim8・Rim9・Rim21・Dfg16・Snf7 などが点状構造の形成に必要,,
RIM13,RIM13,RIM13,alkaline,up,Rim13-GFP の点状構造（Rim20-ESCRT 複合体）への集まり,,22865500,,high,2026-10-04,,,
ARF3,ARF3,ARF3,carbon_starvation,up,GTP 型 Arf3 の量,,23783029,,medium,2026-10-04,グルコース枯渇で起こる侵入性増殖の条件。GEF の Yel1 に依存しない,,
TORC1,TOR1,TOR1;TOR2;KOG1;LST8;TCO89,phosphate_limitation,no_change,Rps6 のリン酸化（TORC1 の活性の指標）,60 分,37871123,,medium,2026-10-04,C. glabrata では速く強く下がるが、S. cerevisiae では 60 分のリン酸飢餓で P-Rps6 の割合が変わらない（本文 Fig 7）。本文の導入では S. cerevisiae の TORC1 は遅く弱く応じるとも書く,,
TORC1,TOR1,TOR1;TOR2;KOG1;LST8;TCO89,phosphate_repletion,no_change,Sch9 のリン酸化（断片化した Sch9 のバンドシフト）,,28810702,,medium,2026-10-04,リン酸飢餓の細胞にリン酸を加えても Sch9 のリン酸化は増えない（本文 Fig 1C）。Pho84 を介した PKA の活性化とは別,,
TORC1,TOR1,TOR1;TOR2;KOG1;LST8;TCO89,er,down,TORC1 の活性（ツニカマイシン）,,35205847,,high,2026-10-04,Slt2 を欠く細胞では下がらない,,
TORC1,TOR1,TOR1;TOR2;KOG1;LST8;TCO89,genotoxic,down,TORC1 の活性の低下・Atg13 の脱リン酸化,,31201849,,high,2026-10-04,Gtr1 は要らない。オートファジーが誘導される,,
SNF1,SNF1,SNF1;SNF4;GAL83;SIP1;SIP2,diauxic_shift,up,活性化ループ T210 のリン酸化（Sak1 による）,,28373292,,medium,2026-10-04,カロリー制限で最大の活性化の期間がジオーキシックシフトの後まで延びる、という文。通常の培養での変化の大きさは要旨にない,SNF1:T210:+,28373292
IRE1,IRE1,IRE1,diauxic_shift,up,HAC1 mRNA のスプライシング,,31484935,,high,2026-10-04,小胞体の折りたたみ異常ではなく、呼吸でできる活性酸素を介した活性化。グリセロールの培地に移したときも同じ,,
IRE1,IRE1,IRE1,nitrogen_starvation,down,HAC1 mRNA のスプライシング,速やかに止まる,11114886,,high,2026-10-04,二倍体。窒素の多い環境では HAC1 のスプライシングが起きている（unstressed 行の inactive と食い違う。この論文は窒素の多い状態で UPR が弱く働くとする）,,
IRE1,IRE1,IRE1,heat,up,HAC1 mRNA のスプライシング・Ire1 の点状の集合,,35163590;42598231,,medium,2026-10-04,35163590 は増殖の上限の 39℃ での培養でわずかに誘導（熱ショックではない）。42598231 は熱ストレスで Ire1 が点状に集まる,,
IRE1,IRE1,IRE1,cell_wall,up,UPR の活性化（UPRE レポーター）,,18971375,,medium,2026-10-04,細胞壁の経路（Slt2 → Swi6）を介した UPR の活性化。Ire1 を通るかは要旨では特定されない。通常の増殖でも基礎の UPR がある,,
IRE1,IRE1,IRE1,weak_acid,up,Ire1 の活性化・Hac1 の誘導,,28702017,,high,2026-10-04,0.2% より濃い酢酸。プロピオン酸・ソルビン酸でも UPR が誘導される（同じ要旨）。0.1% では活性化しない,,
PP2A,PPH21,PPH21;PPH22;TPD3;CDC55;RTS1,carbon_starvation,down,TORC1 の下の PP2A 系の信号（PP2A に依存する遺伝子の発現・バンドシフト）,,25085507,,medium,2026-10-04,窒素飢餓と違い PP2A 系は抑えられた（働かない）状態。窒素とグルコースを同時に除いてもこの状態。Snf1 などによる,,
PP2A,PPH21,PPH21;PPH22;TPD3;CDC55;RTS1,nitrogen_starvation,up,TORC1 の下の PP2A 系の信号（PP2A に依存する遺伝子の発現）,,25085507,,medium,2026-10-04,要旨の背景の説明（先行研究のまとめ）。Gtr1・Gtr2・Rho1 が TORC1 に結合して PP2A を活性化,,
PP2A,PPH21,PPH21;PPH22;TPD3;CDC55;RTS1,amino_acid_starvation,up,TORC1 の下の PP2A 系の信号（PP2A に依存する遺伝子の発現）,,25085507,,medium,2026-10-04,要旨の背景の説明（先行研究のまとめ）。Gtr1・Gtr2・Rho1 が TORC1 に結合して PP2A を活性化,,
PP2A,PPH21,PPH21;PPH22;TPD3;CDC55;RTS1,heat,up,TORC1 の下の PP2A 系の信号（PP2A に依存する遺伝子の発現）,,25085507,,medium,2026-10-04,弱い（weak）PP2A 系の信号,,
PP2A,PPH21,PPH21;PPH22;TPD3;CDC55;RTS1,osmotic,down,TORC1 の下の PP2A 系の信号（PP2A に依存する遺伝子の発現）,,25085507,,medium,2026-10-04,Hog1 による。この状態でも窒素飢餓では PP2A 系が働く,,
PP2A,PPH21,PPH21;PPH22;TPD3;CDC55;RTS1,oxidative,up,TORC1 の下の PP2A 系の信号（PP2A に依存する遺伝子の発現）,,25085507,,medium,2026-10-04,弱い（weak）PP2A 系の信号,,
TORC2-YPK1,YPK1,YPK1;YPK2;TOR2;AVO1;AVO3,weak_acid,up,TORC2 による Ypk1 のリン酸化と活性化,,27671892,,high,2026-10-04,酢酸ストレス。Ypk1 の活性化は酢酸への耐性に必要（同じ要旨）,,
RIM15,RIM15,RIM15,amino_acid_repletion,down,Rim15 の細胞内の再配置と転写の抑制（Sch9 を介する）,,24516402,,medium,2026-10-04,セリン・トレオニン・バリンの添加,,
CRZ1,CRZ1,CRZ1,mating,up,Crz1 の核局在（バースト）,パルス状の核局在,28031257,,high,2026-10-04,フェロモンでカルシウムのバーストの頻度が上がる（同じ要旨）,,
CRZ1,CRZ1,CRZ1,glucose_repletion,up,カルシニューリンによる Crz1 の活性化,,21511333,,medium,2026-10-04,グルコース飢餓（脱抑制）の細胞にグルコースを加え、培地にカルシウムがあるとき,,
GLN3,GLN3,GLN3,carbon_starvation,up,核移行,,12140287,,medium,2026-10-04,窒素源がアンモニアのとき。グルタミンでは核に入らない（窒素代謝を介する間接の効果）,,
RAD53,RAD53,RAD53,oxidative,up,Rad53 のリン酸化（活性化）,,15177185;11387222,,high,2026-10-04,過酸化水素。Mec1 に依存し、S 期の細胞だけ（G1・G2 では塩基除去修復で信号が出ない、11387222）,,
PKA,TPK1,TPK1;TPK2;TPK3,stationary,down,触媒サブユニット Tpk1 のリン酸化（PKA の活性化に依存）,,16226873,,medium,2026-10-04,Tpk1 のリン酸化は Tpk1 の比活性を上げる（同じ要旨）,,
PKA,TPK1,TPK1;TPK2;TPK3,amino_acid_repletion,up,トレハラーゼの活性化など PKA の標的（Gap1 を介する）,速やか,14617151,,medium,2026-10-04,グルコースのある培地で窒素飢餓にした細胞にアミノ酸を加えたとき。PKA の活性そのものではなく標的で見たもの,,
PKA,TPK1,TPK1;TPK2;TPK3,phosphate_repletion,up,トレハラーゼの活性化など PKA の標的（Pho84 を介する）,速やか,12581367,,medium,2026-10-04,グルコースのある培地でリン酸飢餓にした細胞。cAMP の信号は出ない（同じ要旨）。TPK の変異でトレハラーゼの活性化が弱まる,,
PKA,TPK1,TPK1;TPK2;TPK3,heat,down,Tpk3 の細胞質の顆粒への隔離（Hsp42 に依存）,可逆,38865242,,medium,2026-10-04,Tpk3 だけ（アイソフォームに特異的）。Tpk1・Tpk2 全体の活性の記述ではない,,
PKA,TPK1,TPK1;TPK2;TPK3,alkaline,transient_down,cAMP の一過性の低下,一過性,21749328,,medium,2026-10-04,同じ要旨で Msn2 の速やかな核移行も見ている。PKA の経路の抑制がアルカリへの適応の大きな部分を占める,,
MSN2/4,MSN2,MSN2;MSN4,alkaline,up,Msn2 の核移行,速やか,21749328,,high,2026-10-04,STRE-lacZ も速やかに誘導される。10 分後の誘導遺伝子の 47% が Msn2/4 に依存,,
MSN2/4,MSN2,MSN2;MSN4,calcium,up,Msn2 の核移行のバースト（パルス）,散発的なパルス,18818649,,medium,2026-10-04,カルシウムストレスで Crz1 と似た（ただし相関しない）核移行のバーストを示す,,
GCN4,GCN4,GCN4,nitrogen_starvation,down,GCN4 の翻訳（uORF に依存）,,11356835,,high,2026-10-04,GCN4 の転写は上がるが翻訳が止まり、Gcn4 の標的（GCRE-lacZ・ARO4）の転写は抑えられる。eIF2α のリン酸化とは別の仕組み,,
GCN4,GCN4,GCN4,unstressed,inactive,GCN4 の翻訳（飢餓のない細胞では抑えられている）,,21227927,,medium,2026-10-04,変異の効果を調べた文の中で、飢餓のない細胞での翻訳の抑制として述べたもの,,
GCN4,GCN4,GCN4,genotoxic,up,GCN4 の翻訳（抑制の解除）,,21227927,,medium,2026-10-04,MMS（メタンスルホン酸メチル）。変異の効果を調べた文の中で、翻訳の抑制の解除として述べたもの,,
HSF1,HSF1,HSF1,unstressed,inactive,Hsp70 の結合による抑制,,29393852,,medium,2026-10-04,Hsp70 が結合して抑えている。基礎の活性はわずかにある（CE2 を除くと基礎の活性が上がる、同じ要旨）,,
ATG1,ATG1,ATG1;ATG13;ATG17,er,up,Atg1 のキナーゼ活性,,16901900,,high,2026-10-04,小胞体ストレスで PAS の形成とオートファゴソームの形成も促される,,
ATG1,ATG1,ATG1;ATG13;ATG17,unstressed,inactive,Atg1 の活性化（Atg13 のリン酸化で抑えられる）,,19995911,,medium,2026-10-04,富栄養の培地では TORC1 が Atg13 をリン酸化して Atg1 を抑えている（リン酸化されない Atg13 の変異体との対比から）,,
FUS3,FUS3,FUS3,unstressed,inactive,Fus3 のチロシンのリン酸化（Ptp3 による脱リン酸化で基礎の活性が低い）,,9224718,,high,2026-10-04,,,
FUS3,FUS3,FUS3,osmotic,no_change,Fus3 の活性化（Hog1 が混線を防ぐ）,,34680163,,medium,2026-10-04,野生型では Hog1 が浸透圧の経路から Fus3 への混線を防ぐ（Hog1 がない、または Rga1 を欠くと高浸透圧で Fus3 が活性化される）,,
SCH9,SCH9,SCH9,amino_acid_repletion,up,Sch9 の C 末端（TORC1 部位）のリン酸化,sustained・好ましい窒素源では速く持続、乏しい窒素源では速いが一過性,25063813;28810702,,medium,2026-10-04,窒素飢餓の細胞に窒素源（グルタミンなど）や L-シトルリンを加え直したとき。TORC1 の活性の目印として測っている,,
SCH9,SCH9,SCH9,phosphate_repletion,up,Sch9（断片）のリン酸化,,28810702,,low,2026-10-04,リン酸飢餓の細胞にリン酸を加えると Sch9 のリン酸化が上がり、ラパマイシンで抑えられる（直前の文の L-シトルリンと同じ）。要旨の書き方が間接的,,
SCH9,SCH9,SCH9,weak_acid,up,Pkh1/2 による Sch9 のリン酸化,,32318242,,medium,2026-10-04,酢酸で細胞死を起こす条件。部位は要旨に書かれていない,,
HOG1,HOG1,HOG1,unstressed,inactive,Hog1-GFP の細胞質局在（核に入っていない）,,9755161,,medium,2026-10-04,浸透圧ストレスでリン酸化されて核に入る。ストレスのない細胞では細胞質にある,,
HOG1,HOG1,HOG1,mating,down,Hog1 のリン酸化,,25492886,,medium,2026-10-04,NaCl とフェロモンの同時刺激を含むリン酸化プロテオーム（質量分析）の結果,,
YAP1,YAP1,YAP1,carbon_starvation,up,GFP-Yap1 の核への集積,,12582119,,high,2026-10-04,Snf1・PKA・TOR・Yak1 に依存せず、過酸化水素とは別の仕組み。グリセロールに適応すると細胞質に戻る,,
YAP1,YAP1,YAP1,heat,no_change,GFP-Yap1 の核への集積,,12582119,,medium,2026-10-04,,,
YAP1,YAP1,YAP1,osmotic,no_change,GFP-Yap1 の核への集積,,12582119,,low,2026-10-04,要旨の言葉は「イオンストレス」（塩の種類は書かれていない）,,
KSS1,KSS1,KSS1,rapamycin,no_change,Kss1 のリン酸化,,35705668,,medium,2026-10-04,α 因子と違い、ラパマイシンによる G1 停止では Kss1・Fus3 のリン酸化は検出されない,,
HST4,HST4,HST4,genotoxic,down,Hst4 のタンパク質量（チェックポイント依存の減少）,,16818235,,medium,2026-10-04,DNA 損傷で Hst3 とともにチェックポイントに依存して減り、H3K56ac が増える,,
IPL1,IPL1,IPL1,m_phase,up,H3 S10 のリン酸化（Ipl1 と Glc7 の釣り合い）,,10975519,,medium,2026-10-04,分裂期に H3 S10 のリン酸化が Ipl1 に依存して生じる,HHT1:S10:+;HHT2:S10:+,10975519
RPH1,RPH1,RPH1,oxidative,down,クロマチン（標的遺伝子のプロモーター）からの解離,,23985319,,medium,2026-10-04,Rph1 は転写抑制因子で、酸化ストレスで標的のプロモーターから外れ、そのあと遺伝子が脱抑制される,,
STE20,STE20,STE20,oxidative,up,核への移行と H2B S10 のリン酸化,,15652479,,medium,2026-10-04,過酸化水素による細胞死の経路で核へ移り H2B S10 をリン酸化する,HTB1:S10:+;HTB2:S10:+,15652479
CYR1,CYR1,CYR1,glucose_repletion,transient_up,cAMP の量,一過性・1-2 分,2832519,,high,2026-10-04,グルコースで抑制の解けた細胞にグルコースを加えたとき,,
CYR1,CYR1,CYR1,phosphate_repletion,no_change,cAMP の量（変わらない）,,12581367;33490229,,medium,2026-10-04,リン酸飢餓の細胞にリン酸を戻したとき（PKA は活性化されるが cAMP を介さない）。古い論文 1336029 は小さな一過性の上昇を報告,,
YAK1,YAK1,YAK1,unstressed,inactive,Yak1 のキナーゼ活性（対数増殖期で低い）,,2072907,,high,2026-10-04,S 期の完了前で止めた細胞で 50 倍以上に上がる,,
PHO81,PHO81,PHO81,phosphate_limitation,up,Pho81 による Pho80-Pho85 の阻害,,11533256,,high,2026-10-04,"Pho81 は常に Pho80-Pho85 と結合している。イノシトールピロリン酸（IP7・1,5-IP8）で調節される",,
PHO81,PHO81,PHO81,unstressed,inactive,Pho81 による Pho80-Pho85 の阻害（高リン酸では阻害しない）,,11533256,,medium,2026-10-04,高リン酸の培地での状態（リン酸飢餓のときだけ阻害する、という書き方から）,,
RLM1,RLM1,RLM1,cell_wall,up,Mpk1 による Rlm1 のリン酸化と転写活性化,,12410835,,high,2026-10-04,Rlm1 は活性化の有無によらず核にある（同じ要旨）,RLM1:S427:+;RLM1:T439:+,12410835
RLM1,RLM1,RLM1,heat,up,Slt2 による Rlm1 の転写活性,,17293484,,medium,2026-10-04,Hsf1 が誘導する Hsp90 を介して Slt2 が活性化される,,
RLM1,RLM1,RLM1,oxidative,up,Rlm1 のレポーターの転写,,15385622,,medium,2026-10-04,過酸化水素。カテコールアミンでも（酸化ストレスによる）,,
HAC1,HAC1,HAC1;IRE1,diauxic_shift,up,HAC1 mRNA のスプライシング,,31484935,,high,2026-10-04,小胞体の変性タンパク質ではなく呼吸由来の ROS による（同じ要旨）,,
HAC1,HAC1,HAC1;IRE1,unstressed,inactive,Hac1 タンパク質（UPR が働いた細胞にだけ現れる）,,8898193,,medium,2026-10-04,UPR が働いていない細胞では Hac1 がない、という書き方から,,
CDC5,CDC5,CDC5,genotoxic,down,Cdc5 による Bfa1 のリン酸化（Rad53 に依存して抑えられる）,,24130507,,medium,2026-10-04,テロメアの損傷のときだけ（ほかの種類の DNA 損傷では MEN の阻害は要らない、同じ要旨）,,
GTR1-GTR2,GTR1,GTR1;GTR2,amino_acid_starvation,down,Iml1（SEACIT）による Gtr1 の GTP 加水分解の促進（GDP 型へ）,一過性の結合,23716719,,high,2026-10-04,活性型は Gtr1-GTP・Gtr2-GDP（同じ要旨）,,
GTR1-GTR2,GTR1,GTR1;GTR2,amino_acid_repletion,up,Lst4-Lst7 による Gtr2 の GTP 加水分解（Gtr2-GDP の活性型へ）,一過性の結合,26387955,,high,2026-10-04,アミノ酸飢餓の細胞にグルタミンなどを戻したとき,,
GTR1-GTR2,GTR1,GTR1;GTR2,unstressed,active,Gtr1/2 の状態（TORC1 の複数の読み出しから）,,40622848,,medium,2026-10-04,栄養の十分な条件で on。飢餓では off だが飢餓の種類は要旨に書かれていない,,
RAS2,RAS2,RAS2,unstressed,active,Ras-GTP（eGFP-RBD3 プローブ）の細胞膜・核への局在,,24244466,,medium,2026-10-04,グルコース培地での対数増殖。プローブは Ras1・Ras2 を区別しない,,
RAS2,RAS2,RAS2,stationary,down,Ras2 の GTP 結合型の割合（細胞内の GTP/GDP 比と並行）,,11336789,,medium,2026-10-04,GTP/GDP 比は定常期に入る前に速やかに下がり、飢餓でさらに下がる。Ras2-GTP の割合はこれと並行して変わる,,
RAS2,RAS2,RAS2,carbon_starvation,down,Ras2 の GTP 結合型の割合（細胞内の GTP/GDP 比と並行）,,11336789,,medium,2026-10-04,GTP/GDP 比は飢餓で下がり、グルコース飢餓の細胞にグルコースを加えると速やかに上がる。Ras2-GTP の割合はこれと並行して変わる,,
RHO1,RHO1,RHO1,rapamycin,up,Rho1 の活性化（Kog1 への結合）,,22445487,,high,2026-10-04,カフェインでも活性化する。活性化した Rho1 は Kog1 に結合して TORC1 を抑える,,
RHO1,RHO1,RHO1,cell_wall,up,Rho1 の過剰な活性化（アクチン・Fks1 の脱極性化）,,10508863,,medium,2026-10-04,論文の題名。Wsc1・Rho1・Pkc1 を介した一過性の脱極性化,,
NPR1,NPR1,NPR1,nitrogen_starvation,up,Npr1 の脱リン酸化,,26272416,,medium,2026-10-04,清酒酵母 K7 と実験室株の両方で見られる,,
SKN7,SKN7,SKN7,oxidative,up,Skn7 のリン酸化（Yap1 に依存）,,19304952,,medium,2026-10-04,Yap1 を欠くとリン酸化が消える。酸化ストレスでの働きは Sln1 のリン酸リレー（D427）によらない,,
MGA2,MGA2,MGA2,iron_limitation,up,Mga2 による OLE1 の転写の活性化,,29627385,,high,2026-10-04,プロテアソーム・Rsp5・Cdc48-Npl4/Ufd1 が要る（Mga2 の切り出し）,,
MGA2,MGA2,MGA2,hypoxia,up,Mga2 による MGA2 自身の mRNA の転写の活性化,,29627385,,medium,2026-10-04,低温・不飽和脂肪酸の不足でも同じ,,
AFT1,AFT1,AFT1,weak_acid,up,Aft1 の核局在,,16911514,,high,2026-10-04,乳酸・酢酸・塩酸。酸への適応で Aft1 の標的（FIT2・ARN1・ARN2）が誘導される,,
DUN1,DUN1,DUN1,iron_limitation,up,Dun1 による Dif1 のリン酸化（Rnr2-Rnr4 の細胞質への移動）・Sml1 の分解,,26970775;24958100,,high,2026-10-04,Dun1 の活性化ループの T380 が要る。Sml1 の減少は Mec1/Rad53・Aft1 によらない（24958100）,DIF1:S104:+;DIF1:T105:+,26970775
DUN1,DUN1,DUN1,oxidative,up,Dun1 による Sod1 のリン酸化と核移行,,24647101,,medium,2026-10-04,過酸化水素で Sod1 が速やかに核へ移る。Sod1 のリン酸化（S60/S99）は 4NQO 30 分で確認、過酸化水素は 0.4 mM 30 分で Dun1–Sod1 の結合を確認。5 分の測定（Leutert）とは時点が合わない,SOD1:S60:+;SOD1:S99:+,24647101
SWE1,SWE1,SWE1,osmotic,up,Swe1 の蓄積（G2 期での停止）,,16688223,,high,2026-10-04,Hog1 が Hsl1 をリン酸化し、Hsl7 がセプチンの環から外れる,,
SWE1,SWE1,SWE1,genotoxic,up,Swe1 の蓄積,,16571676,,medium,2026-10-04,ヒドロキシ尿素（複製ストレス）。蓄積は S 期チェックポイントによらない。Clb2-Cdk1 を抑え、Clb5-Cdk1 は抑えない,,
SIT4,SIT4,SIT4,unstressed,active,Sit4 による Gln3 の脱リン酸化,,17015442,,medium,2026-10-04,窒素源の良し悪しによらず働く（TORC1-Tap42 が良い窒素源で Sit4 を止めるというモデルとは合わない）,,
MTH1,MTH1,MTH1,carbon_starvation,up,Mth1 と Rgt1 の結合（HXT 遺伝子の抑制）,,14508605,,medium,2026-10-04,グルコースのないときだけ Rgt1 と共沈降する,,
MTH1,MTH1,MTH1,unstressed,inactive,Mth1 の働き（グルコースがあると Snf3・Rgt2 の信号で抑えられる）,,16400179,,medium,2026-10-04,グルコースで分解され、MTH1 の発現もグルコースで抑えられる,,
SMP1,SMP1,SMP1,osmotic,up,Hog1 に依存した Smp1 のリン酸化（C 末端の領域）,,12482976,,high,2026-10-04,リン酸化されない変異では浸透圧ストレスへの応答が損なわれる（リン酸化が働きに必要）,,
SMP1,SMP1,SMP1,stationary,up,Smp1 の核への集積（HOG1 に依存）,,12482976,,medium,2026-10-04,局在だけの証拠,,
GIS1,GIS1,GIS1,diauxic_shift,up,PDS 要素を持つ遺伝子の Gis1 による活性化（指数増殖期の抑制から活性化への切り替え）,,22363679,,medium,2026-10-04,マイクロアレイによる標的の解析。Gis1 は指数増殖期には STRE・PDS を持つ遺伝子の抑制に関わる（22363679）。活性そのもの（リン酸化・局在）ではなく標的への働きの切り替えなので medium,,
PUT3,PUT3,PUT3,alt_nitrogen,up,Put3 のリン酸化型の変化と PUT1・PUT2 の転写活性化,,10629046,,high,2026-10-04,プロリンが唯一の窒素源のとき。窒素源が悪いほど Put3 のリン酸化型が遅く泳動される,,
STP1,STP1,STP1,amino_acid_repletion,up,Ssy5 による N 末端の切断と核移行・AGP1 の転写活性化,,19906648,,high,2026-10-04,高濃度のアミノ酸でだけ切断される,,
STP2,STP2,STP2,amino_acid_repletion,up,Ssy5 による N 末端の切断と核移行・AGP1 の転写活性化,,19906648,,high,2026-10-04,低濃度のアミノ酸でも切断される,,
MET4,MET4,MET4,sulfur_limitation,up,Met4 に依存した ATG 遺伝子の転写誘導,,39138175,,medium,2026-10-04,硫黄の飢餓で ATG 遺伝子が誘導され、それは主に Met4 に依存（MET 遺伝子の発現そのものは要旨にない）。SAM の枯渇が引き金,,
LEU3,LEU3,LEU3,iron_limitation,down,LEU1 の転写（共活性化因子 α-イソプロピルリンゴ酸の減少）,,20008079,,medium,2026-10-04,鉄硫黄タンパク質 Ilv3 が働かなくなり α-IPM が減る,,
CAT8,CAT8,CAT8,nonfermentable,up,Cat8 に依存した標的遺伝子（FBP1・PCK1 など）の脱抑制,,11024040,,medium,2026-10-04,CAT8 の発現と Cat8 の活性化能はともに炭素源で調節され Snf1 を要する（10540293）,,
CAT8,CAT8,CAT8,diauxic_shift,up,Cat8 に依存した遺伝子の発現（cat8Δ で変わる）,,11024040,,medium,2026-10-04,,,
SIP4,SIP4,SIP4,nonfermentable,up,Sip4 のリン酸化（Srb10・Snf1 に依存）と転写活性化能,,11486018,,medium,2026-10-04,,,
HAP4,HAP4,HAP2;HAP3;HAP4;HAP5,glucose_limitation,up,HAP4 の mRNA と Hap4 タンパク質の量,,36557625,,medium,2026-10-04,要旨の背景の記述。グルコース脱抑制の条件,,
HAP4,HAP4,HAP2;HAP3;HAP4;HAP5,mitochondrial,down,Hap4 タンパク質の量（ρ0 細胞で分解が速まる）,,36557625,,high,2026-10-04,ミトコンドリア DNA を欠く ρ0 細胞,,
RGT1,RGT1,RGT1,unstressed,inactive,Rgt1 の過剰リン酸化と DNA への結合の消失,,12861007,,high,2026-10-04,リプレッサーとしての活性。高グルコースでは HXT1 の活性化因子に変わる（12527758）,,
RGT1,RGT1,RGT1,carbon_starvation,up,HXT2・HXT4 の転写の抑制,,8816466,,high,2026-10-04,リプレッサーとしての活性（グルコースがないとき）,,
GAL4,GAL4,GAL4,alt_carbon,up,Gal4 の GAL80 UAS への結合,,8248154,,high,2026-10-04,ガラクトース,,
GAL4,GAL4,GAL4,unstressed,inactive,Gal4 の GAL80 UAS への結合（グルコースでは結合しない）,,8248154,,high,2026-10-04,グルコースで育てた細胞,,
DOT6/TOD6,DOT6,DOT6;TOD6,unstressed,inactive,Dot6・Tod6 の TORC1 経路によるリン酸化（不活性化）,,35310337,,medium,2026-10-04,要旨の背景の記述,,
DOT6/TOD6,TOD6,DOT6;TOD6,rapamycin,up,Ribi 遺伝子の抑制（Tod6 に依存）,,19901341,,medium,2026-10-04,TORC1 の阻害では主に Tod6、PKA の阻害では主に Dot6,,
OPI1,OPI1,OPI1,phosphate_limitation,up,ICRE 依存の遺伝子（INO1 など）の抑制が opi1 で消える,,27743455,,high,2026-10-04,リン酸の制限で INO1 の発現は約 10 分の 1 に下がる（同じ要旨）,,
INO2/INO4,INO2,INO2;INO4,lipid,down,Opi1 による Ino2 の阻害（ICRE 依存の遺伝子の活性化が止まる）,,27743455,,medium,2026-10-04,IC = イノシトールとコリン。要旨の背景の記述,,
STE12,STE12,STE12,nitrogen_starvation,up,Kss1 経路の Ste12/Tec1 による転写の活性化（IME1 の UASru・Ty1）,,24236068;10891512,,medium,2026-10-04,IME1 の UASru で、窒素源がないと Kss1 経路の Ste12/Tec1 が働く（24236068。FRE や接合の応答配列には影響しないと書かれている）。低窒素培地で Kss1 経路が働き、Ste12・Tec1 が活性化する Ty1 の転写が上がる（10891512）,,
TEC1,TEC1,TEC1,nitrogen_starvation,up,Kss1 経路の Ste12/Tec1 による転写の活性化（IME1 の UASru・Ty1）,,24236068;10891512,,medium,2026-10-04,IME1 の UASru で、窒素源がないと Kss1 経路の Ste12/Tec1 が働く（24236068。FRE や接合の応答配列には影響しないと書かれている）。低窒素培地で Kss1 経路が働き、Ste12・Tec1 が活性化する Ty1 の転写が上がる（10891512）,,
TEC1,TEC1,TEC1,rapamycin,down,Tec1 タンパク質の量（TORC1 を止めると Rsp5 に依存して分解）,,21840851,,high,2026-10-04,TORC1 の Tip41-Tap42-Sit4 の枝が Tec1 を安定にする。窒素飢餓での Tec1 の量はこの論文の要旨には書かれていない,,
XBP1,XBP1,XBP1,heat,up,XBP1 の発現（mRNA）,,9343412,,high,2026-10-04,熱ショックで XBP1 の発現が誘導される。Xbp1 は抑制因子（誘導されると標的の転写を下げる）,,
XBP1,XBP1,XBP1,osmotic,up,XBP1 の発現（mRNA）,,9343412,,high,2026-10-04,高い浸透圧で XBP1 の発現が誘導される。Xbp1 は抑制因子（誘導されると標的の転写を下げる）,,
XBP1,XBP1,XBP1,oxidative,up,XBP1 の発現（mRNA）,,9343412,,high,2026-10-04,酸化ストレスで XBP1 の発現が誘導される。Xbp1 は抑制因子（誘導されると標的の転写を下げる）,,
XBP1,XBP1,XBP1,genotoxic,up,XBP1 の発現（mRNA）,,9343412,,high,2026-10-04,DNA 損傷で XBP1 の発現が誘導される。Xbp1 は抑制因子（誘導されると標的の転写を下げる）,,
XBP1,XBP1,XBP1,carbon_starvation,up,XBP1 の発現（mRNA）,,9343412,,high,2026-10-04,グルコース飢餓で XBP1 の発現が誘導される。Xbp1 は抑制因子（誘導されると標的の転写を下げる）,,
XBP1,XBP1,XBP1,stationary,up,XBP1 の発現（mRNA）と Xbp1 による広い抑制,,24204289,,high,2026-10-04,静止期に入るとき Xbp1 が全遺伝子の 15% を抑える（CLN3 など）,,
SWI4,SWI4,SWI4,cell_wall,up,Mpk1（Slt2）と Swi4 の複合体が FKS2 などの促進領域に結合し転写を誘導,,20641022,,high,2026-10-04,Mpk1 のキナーゼ活性は要らない（非触媒の仕組み）。Swi6 も要る。同じ仕組みで CHA1・YLR042c・YKR013w も誘導,,
SWI4,SWI4,SWI4,heat,up,細胞壁の経路を介した Swi4/Mpk1・Swi4/Mlp1 による IME1 UASru の活性化,,24236068,,medium,2026-10-04,IME1 の促進領域 UASru 1 か所での結果,,
MBP1,MBP1,MBP1;SWI6,genotoxic,up,MBF の標的の発現（Rad53 が Nrm1 をリン酸化して MBF の抑制を外す）,S 期,22333915;22333912,,high,2026-10-04,MBF（Mbp1–Swi6）としての結果。SBF の標的は上がらない。22333915 の要旨は Mbp1 の名前でなく MBF と書く,,
SUT1,SUT1,SUT1,hypoxia,up,SUT1 の発現（酸素があると抑えられる）と低酸素遺伝子の誘導,,11401714;11248676,,high,2026-10-04,Sut1 は Cyc8 と結合して Cyc8-Tup1 による低酸素遺伝子（DAN1 など）の抑制を外す（11401714）,,
CIN5,CIN5,CIN5,oxidative,up,YAP4（CIN5）の発現（mRNA とタンパク質。ストレスでリン酸化）,,15565582,,high,2026-10-04,酸化ストレスで誘導。Yap1・Msn2 に依存。タンパク質の量も上がりストレスでリン酸化される,,
CIN5,CIN5,CIN5,metal_stress,up,YAP4（CIN5）の発現（mRNA とタンパク質。ストレスでリン酸化）,,15565582,,high,2026-10-04,重金属・メタロイドで誘導。Yap1・Msn2 に依存。タンパク質の量も上がりストレスでリン酸化される,,
CIN5,CIN5,CIN5,heat,up,YAP4（CIN5）の発現（mRNA とタンパク質。ストレスでリン酸化）,,15565582,,high,2026-10-04,熱で誘導。Yap1・Msn2 に依存。タンパク質の量も上がりストレスでリン酸化される,,
CIN5,CIN5,CIN5,osmotic,up,YAP4（CIN5）の発現（mRNA）,,14680476,,high,2026-10-04,Hog1 と Msn2 に依存して誘導,,
INO2/INO4,INO2,INO2;INO4,carbon_starvation,down,Opi1 の PA からの離脱とリン脂質合成遺伝子の抑制,,20798321,,medium,2026-10-04,グルコース飢餓で細胞内 pH が下がり PA の Opi1 結合が変わる。Opi1 は Ino2/Ino4 を抑える因子で、Ino2 の活性そのものは要旨では見ていない,,
INO2/INO4,INO2,INO2;INO4,nitrogen_starvation,down,UASINO を介する INO1 の抑制（OPI1 に依存）,,10198439,,medium,2026-10-04,一過性の窒素制限。UASINO は Ino2/Ino4 の結合部位。同じ要旨に定常期に入ると INO1 が抑えられるとの記述もある,,
YRR1,YRR1,YRR1,drug,up,生細胞のレポーター系での薬剤と転写因子の相互作用（オクラトキシン A）,,31296662,,medium,2026-10-04,オクラトキシン A（カビ毒）,,
YRR1,YRR1,YRR1,genotoxic,up,4-NQO による SNQ2 の Yrr1 依存の転写活性化,,9767597,,low,2026-10-04,4-NQO（変異原・DNA 損傷剤。11134057 の要旨で DNA damaging agent とされる）。標的 1 つの誘導から言える範囲。薬剤（drug）とも取れる,,
PDR1,PDR1,PDR1,drug,up,Pdr1/Pdr3 の速やかな活性化（PDRE レポーター・PDR5・PDR15）,,17881724,,high,2026-10-04,膜を乱す化合物。薬剤が Pdr1 に直接結合して活性化することも示されている（18385733）,,
PDR3,PDR3,PDR3,drug,up,Pdr1/Pdr3 の速やかな活性化（PDRE レポーター・PDR5・PDR15）,,17881724,,high,2026-10-04,膜を乱す化合物,,
STB5,STB5,STB5,oxidative,up,Stb5 の標的プロモーターへの結合の増加（ペントースリン酸経路・NADPH 産生の遺伝子）,,16914749,,high,2026-10-04,ジアミド。過酸化水素への選択性は 31296662 でも示される,,
CAD1,CAD1,CAD1,metal_stress,up,カドミウムでの Yap2 依存の遺伝子（細胞壁の CWI 経路の遺伝子）の誘導,,26296316,,medium,2026-10-04,カドミウム。Cad1 = Yap2。Rck1 が Yap2 の核外輸送を進めて活性を抑える,,
CAD1,CAD1,CAD1,oxidative,up,Ahp1 による Cad1 の分子間ジスルフィド結合の形成と HSP82 の Cad1 依存の転写,,20145245,,high,2026-10-04,アルキルヒドロペルオキシド。過酸化水素への応答は Yap1 の C 末端にしかない（17187783）,,
ROX1,ROX1,ROX1,hypoxia,down,ROX1 の発現（ヘムのない Hap1 が抑える）,,9027731,,medium,2026-10-04,総説的な要旨。結果として低酸素の遺伝子が抑制から外れる,,
ROX1,ROX1,ROX1,oxidative,down,Rox1 の COX5b・CYC7 プロモーターへの結合の低下,,22703342,,medium,2026-10-04,メナジオン・過酸化水素。Rox1 の発現と量はむしろ増えるが、抑える力が下がる,,
HAP1,HAP1,HAP1,hypoxia,down,ヘムに依存する活性化因子としての働き（低酸素では ERG 遺伝子の抑制因子に変わる）,,17785431,,high,2026-10-04,活性化因子としては下がる。低酸素では Tup1/Ssn6 を呼んで ERG5 などを抑える（向きが変わる）,,
IXR1,IXR1,IXR1,hypoxia,up,IXR1 の mRNA の増加（Ixr1 による正の自己制御）,,19807692,,high,2026-10-04,好気では Rox1 が抑えている。Ixr1 は低酸素で ROX1 を抑える,,
IXR1,IXR1,IXR1,oxidative,up,IXR1 の発現の増加（Yap1 に依存）,,19807692,,medium,2026-10-04,過酸化水素。上がり方は中程度,,
RPN4,RPN4,RPN4,heat,up,Rpn4 タンパク質の発現と標的（プロテアソームの遺伝子）の発現,熱ストレスの後の段階で標的が上がる,16556235,,high,2026-10-04,RPN4 の誘導は主に Hsf1 の HSE による,,
RPN4,RPN4,RPN4,genotoxic,up,RPN4 の発現の誘導（HSE に依存）,,16556235,,medium,2026-10-04,MMS。RPN4 の発現から言える範囲（標的の発現は見ていない）,,
RPN4,RPN4,RPN4,oxidative,up,RPN4 の発現の誘導（YRE に依存）,,16556235,,medium,2026-10-04,RPN4 の発現から言える範囲（標的の発現は見ていない）,,
RPN4,RPN4,RPN4,er,up,Rpn4 の量の増加（初めは転写後、のちに転写で）,,30865586,,high,2026-10-04,Rpn4 は UPR と協力して小胞体ストレスへの耐性を高める,,
AFT2,AFT2,AFT2,iron_limitation,up,野生型 AFT2 による低鉄での転写の活性化,,11734641,,high,2026-10-04,Aft1 と一部重なる働き。Aft2 は細胞内の鉄の利用の遺伝子（SMF3・MRS4）を直接活性化する（16024809）,,
RIM101,RIM101,RIM101,weak_acid,up,プロピオン酸での Rim101 に依存する転写の変化（Rim101 レギュロンと新しい標的）,,19220866,,medium,2026-10-04,プロピオン酸（pH 4.0）。Rim101 の切断（活性化）そのものは要旨では見ていない。強酸による低 pH では守らない,,
ADR1,ADR1,ADR1,diauxic_shift,up,Adr1 に依存する遺伝子（エタノールなど非発酵性炭素源の利用）の発現,,12676948,,medium,2026-10-04,Adr1 と Cat8 についての記述。グルコースがあると Glc7-Reg1 が Adr1 のクロマチンへの結合を抑える（12167649）,,
TYE7,TYE7,TYE7,carbon_starvation,down,SCF(Grr1) による Tye7 タンパク質の分解,,17828247,,medium,2026-10-04,グルコースを除くと Tye7 が SCF(Grr1) の標的になる（解糖系の調節因子として）。分解の量の比較は要旨にない,,
TYE7,TYE7,TYE7,adenine_limitation,up,TYE7 の発現の誘導と Ty1 の転写の活性化,,22379133,,medium,2026-10-04,アデニル酸ヌクレオチドの強い欠乏（adenine の欠乏）での Ty1 の活性化に Tye7 が要る。標的は Ty1 で、要旨は suggest,,
MIG2,MIG2,MIG2,er,down,核外への移行（Snf1 による）,,32986716,,high,2026-10-04,ATG39 の抑制が解ける（ER-phagy）,,
GAL4,GAL4,GAL4,nonfermentable,up,Gal4 の GAL80 UAS への結合（グリセロールではガラクトースより弱いが、グルコースでは結合しない）,,8248154,,medium,2026-10-04,グリセロール。結合の目印のみで、転写の活性化には Gal80 がガラクトースで外れることが要る（19108605）,,
GIS1,GIS1,GIS1,stationary,up,Gis1 に依存する飢餓で上がる遺伝子の発現,,19383711,,medium,2026-10-04,題名「Gis1 is required for transcriptional reprogramming ... during transition into stationary phase」。these genes は「さまざまな主要栄養素の飢餓で共通に上がる遺伝子」（同じ要旨の前の文）。Gis1 の活性は Rim15 に依存（20022953）,,
BAS1,BAS1,BAS1,adenine_limitation,up,Bas1 と Bas2（Pho2）の結合（BIRD 領域）と ADE・HIS4 遺伝子の抑制解除,,11095676,,high,2026-10-04,アデニンで制御されるのは Bas1-Bas2 の相互作用（同じ要旨）。SAICAR が相互作用を促す（11689683）,,
PHO2,PHO2,PHO2,adenine_limitation,up,Bas1 と Pho2（Bas2）の結合による ADE 遺伝子の活性化,,11689683,,high,2026-10-04,LexA-Bas2p 単独の活性化はアデニンに依存しない（9154826）。調節されるのは Bas1 との複合体の形成,,
PHO2,PHO2,PHO2,alkaline,up,アルカリでの PHO84・PHO12 の誘導が Pho2・Pho4 に依存,,12453218,,medium,2026-10-04,pH 7.6 への短時間のアルカリ化。標的 2 つの誘導に要るという遺伝学の結果で、Pho2 そのものの活性の目印ではない,,
PHO4,PHO4,PHO4,alkaline,up,アルカリでの PHO84・PHO12 の誘導が Pho2・Pho4 に依存,,12453218;25266663,,medium,2026-10-04,pH 7.6 への短時間のアルカリ化。標的 2 つの誘導に要るという遺伝学の結果。PHO89 のアルカリでの誘導にも Pho4 が関わる（25266663）,,
SPO12,SPO12,SPO12,m_phase,up,Spo12 の S118 のリン酸化（働きに必須）,,19268588,,high,2026-10-04,後期の初め（FEAR が働く時期）だけ。分裂期の CDK・Esp1・Slk19 に依存し、後期より前は Cdc14 が脱リン酸化状態に保つ,SPO12:S118:+,19268588
CDC15,CDC15,CDC15,m_phase,up,Cdc15 の SPB への集まり,,11598184,,medium,2026-10-04,後期に両方の SPB に集まる（TEM1 に依存、BUB2 で抑えられる）。局在で見た活性,,
IME1,IME1,IME1,rapamycin,up,核への蓄積と安定化,,14517308,,high,2026-10-04,グルタミンで TOR を働かせると細胞質へ移る,,
APC/C-AMA1,AMA1,AMA1,sporulation,up,Ama1 の蓄積（第二分裂）,,37728253,,high,2026-10-04,第二分裂で蓄積し減数分裂の終了を起こす。第一分裂では Spo13・Rim4 に抑えられる,,
VMS1,VMS1,VMS1,mitochondrial,up,Vms1 のミトコンドリアへの移動,,21070972,,high,2026-10-04,ミトコンドリアのストレスでサイトゾルからミトコンドリアへ移る,,
VMS1,VMS1,VMS1,oxidative,up,Vms1 に依存した Cdc48 のミトコンドリアへの移動,,21070972,,medium,2026-10-04,酸化ストレスで Vms1 に依存して Cdc48 がミトコンドリアへ移る,,
BLM10,BLM10,BLM10,nonfermentable,up,BLM10 の発現,,24604417,,high,2026-10-04,発酵から酸化的代謝への切り替えで 25 倍に誘導,,
UPC2,UPC2,UPC2,iron_limitation,up,Upc2 に依存する ERG 遺伝子の誘導,,36382795,,medium,2026-10-04,upc2Δ で鉄の制限による ERG 遺伝子の誘導が弱まる（本文）。エルゴステロールが減ることによると考えられている,,
UPC2,UPC2,UPC2,drug,up,UPC2 の自己誘導と、Upc2 に依存する ERG 遺伝子の誘導,,24163365,,medium,2026-10-04,アゾール系の抗真菌薬でエルゴステロール合成を止めたとき。UPC2 の AR1b 配列は UPC2 の自己誘導に要り、Upc2 と Ecm22 に依存する,,
ECM22,ECM22,ECM22,iron_limitation,up,Ecm22 に依存する ERG 遺伝子の誘導,,36382795,,medium,2026-10-04,ecm22Δ で鉄の制限による ERG 遺伝子の誘導が弱まる（本文）,,
ECM22,ECM22,ECM22,osmotic,down,ECM22 の発現の低下（Hog1・Mot3/Rox1 による）,,21299653,,medium,2026-10-04,食塩ショックで ERG2・ERG11 の転写が速く一時的に止まる,,
HAP1,HAP1,HAP1,unstressed,active,ヘムと結合した Hap1 による ROX1 などの転写の活性化,,9027731,,medium,2026-10-04,好気の通常の増殖（ヘムがある）。総説,,
IME2,IME2,IME2,glucose_repletion,down,Ime2 タンパク質の量（SCF-Grr1 による分解）,,15601864,,high,2026-10-04,胞子形成培地に 0.5% グルコースを加えたとき。IME2 の転写は下がらない,,
PDR3,PDR3,PDR3,mitochondrial,up,Pdr3 の活性化（mitoCPR・CIS1 の誘導）,,41372412,,high,2026-10-04,ミトコンドリアのタンパク質輸入の障害で Pdr3 が活性化され CIS1 などを誘導する（輸入されなかった Mge1 が Pdr3 に結合）,,
ATG32,ATG32,ATG32,nitrogen_starvation,up,Atg32 の S114・S119 のリン酸化（Atg11 との結合）,,21757540,,high,2026-10-04,乳酸培地で育てた後の窒素飢餓でマイトファジーを誘導したとき。本文では一度脱リン酸化された後に 2〜3 か所がリン酸化される,ATG32:S114:+;ATG32:S119:+,窒素飢餓でのリン酸化部位（21757540）。CK2 が試験管内でこの 2 か所をリン酸化（23897086）
OMA1,OMA1,OMA1,oxidative,up,Oma1 によるタンパク質分解の活性,,24648523,,medium,2026-10-04,酸化ストレスで Oma1 のプロテアーゼ活性が上がる（ホモオリゴマーの構造変化、C 末端が関わる）,,
OMA1,OMA1,OMA1,mitochondrial,up,Oma1 によるタンパク質分解の活性,,24648523,,medium,2026-10-04,膜電位の変化や慢性の過分極で Oma1 のプロテアーゼ活性が上がる（シトクロム c 酸化酵素を欠くミトコンドリアでも活性）,,
ZAP1,ZAP1,ZAP1,zinc_limitation,up,Zap1 の活性（2 つの活性化ドメインと DNA 結合が亜鉛の結合で抑えられる）,,21799889,,high,2026-10-04,亜鉛が足りていると抑えられる,,
MAC1,MAC1,MAC1,metal_stress,down,Mac1 の活性化ドメインの転写活性化能（Gal4 融合）,,9159110,,high,2026-10-04,銅を加えたとき（高銅）,,
CUP2,CUP2,CUP2,metal_stress,transient_up,Ace1（CUP2）の CUP1 プロモーターへの結合と CUP1 の転写の活性化,一過性,9599102,,high,2026-10-04,CUP2＝ACE1。銅を加えたとき,,
CTR1,CTR1,CTR1,metal_stress,down,Ctr1 のエンドサイトーシスと液胞での分解（Rsp5 によるユビキチン化）,速やか,17645432,,high,2026-10-04,銅を加えたとき,,
ZRT1,ZRT1,ZRT1,zinc_repletion,down,Zrt1 の取り込み活性（亜鉛で誘導されるエンドサイトーシスと液胞での分解）,速やか,9786854,,high,2026-10-04,高い亜鉛にさらしたとき,,
SML1,SML1,SML1,iron_limitation,down,Sml1 タンパク質の量（Dun1 に依存した減少）,,24958100,,high,2026-10-04,Sml1 は RNR の阻害因子なので、量が減る＝働きが下がる,,
TIS11,TIS11,TIS11,iron_limitation,up,Cth2（TIS11）の発現の誘導,,18715869,,high,2026-10-04,TIS11＝CTH2,,
CTH1,CTH1,CTH1,iron_limitation,transient_up,Cth1 の発現（一過性）,一過性,18522836,,high,2026-10-04,,,
SMF1,SMF1,SMF1,metal_stress,down,Smf1 の Bsd2 に依存した分解,速やか,9988727,,high,2026-10-04,マンガンを加えたとき,,
CDC42,CDC42,CDC42,mitotic_exit,down,GTP 型 Cdc42 の量（GTP 型を結ぶ断片での引き下げと画像）,,23878274,,high,2026-10-04,分裂期の終わりと細胞質分裂で下がる。Cdc5 が抑える,,
CDC42,CDC42,CDC42,m_phase,up,GTP 型 Cdc42 の量（GTP 型を結ぶ断片での引き下げと画像）,,23878274,,medium,2026-10-04,後期に高い（もう一つの山は G1/S 期の移行）,,
FPS1,FPS1,FPS1,osmotic,down,Rgc2 が Fps1 から外れてチャネルが閉じる,transient,24298058,,high,2026-10-04,Hog1 が Rgc2 をリン酸化して Fps1 から外す。Ypk1 による Fps1 のリン酸化が止まることでも閉じる（26274562）,,
GPD1,GPD1,GPD1,osmotic,up,Ypk1 による Gpd1 のリン酸化が外れる（脱リン酸化で活性化）,,22988299,,high,2026-10-04,転写の誘導と協調して働く,,
NHA1,NHA1,NHA1,osmotic,up,Hog1 による Nha1 のリン酸化で活性が上がる,,15294160,,medium,2026-10-04,浸透圧ストレスで Hog1 が細胞膜の Nha1 と Tok1 をリン酸化する,,
RNR1,RNR1,RNR1,iron_limitation,up,Rnr1 のタンパク質の量,,24958100,,high,2026-10-04,Dun1 による Sml1 の分解と並んで RNR の働きを高める,,
MAC1,MAC1,MAC1,nitrogen_starvation,down,Mac1 のタンパク質の量（プロテアソームでの分解・翻訳の低下）,,34575794,,medium,2026-10-04,窒素飢餓で Mac1 が減り、CTR1・FRE1 の発現と鉄の取り込みが下がる,,
COT1,COT1,COT1,zinc_limitation,down,Cot1（液胞の亜鉛取り込み体）のユビキチン化と液胞での分解,,26527740,,high,2026-10-04,Dsc 複合体の Tul1 に依存,,
ZRT3,ZRT3,ZRT3,zinc_repletion,down,Zrt3（液胞の亜鉛排出チャネル）のユビキチン化と液胞での分解,,26527740,,high,2026-10-04,亜鉛の過剰（2 mM）で分解。Tul1 と Rsp5 に依存,,
FET3-FTR1,FTR1,FET3;FTR1,iron_repletion,down,Fet3-Ftr1 の細胞膜での量（液胞への輸送と分解）,,17420293,,high,2026-10-04,鉄を欠いた細胞に鉄を加えたとき。鉄がないときは Snx3-レトロマーで細胞膜へ戻る,,
RHO1,RHO1,RHO1,mitotic_exit,transient_down,Rho1 の活性（分裂溝の陥入の間）,,23878277,,medium,2026-10-04,分裂溝の陥入の間だけ一時的に不活性化され（Cyk3 が要る）、その後の二次隔壁の形成には Rho1 の活性化が要る,,
HAA1,HAA1,HAA1,weak_acid,up,Haa1 の核への移行と脱リン酸化、標的遺伝子（YGP1・GPG1・SPI1）の誘導,5 分以内,24682296,,high,2026-10-04,乳酸ストレス,,
CHS3,CHS3,CHS3,cell_wall,up,Chs3 の局在（キトソームから細胞膜へ移る）,transient,12928491,,medium,2026-10-04,Rho1・Pkc1 に依存し、Slt2 の MAP キナーゼ段階には依存しない。速やかに起こる,,
SLX4,SLX4,SLX4,genotoxic,transient_up,Mec1/Tel1 による Slx4 のリン酸化（T113 など）,transient,20382573,,medium,2026-10-04,単一の DSB（SSA）で Slx4 がリン酸化され、修復の完了とほぼ同時に脱リン酸化される。リン酸化は Rad1-Rad10 による非相同末端の切断を促す,,
POL30,POL30,POL30,genotoxic,up,PCNA K164 のモノユビキチン化・K63 鎖のポリユビキチン化,,15931174,,high,2026-10-04,損傷の乗り越えの経路（誤りがちな TLS／誤りのない鋳型切り替え）を開く修飾,,
POL30,POL30,POL30,s_phase,up,PCNA K164 の SUMO 化（Siz1）,,15931174,,medium,2026-10-04,SUMO 化 PCNA は Srs2 を呼んで S 期の不要な組換えを抑える（働きの向きは標的ごとに異なる）,,
XRN1,XRN1,XRN1,carbon_starvation,down,特定の mRNA 基質の Xrn1 による分解（アイソソームへの隔離）,,28501103,,high,2026-10-04,グルコースの枯渇後（ジオーキシックシフト後〜定常期）に Xrn1 がアイソソームに隔離され分解が止まる。Pil1 が要る,,
XRN1,XRN1,XRN1,glucose_repletion,up,細胞質に戻った Xrn1 による mRNA の分解の再開,,28501103,,high,2026-10-04,グルコースを加えるとアイソソームから放出され再び働く,,
PUF3,PUF3,PUF3,nonfermentable,down,Puf3 の標的 mRNA（COX17 など）の分解を促す活性,,24371272,,high,2026-10-04,Puf3 の量・局在は変わらず、標的 mRNA への結合も保たれる（翻訳後の調節）。グルコースでは分解を促す,,
PSE1,PSE1,PSE1,m_phase,down,Kap121 による取り込み（Nup53 との結合で積み荷を放す）,,14697200,,high,2026-10-04,分裂期に限って Kap121 による取り込みが止まる,,
LOS1,LOS1,LOS1,genotoxic,down,Los1 の細胞質への移動とイントロンをもつ tRNA の核外輸出の停止,,18045534,,high,2026-10-04,MEC1・RAD53 に依存,,
SAE2,SAE2,SAE2,genotoxic,up,Mec1・Tel1 に依存する Sae2 のリン酸化（ATM/ATR の部位）,,15121837,,high,2026-10-04,リン酸化部位の変異で MMS 過敏・組換えの低下が起こり、リン酸化は Sae2 の修復の働きを支える,,
RAD5,RAD5,RAD5,s_phase,up,Rad5 の核内の点（フォーカス）,,30733119,,medium,2026-10-04,ストレスを受けた複製フォークに結合し、TLS ポリメラーゼを呼んで ssDNA ギャップを埋める,,
PAT1,PAT1,PAT1,nitrogen_starvation,up,Pat1 の S456/S457 の脱リン酸化と ATG mRNA（ATG1・ATG2・ATG7・ATG9）への結合・安定化,,30527663,,high,2026-10-04,通常の増殖ではリン酸化型が多く、窒素飢餓 30 分から脱リン酸化型に移る（本文）。グルコース飢餓でも脱リン酸化される（PKA の不活性化）,PAT1:S456:-;PAT1:S457:-,30527663（リン酸化を模した S456/457E 変異で ATG mRNA が蓄積しない）
PUF3,PUF3,PUF3,carbon_starvation,up,Puf3 の N 末端の強いリン酸化とポリソームへの結合（標的 mRNA の分解から翻訳促進への切り替え）,,26051939,,high,2026-10-04,グルコース枯渇で。分解を促す働きは下がり翻訳を促す働きが上がる（向きは働きによって逆）。リン酸化できない変異体は翻訳を促さず顆粒に閉じ込められる。キナーゼは要旨では不明,,
