gene_a	gene_b	sources	alliance_confidence	identity	genetic	pmids	go_overlap	accepted
AAC3	PET9	Alliance・YGOB	high	87	生育の低下 1	18408719	0.54	yes
AAD15	AAD3	Alliance	moderate	96			1.00	yes
AAG1	RMD9	Alliance・YGOB	high	45			0.25	
AAP1	APE2	Alliance・YGOB	high	70			0.86	yes
ABF2	IXR1	Alliance・YGOB	high	37			0.17	
ACA1	CST6	Alliance・YGOB	high	31			0.73	yes
ACC1	HFA1	Alliance・YGOB	high	55			0.90	yes
ACE2	SWI5	Alliance・YGOB	high	33	表現型の増強 4	15947194,17898805,19841732,25352596	0.50	yes
ADE16	ADE17	Alliance・YGOB	high	85	負の遺伝的相互作用 4・生育の低下 2・合成致死 2	9143321,10877846,16941010,18408719,21623372,27708008	1.00	yes
ADH1	ADH5	Alliance・YGOB	high	77	表現型の増強 1・生育の低下 1	18408719,22033067	0.68	yes
ADY2	ATO2	Alliance・YGOB	high	77			0.50	yes
ADY3	CNM67	Alliance・YGOB	high	21			0.00	
AFR1	YER158C	Alliance・YGOB	high	21			0.38	
AFT1	AFT2	Alliance・YGOB	high	33	負の遺伝的相互作用 2・表現型の増強 3・生育の低下 4・合成致死 1	11448968,11734641,11829747,16024809,16328372,20439772,21127252,27708008,29438506	0.31	yes
AGA1	FIG2	Alliance・YGOB	high	30	表現型の増強 2・合成致死 1	19299340,42059867	0.00	yes
AGP1	GNP1	Alliance・YGOB	high	68	負の遺伝的相互作用 2・表現型の増強 2・生育の低下 3	18408719,23517290,27708008,32845888	0.78	yes
AIM11	IAI11	Alliance・YGOB	high	31			1.00	yes
AIM20	SKG1	Alliance・YGOB	high	24			0.33	
AIM33	PGA3	Alliance・YGOB	high	55			0.43	
AIR1	AIR2	Alliance・YGOB	high	44	負の遺伝的相互作用 3・表現型の増強 1・生育の低下 5・合成致死 2	10896665,18408161,18591258,19061648,21878619,22923767,25159613,27708008,33439673	0.79	yes
AKR1	AKR2	Alliance・YGOB	high	39			0.50	yes
ALK1	ALK2	Alliance・YGOB	high	32	生育の低下 1	23973165	1.00	yes
ALP1	CAN1	Alliance・YGOB	high	69	合成致死 1	16941010	0.70	yes
ALT1	ALT2	Alliance・YGOB	high	62	表現型の増強 1・生育の低下 2	18408719,23049841,29127264	0.29	yes
ALY1	ALY2	Alliance・YGOB	high	40	表現型の増強 2・生育の低下 2	20739461,20956561,26459639,34562280	0.71	yes
ANB1	HYP2	Alliance・YGOB	high	90	負の遺伝的相互作用 1・合成致死 1	1903841,27708008	0.64	yes
APA1	APA2	Alliance・YGOB	high	59	生育の低下 1	18408719	1.00	yes
APT1	APT2	Alliance・YGOB	high	59	生育の低下 1・合成致死 1	16941010,18408719	1.00	yes
AQR1	QDR1	Alliance・YGOB	high	39			0.18	
ARE1	ARE2	Alliance・YGOB	high	47	負の遺伝的相互作用 1・表現型の増強 7・生育の低下 1・合成致死 2	8650549,10672016,11741946,19608739,19690167,20093466,21693588,22738231,23898401	0.60	yes
ARF1	ARF2	Alliance・YGOB	high	96	負の遺伝的相互作用 2・表現型の増強 1・合成致死 3	2123295,9693364,11916983,16269340,25002144	0.38	yes
ARK1	PRK1	Alliance・YGOB	high	41	負の遺伝的相互作用 6・表現型の増強 3・生育の低下 1	10087264,12952930,19269370,20526336,21127252,22282571,27708008,32614710	0.73	yes
ASI1	ASI3	Alliance・YGOB	high	27			1.00	yes
ASK10	RGC1	Alliance・YGOB	high	41	負の遺伝的相互作用 1・表現型の増強 2・合成致死 1	19956799,20959818,24298058	0.60	yes
ASM4	NUP53	Alliance・YGOB	high	28	負の遺伝的相互作用 4・生育の低下 1・合成致死 1	19061648,20093466,21346187,23452847,27708008	0.50	yes
ASN1	ASN2	Alliance・YGOB	high	88	負の遺伝的相互作用 1・表現型の増強 2・生育の低下 2・合成致死 2	8951815,16941010,17284612,18408719,21623372,29127264,30365499	1.00	yes
ASP3-1	ASP3-3	Alliance	low	100			1.00	yes
ASP3-2	ASP3-4	Alliance	low	100			1.00	yes
AST1	AST2	Alliance・YGOB	high	69			0.75	yes
ATG33	SCM4	Alliance・YGOB	high	31			0.75	yes
ATG41	ICY1	Alliance・YGOB	high	31			0.14	
ATR1	ATR2	Alliance・YGOB	high	61			0.80	yes
AUS1	PDR11	Alliance・YGOB	high	68	生育の低下 2	12077145,21521689	0.86	yes
AVT5	AVT6	Alliance・YGOB	high	51			0.74	yes
BAG7	SAC7	Alliance・YGOB	high	32			0.80	yes
BAP2	BAP3	Alliance・YGOB	high	72			0.80	yes
BAT1	BAT2	Alliance・YGOB	high	77	負の遺伝的相互作用 1・表現型の増強 5・生育の低下 2	11341309,18408719,18625006,25616436,26659116,27708008,34547239	1.00	yes
BCH1	BUD7	Alliance・YGOB	high	54	表現型の増強 2・生育の低下 1	16498409,19812245,29437703	0.40	yes
BCH2	CHS6	Alliance・YGOB	high	42	負の遺伝的相互作用 3・生育の低下 2	20093466,20526336,23015758,27708008,29437703	1.00	yes
BDF1	BDF2	Alliance・YGOB	high	37	生育の低下 2	15143168,25232960	0.40	yes
BIT2	BIT61	Alliance・YGOB	high	43			0.57	yes
BMH1	BMH2	Alliance・YGOB	high	92	負の遺伝的相互作用 3・表現型の増強 7・生育の低下 5・合成致死 4	7744048,8524799,11748725,12196392,14704161,15147199,18172025,18931302,20093466,21533173,23155055,25409301,27708008,29391437,38980288,38988319	0.68	yes
BNS1	SPO12	Alliance・YGOB	high	39	表現型の増強 1	14551257	0.40	yes
BOI1	BOI2	Alliance・YGOB	high	39	負の遺伝的相互作用 5・表現型の増強 3・生育の低下 2・合成致死 2	8666671,8666672,19013066,19269370,20093466,20526336,27708008,28751498,28904204,31964708,36218417	1.00	yes
BTN2	CUR1	Alliance・YGOB	high	28	表現型の増強 3	22718905,24938787,32868289	0.44	yes
BTT1	EGD1	Alliance・YGOB	high	56	表現型の増強 2・生育の低下 1	8052529,27828954,39426497	0.33	yes
BUB1	MAD3	Alliance・YGOB	high	28	負の遺伝的相互作用 1	20959818	0.13	yes
BUD8	BUD9	Alliance・YGOB	high	28	表現型の増強 2	8657162,12221111	0.67	yes
BUL1	BUL2	Alliance・YGOB	high	51	負の遺伝的相互作用 4・表現型の増強 3・生育の低下 2	9931424,11352928,20093466,22307975,25001409,27708008,29129641	0.50	yes
CAD1	YAP1	Alliance・YGOB	high	22	表現型の増強 1・生育の低下 2	8360174,8821655,28826004	0.42	yes
CAF120	SKG3	Alliance・YGOB	high	36			1.00	yes
CAF4	MDV1	Alliance・YGOB	high	37	表現型の増強 5	16009724,23300936,23530241,23810512	0.40	yes
CCE1	MRS1	Alliance・YGOB	high	23			0.45	
CDC19	PYK2	Alliance・YGOB	high	71	生育の低下 1・合成致死 1	16941010,18408719	0.88	yes
CDC50	LEM3	Alliance	high	42	生育の低下 4・合成致死 2	11180453,15090616,16600184,35358840	0.36	yes
CDC50	YNR048W	Alliance・YGOB	high	56	生育の低下 1・合成致死 2	11180453,15090616	0.22	yes
CET1	CTL1	Alliance・YGOB	high	28	負の遺伝的相互作用 2	20093466,27708008	0.62	yes
CIK1	VIK1	Alliance・YGOB	high	23			0.09	
CIN5	YAP6	Alliance・YGOB	high	33			0.33	
CIS1	YGR035C	Alliance・YGOB	low	26			1.00	yes
CIT1	CIT2	Alliance・YGOB	high	81	負の遺伝的相互作用 3・表現型の増強 4・生育の低下 2・合成致死 4	3023912,10777592,11098150,16877773,16941010,17615299,18408719,21246628,21623372,21987634,23416050	0.75	yes
CKI1	EKI1	Alliance・YGOB	high	34	表現型の増強 1・生育の低下 1	10329685,18408719	0.75	yes
CLA4	SKM1	Alliance・YGOB	high	47	生育の低下 1	19013066	0.55	yes
CLB1	CLB2	Alliance・YGOB	high	56	負の遺伝的相互作用 7・表現型の増強 3・生育の低下 1・合成致死 6	1427070,1849457,10445023,17314980,20093466,21127252,21978826,27708008,27794027,32376972,34358317,35905103,39899527,40341598	0.55	yes
CLB3	CLB4	Alliance・YGOB	high	47	表現型の増強 1・合成致死 1	20581451,20598539	0.86	yes
CLB5	CLB6	Alliance・YGOB	high	48	負の遺伝的相互作用 4・表現型の増強 9・生育の低下 2・合成致死 3	8319908,9732268,9763426,10446197,11137013,11231124,15542831,17314980,19056887,19269370,21127252,21518961,23746449,27708008,28650257,39899527	0.60	yes
CLN1	CLN2	Alliance・YGOB	high	56	負の遺伝的相互作用 1・表現型の増強 5・合成致死 6	2147225,8943334,9737966,10446197,10581264,11134337,18633409,19150427,19458192,21127252,23518505,30833602	0.80	yes
CMK1	CMK2	Alliance・YGOB	high	55			0.86	yes
CMP2	CNA1	Alliance・YGOB	high	63	負の遺伝的相互作用 1・表現型の増強 1・生育の低下 3	1651503,17030993,23891562,30166606,37620860	1.00	yes
COQ21	COQ8	Alliance・YGOB	low	22			0.00	
COT1	ZRC1	Alliance・YGOB	high	55	負の遺伝的相互作用 4・表現型の増強 3	8058041,15225288,20093466,21998704,27708008	0.77	yes
COX5A	COX5B	Alliance・YGOB	high	64	負の遺伝的相互作用 2	21623372,27708008	0.80	yes
CPP1	YDL012C	Alliance・YGOB	high	50			1.00	yes
CPP3	MNC1	Alliance・YGOB	low	50			1.00	yes
CPR2	CPR5	Alliance・YGOB	high	56			1.00	yes
CPR4	CPR8	Alliance・YGOB	high	33			1.00	yes
CPT1	EPT1	Alliance・YGOB	high	56			0.50	yes
CRF1	IFH1	Alliance・YGOB	high	27			0.44	
CRP1	MDG1	Alliance・YGOB	high	26			0.29	
CSA1	NBP1	Alliance・YGOB	high	33			0.00	
CSH1	SUR1	Alliance・YGOB	high	66	負の遺伝的相互作用 7・表現型の増強 2・生育の低下 3・合成致死 1	12954640,15208314,18408719,18931302,20526336,21623372,21987634,23891562,27708008,32612142,37349354	0.86	yes
CSM4	MPS2	Alliance・YGOB	low	21			0.11	
CSR2	ECM21	Alliance・YGOB	high	34			0.38	
CST26	MLG1	Alliance・YGOB	high	43			0.43	
CTH1	TIS11	Alliance・YGOB	high	42	表現型の増強 2・生育の低下 1	20008079,21135132,30228242	0.60	yes
CUE1	CUE4	Alliance・YGOB	high	28			0.17	
CUE5	DON1	Alliance・YGOB	high	25			0.33	
CUP1-1	CUP1-2	Alliance	high	100			1.00	yes
CUP2	HAA1	Alliance・YGOB	high	36			0.67	yes
CUP9	TOS8	Alliance・YGOB	high	32			0.45	
CYC1	CYC7	Alliance・YGOB	high	84	表現型の増強 1・生育の低下 1	12522138,23897805	0.80	yes
DAL80	GZF3	Alliance・YGOB	high	26			0.91	yes
DBF2	DBF20	Alliance・YGOB	high	75	負の遺伝的相互作用 3・表現型の増強 3・生育の低下 1・合成致死 4	1916278,8307336,12937277,17005296,19269370,20442249,21498574,22282571,22385961,26395399,27708008	0.50	yes
DBP1	DED1	Alliance・YGOB	high	68	負の遺伝的相互作用 1・表現型の増強 1・生育の低下 1	9144215,27708008,31299079	0.71	yes
DCI1	ECI1	Alliance	high	47			0.75	yes
DCS1	DCS2	Alliance・YGOB	high	68			0.69	yes
DCV1	TOS7	Alliance・YGOB	high	25			1.00	yes
DDR2	HOR7	Alliance・YGOB	high	44			0.17	
DGR2	LAF1	Alliance・YGOB	high	39			0.33	
DIF1	SML1	Alliance・YGOB	high	33	表現型の増強 1	18838542	0.12	yes
DIG1	DIG2	Alliance・YGOB	high	24	負の遺伝的相互作用 1・表現型の増強 3	12410840,14668360,22669614,27708008	1.00	yes
DIN7	EXO1	Alliance・YGOB	high	52			0.63	yes
DLS1	DPB3	Alliance・YGOB	high	31			0.18	
DMA1	DMA2	Alliance・YGOB	high	56	負の遺伝的相互作用 2・表現型の増強 3・生育の低下 4・合成致死 1	18931302,19269370,21127252,21562220,23264631,23966170,27449057,27705801,33933452,35422486	0.92	yes
DNF1	DNF2	Alliance・YGOB	high	69	表現型の増強 5・生育の低下 2・合成致死 1	12631737,16600184,18931395,19452121,22344035,23250744,25378585,32661085	0.79	yes
DOA4	UBP5	Alliance・YGOB	high	41			0.33	
DOG1	DOG2	Alliance	high	92			1.00	yes
DOM34	YCL001W-B	Alliance・YGOB	high	52			0.29	
DOT6	TOD6	Alliance・YGOB	high	31	表現型の増強 1	19158363	0.25	yes
DSF1	MAN2	Alliance	high	100			1.00	yes
EBS1	EST1	Alliance・YGOB	high	28			0.25	
ECM10	SSC1	Alliance・YGOB	high	81	生育の低下 1	11150530	0.50	yes
ECM13	YJR115W	Alliance・YGOB	high	28			1.00	yes
ECM18	ICT1	Alliance・YGOB	high	46			0.57	yes
ECM22	UPC2	Alliance・YGOB	high	45	負の遺伝的相互作用 4・表現型の増強 5・生育の低下 2	11533229,20959818,21127252,26448198,27708008,28986257,29263028,34829190,36382795	0.83	yes
ECM3	YNL095C	Alliance・YGOB	high	60			1.00	yes
ECM33	PST1	Alliance・YGOB	high	57	表現型の増強 1	15583168	1.00	yes
EDC1	EDC2	Alliance・YGOB	high	26	生育の低下 2	18408161,19682251	1.00	yes
EDS1	RGT1	Alliance・YGOB	high	26			0.25	
EEB1	EHT1	Alliance・YGOB	high	57			0.75	yes
EFT1	EFT2	Alliance・YGOB	low	100	負の遺伝的相互作用 3・合成致死 1	1730643,19061648,20093466,27708008	1.00	yes
EGO2	EGO4	Alliance・YGOB	low	21			0.25	
EIS1	LPX2	Alliance・YGOB	high	28			0.33	
ELO1	ELO2	Alliance・YGOB	high	59			0.60	yes
EMI2	GLK1	Alliance・YGOB	high	73	生育の低下 1	18408719	0.69	yes
EMP46	EMP47	Alliance・YGOB	high	44	生育の低下 1	12134087	0.60	yes
EMP70	TMN2	Alliance・YGOB	high	74	生育の低下 1	18178563	0.86	yes
ENO1	ENO2	Alliance・YGOB	high	95	負の遺伝的相互作用 2・生育の低下 1・合成致死 1	16941010,18408719,20093466,27708008	1.00	yes
ENT1	ENT2	Alliance・YGOB	high	56	負の遺伝的相互作用 3・表現型の増強 2・合成致死 3	10449404,11988742,20526336,22190733,27708008,32694166,34592316	0.75	yes
ENV11	VID22	Alliance・YGOB	high	27			0.25	
EPO1	YLR031W	Alliance・YGOB	high	27			0.33	
ERP1	ERP6	Alliance・YGOB	high	55	表現型の増強 1	24217251	0.80	yes
ERP2	ERP4	Alliance・YGOB	high	71	表現型の増強 1	24217251	1.00	yes
ERV14	ERV15	Alliance・YGOB	high	64	負の遺伝的相互作用 3・表現型の増強 2・生育の低下 1	17298976,20093466,25619760,27708008	0.50	yes
ESC8	IOC3	Alliance・YGOB	high	26			0.17	
ESL1	ESL2	Alliance・YGOB	high	45	生育の低下 1	23893744	1.00	yes
EUG1	PDI1	Alliance・YGOB	high	41			0.62	yes
EXG1	SPR1	Alliance・YGOB	high	64	生育の低下 1	18408719	0.60	yes
FAA1	FAA4	Alliance・YGOB	high	61	負の遺伝的相互作用 1・表現型の増強 4・生育の低下 4・合成致死 2	7738025,9988704,11477098,12601005,18408719,23891562,24752690,24769906,27136724,31883797	0.89	yes
FAR10	VPS64	Alliance・YGOB	high	36			0.50	yes
FAT3	INA1	Alliance・YGOB	high	49			0.50	yes
FHN1	NCE102	Alliance・YGOB	high	61	表現型の増強 1	33114062	0.33	yes
FKH1	FKH2	Alliance・YGOB	high	41	負の遺伝的相互作用 1・表現型の増強 10・生育の低下 1・合成致死 1	10747051,10894548,10899128,10959837,17898805,21127252,22438832,27099939,27555611,28265091,29330352,29519938,35905103	0.58	yes
FKS1	GSC2	Alliance・YGOB	high	88	負の遺伝的相互作用 4・表現型の増強 1・生育の低下 1・合成致死 7	7565718,7649185,14764870,15166135,16941010,18408719,20093466,27708008,29040859,34358317	0.50	yes
FLC1	FLC3	Alliance・YGOB	high	66	合成致死 1	27462707	0.71	yes
FLC2	YOR365C	Alliance・YGOB	high	47			0.50	yes
FLO1	FLO5	Alliance	high	64			0.67	yes
FMP45	YNL194C	Alliance・YGOB	high	52			0.86	yes
FOL3	RMA1	Alliance・YGOB	high	43	生育の低下 1	18408719	0.54	yes
FPK1	KIN82	Alliance・YGOB	high	46	表現型の増強 2・生育の低下 1	24510621,25378585,25724885	0.78	yes
FPR3	FPR4	Alliance・YGOB	high	59	表現型の増強 1・生育の低下 1	24514906,31604797	0.60	yes
FRD1	OSM1	Alliance・YGOB	high	64	生育の低下 2	12393208,18408719	0.50	yes
FRK1	KIN4	Alliance・YGOB	high	44	負の遺伝的相互作用 6・表現型の増強 1	19269370,20093466,22282571,27708008,39318281	0.75	yes
FRT1	FRT2	Alliance・YGOB	high	27	生育の低下 1・合成致死 1	15189990,21097665	1.00	yes
FUN19	YOR338W	Alliance・YGOB	high	42			0.78	yes
GAC1	PIG1	Alliance・YGOB	high	27	表現型の増強 1	9046081	0.44	yes
GAL1	GAL3	Alliance・YGOB	high	74	負の遺伝的相互作用 1・表現型の増強 1・生育の低下 1	2199310,21589890,24785355	0.58	yes
GAL83	SIP2	Alliance・YGOB	high	49	表現型の増強 6・生育の低下 7・合成致死 1	10990457,12556493,14673168,14993292,15340085,20545859,24486034,25116136,26394309,27592031,28760824,41757620	0.75	yes
GBP2	HRB1	Alliance・YGOB	high	48	負の遺伝的相互作用 1	27708008	0.78	yes
GCS1	SPS18	Alliance・YGOB	high	33			0.17	
GCY1	YPR1	Alliance・YGOB	high	65	生育の低下 1	18408719	0.46	yes
GDH1	GDH3	Alliance・YGOB	high	87	表現型の増強 1・生育の低下 2・合成致死 1	11562373,16941010,18408719,26936955	1.00	yes
GEA1	GEA2	Alliance・YGOB	high	51	負の遺伝的相互作用 3・表現型の増強 1・生育の低下 2・合成致死 3	11294905,11493664,14668359,16269340,23345439,23891562,28978742,33401608	0.88	yes
GEX1	GEX2	Alliance	high	99			0.67	yes
GFA1	YMR085W	Alliance・YGOB	high	61			0.50	yes
GFD2	YDR514C	Alliance・YGOB	high	37			1.00	yes
GGA1	GGA2	Alliance・YGOB	high	50	負の遺伝的相互作用 4・表現型の増強 7・生育の低下 3・合成致死 2	10747088,10747089,11124697,11408593,11689690,15039776,17062999,17895371,18508916,19398763,20093466,20526336,26786099,27708008,39330471	0.88	yes
GIC1	GIC2	Alliance・YGOB	high	32	表現型の増強 1・生育の低下 1・合成致死 4	9367979,9367980,12622721,17914055,30566437	0.71	yes
GIN4	KCC4	Alliance・YGOB	high	46	表現型の増強 1・合成致死 1	10725226,29986907	0.89	yes
GIP2	PIG2	Alliance・YGOB	high	37			0.80	yes
GIP3	HER1	Alliance・YGOB	high	44			0.00	
GIS1	RPH1	Alliance・YGOB	high	34	表現型の増強 4・生育の低下 1	10628841,22363679,24999627,25660547,25774516	0.69	yes
GLG1	GLG2	Alliance・YGOB	high	44	表現型の増強 1	8524228	1.00	yes
GLO2	GLO4	Alliance・YGOB	high	59	生育の低下 1	18408719	1.00	yes
GND1	GND2	Alliance・YGOB	high	88	負の遺伝的相互作用 1・生育の低下 1・合成致死 1	16941010,18408719,21623372	0.83	yes
GPB1	GPB2	Alliance・YGOB	high	35	負の遺伝的相互作用 2・表現型の増強 2	12150916,12538771,20093466,27708008	0.55	yes
GPD1	GPD2	Alliance・YGOB	high	76	負の遺伝的相互作用 3・表現型の増強 4・生育の低下 8・合成致死 1	15127164,15611083,18032102,18408719,20430884,21623372,21724879,21944208,23801122,23891562,25401080,26156706,41099664	0.71	yes
GPM2	GPM3	Alliance・YGOB	high	66	生育の低下 1・合成致死 1	16941010,18408719	1.00	yes
GPP1	GPP2	Alliance・YGOB	high	92	負の遺伝的相互作用 7・生育の低下 2・合成致死 1	11058591,18408719,20093466,21623372,23891562,27708008	0.80	yes
GPX1	HYR1	Alliance・YGOB	high	60	生育の低下 3	15337745,21282621,22659048	0.89	yes
GRE1	SIP18	Alliance・YGOB	low	26	表現型の増強 1	37108847	0.00	yes
GRS1	GRS2	Alliance・YGOB	high	56			0.60	yes
GRX1	GRX2	Alliance・YGOB	high	64	表現型の増強 1・生育の低下 1・合成致死 1	10844700,20522499,25392302	0.62	yes
GRX3	GRX4	Alliance・YGOB	high	67	負の遺伝的相互作用 4・表現型の増強 2・生育の低下 5	17074835,20889785,21623372,23864114,27085841,27708008,32414791,35593209	0.62	yes
GRX6	GRX7	Alliance・YGOB	high	37	生育の低下 1	18400945	0.67	yes
GSP1	GSP2	Alliance・YGOB	high	98			0.75	yes
GSR1	YGR273C	Alliance・YGOB	high	36			0.00	
GSY1	GSY2	Alliance・YGOB	high	81	生育の低下 1・合成致死 1	16941010,18408719	0.67	yes
GUP1	GUP2	Alliance・YGOB	high	53	表現型の増強 2	15135071,25589358	0.60	yes
GYL1	GYP5	Alliance・YGOB	high	30	合成致死 1	15802519	0.40	yes
HAL5	KKQ8	Alliance・YGOB	high	37			0.56	yes
HAL9	TBS1	Alliance・YGOB	high	27			0.80	yes
HBS1	SKI7	Alliance・YGOB	moderate	24	表現型の増強 3・生育の低下 1	19481524,27381255,28472342,28956756	0.20	yes
HBT1	YNL195C	Alliance・YGOB	low	20			0.33	
HEF3	YEF3	Alliance・YGOB	high	84			0.71	yes
HEH2	SRC1	Alliance・YGOB	high	28	表現型の増強 1・生育の低下 1・合成致死 1	21346187,32893723	0.38	yes
HES1	KES1	Alliance・YGOB	high	69	表現型の増強 1・生育の低下 1	11238399,21819498	0.57	yes
HLR1	LRE1	Alliance・YGOB	high	26			0.33	
HMF1	MMF1	Alliance・YGOB	high	70			0.40	
HMG1	HMG2	Alliance・YGOB	high	62	負の遺伝的相互作用 8・生育の低下 1・合成致死 2	3526336,16269340,16941010,18408719,20093466,21623372,23891562,27708008	1.00	yes
HMS2	SKN7	Alliance・YGOB	moderate	21			0.36	
HSC82	HSP82	Alliance・YGOB	high	97	負の遺伝的相互作用 3・生育の低下 2・合成致死 2	14500708,16219779,17923092,19553666,20093466,27708008	0.53	yes
HSP150	PIR3	Alliance・YGOB	high	63			0.67	yes
HST1	SIR2	Alliance・YGOB	high	67	表現型の増強 6・生育の低下 2	17676954,20141839,20439498,21483810,23710766,25381059,29659581,30842210	0.46	yes
HVG1	VRG4	Alliance・YGOB	high	79			0.67	yes
HXK1	HXK2	Alliance・YGOB	high	77	負の遺伝的相互作用 7・表現型の増強 9・生育の低下 3・合成致死 2	3540605,10217505,10633097,15358789,16941010,17248750,17428308,18408719,19269370,19525230,20093466,20815814,21623372,26865637,27708008,32948893,40924759	0.88	yes
HXT1	HXT6	Alliance・YGOB	high	74	表現型の増強 1	9151960	0.62	yes
HXT13	HXT17	Alliance	high	98			1.00	yes
HXT3	HXT5	Alliance・YGOB	high	73	表現型の増強 1	9151960	1.00	yes
HXT4	HXT7	Alliance・YGOB	high	83	表現型の増強 1	9151960	0.93	yes
IDP2	IDP3	Alliance・YGOB	high	77	生育の低下 1・合成致死 1	16941010,18408719	0.89	yes
IGD1	YOL024W	Alliance・YGOB	low	24			0.00	
IGO1	IGO2	Alliance・YGOB	high	55	負の遺伝的相互作用 1・表現型の増強 1・生育の低下 1	20471941,24968058,27708008	0.50	yes
IMD3	IMD4	Alliance・YGOB	high	89	生育の低下 1	18408719	1.00	yes
IML2	YKR018C	Alliance・YGOB	high	67	負の遺伝的相互作用 1	20093466	0.33	yes
INH1	STF1	Alliance・YGOB	high	46			0.50	yes
INP52	INP53	Alliance・YGOB	high	57	負の遺伝的相互作用 4・表現型の増強 2・生育の低下 3・合成致死 1	9560389,9788876,10029994,11854411,12686590,19269370,20526336,23891562,27708008	1.00	yes
IRA1	IRA2	Alliance・YGOB	high	45	負の遺伝的相互作用 1・表現型の増強 2・生育の低下 3	9628870,19717739,21749328,25486365,27453043	1.00	yes
IRC15	LPD1	Alliance・YGOB	high	41	負の遺伝的相互作用 1	27708008	0.16	yes
IRC23	TLD1	Alliance・YGOB	low	25			0.33	
IRS4	TAX4	Alliance・YGOB	high	32	表現型の増強 1	18298591	0.38	yes
ISF1	MBR1	Alliance・YGOB	high	25			1.00	yes
ISU1	ISU2	Alliance・YGOB	high	74	負の遺伝的相互作用 5・合成致死 1	10468587,20093466,21987634,27708008	0.70	yes
ITC1	YPL216W	Alliance・YGOB	high	28			0.40	
ITR1	ITR2	Alliance・YGOB	high	80	負の遺伝的相互作用 4・生育の低下 2	18408719,20093466,20526336,27708008	0.88	yes
IZH1	IZH4	Alliance・YGOB	moderate	27			1.00	yes
JIP4	YOR019W	Alliance・YGOB	high	31			0.25	
JSN1	PUF2	Alliance・YGOB	high	44	表現型の増強 1	34209236	0.71	yes
KCH1	PRM6	Alliance・YGOB	high	41	表現型の増強 2	23204190,28810704	1.00	yes
KDX1	SLT2	Alliance・YGOB	high	53	表現型の増強 2	9111331,20641022	0.21	yes
KEL1	KEL2	Alliance・YGOB	high	36	表現型の増強 2	16107882,26865368	0.67	yes
KIN1	KIN2	Alliance・YGOB	high	51	負の遺伝的相互作用 1・生育の低下 2・合成致死 1	21127252,25348718,30201804,30305396	1.00	yes
KRE2	KTR6	Alliance・YGOB	moderate	40	生育の低下 1	18408719	0.36	yes
KRE6	SKN1	Alliance・YGOB	high	66	表現型の増強 2・合成致死 2	7929594,8321211,12185837,22447934	0.71	yes
KTR2	YUR1	Alliance・YGOB	high	66	負の遺伝的相互作用 2	23891562,27708008	1.00	yes
KTR5	KTR7	Alliance・YGOB	high	53			0.50	yes
LAC1	LAG1	Alliance・YGOB	high	73	負の遺伝的相互作用 7・表現型の増強 1・生育の低下 5・合成致死 2	10198056,11387200,11694577,12869556,16269340,19210614,20526336,21173150,21623372,21987634,23620586,23891562,27708008	1.00	yes
LAM1	SIP3	Alliance・YGOB	high	38			0.40	
LAM4	YSP2	Alliance・YGOB	high	40			1.00	yes
LAM5	LAM6	Alliance・YGOB	high	30			0.75	yes
LCB3	YSR3	Alliance・YGOB	high	56	表現型の増強 1・生育の低下 1	10477278,18408719	0.80	yes
LCB4	LCB5	Alliance・YGOB	high	52	表現型の増強 1・生育の低下 1	11056159,18408719	0.86	yes
LEU4	LEU9	Alliance・YGOB	high	83	表現型の増強 1・生育の低下 2	18408719,26344121	1.00	yes
LSB1	PIN3	Alliance・YGOB	high	55	表現型の増強 1	25143386	1.00	yes
LSB3	YSC84	Alliance・YGOB	high	64	表現型の増強 1	19158382	0.57	yes
LSO1	LSO2	Alliance・YGOB	high	65	生育の低下 1	26450372	0.20	yes
LYS20	LYS21	Alliance・YGOB	high	92	表現型の増強 1・生育の低下 2・合成致死 1	18408719,18524920,20810648	0.83	yes
MCK1	YGK3	Alliance・YGOB	moderate	44	生育の低下 1	12529445	0.24	yes
MDS3	PMD1	Alliance・YGOB	high	41	負の遺伝的相互作用 3・生育の低下 1	20457806,20959818,27708008	0.33	yes
MEP1	MEP3	Alliance・YGOB	high	80	生育の低下 3・合成致死 2	9234685,9482721,16941010,18408719,26172854	1.00	yes
MET31	MET32	Alliance・YGOB	high	46	負の遺伝的相互作用 6・表現型の増強 3・生育の低下 2	9199298,15660125,20093466,20392822,20959818,21127252,22438580,27708008,32648914	0.78	yes
MF(ALPHA)1	MF(ALPHA)2	Alliance・YGOB	high	62			1.00	yes
MGA2	SPT23	Alliance・YGOB	high	38	負の遺伝的相互作用 7・表現型の増強 1・合成致死 4	9234728,9927444,11855848,16269340,20959818,21127252,21987634,27708008	0.42	yes
MGR3	RCI50	Alliance・YGOB	high	36			0.40	
MID2	MTL1	Alliance・YGOB	high	42	表現型の増強 1・生育の低下 1	10330137,24260614	0.08	yes
MIG2	MIG3	Alliance・YGOB	high	34			0.42	
MIP6	PES4	Alliance・YGOB	high	39	表現型の増強 1	28193845	0.90	yes
MIY2	MIY3	Alliance・YGOB	high	42			0.43	
MKC7	YPS1	Alliance・YGOB	high	50	表現型の増強 4・生育の低下 1・合成致死 3	7479877,9409808,16087741,18591427,20599573,20833895	0.83	yes
MKK1	MKK2	Alliance・YGOB	high	57	負の遺伝的相互作用 10・表現型の増強 2・生育の低下 4・合成致死 1	8386320,11283616,14573466,14610085,19269370,20093466,20526336,20737431,21127252,22282571,22747505,23891562,27708008,34436186	1.00	yes
MLF3	VHS2	Alliance・YGOB	high	31	生育の低下 1	16816427	0.50	yes
MLP1	MLP2	Alliance・YGOB	high	28	負の遺伝的相互作用 4・表現型の増強 6・生育の低下 1・合成致死 2	10617624,10638763,12490156,15557117,20093466,27708008,34723966,39320946,42165127,42284145	0.47	yes
MMT1	MMT2	Alliance・YGOB	high	51	生育の低下 1	24798331	1.00	yes
MNN14	MNN4	Alliance・YGOB	high	41			0.17	
MPC2	MPC3	Alliance・YGOB	high	79	生育の低下 1	22628554	1.00	yes
MPF1	YHR131C	Alliance・YGOB	high	31			1.00	yes
MRH1	YRO2	Alliance・YGOB	high	67	表現型の増強 1・生育の低下 1	25503505	1.00	yes
MRK1	RIM11	Alliance・YGOB	high	59	生育の低下 2	12529445,37938929	0.78	yes
MRS3	MRS4	Alliance・YGOB	high	76	負の遺伝的相互作用 4・表現型の増強 1・生育の低下 3	16511496,19285482,20093466,23800229,24624902,27708008	0.75	yes
MRX16	YLR108C	Alliance・YGOB	high	41			0.67	yes
MSA1	MSA2	Alliance・YGOB	low	24	表現型の増強 1	24732795	0.75	yes
MSB3	MSB4	Alliance・YGOB	high	49	負の遺伝的相互作用 1・表現型の増強 2・生育の低下 2・合成致死 2	10514570,10679030,10923023,12913108,16099424,21363887,27708008	0.60	yes
MSG5	SDP1	Alliance・YGOB	high	43			0.58	yes
MSN2	MSN4	Alliance・YGOB	high	33	負の遺伝的相互作用 1・表現型の増強 24・生育の低下 7・合成致死 1	8321194,8641288,9446611,9495741,9730283,10652100,12100562,14617816,14741356,14745784,15922872,17914901,19470158,20846146,21127252,21131516,21757539,21840858,23171550,23667708,24516402,26068574,27008706,28760824,28826004,28924051,28949295,29215176,30388117,31756183,33198745,42566436	0.81	yes
MSR1	YDR341C	Alliance・YGOB	high	61			0.78	yes
MST27	MST28	Alliance	high	97			0.25	
MTH1	STD1	Alliance・YGOB	high	57	負の遺伝的相互作用 1・表現型の増強 4・生育の低下 1	8114728,9725828,19720826,20959818,25541485,26431967	0.11	yes
MYO2	MYO4	Alliance・YGOB	high	49	表現型の増強 1	15215313	0.32	yes
MYO3	MYO5	Alliance・YGOB	high	73	負の遺伝的相互作用 4・表現型の増強 2・生育の低下 3・合成致死 4	8614799,8682864,9628892,12391157,12589066,16478726,18177206,20526336,21849475,23891562,27708008,33277053	0.86	yes
NCA3	UTH1	Alliance・YGOB	moderate	60	表現型の増強 1	10683261	0.57	yes
NDE1	NDE2	Alliance・YGOB	high	62	表現型の増強 3・生育の低下 1	9733747,18408719,30915433,31668496	0.86	yes
NET1	TOF2	Alliance・YGOB	high	21			0.40	
NFI1	SIZ1	Alliance・YGOB	high	30	負の遺伝的相互作用 2・表現型の増強 15・生育の低下 9・合成致死 4	11333221,11572779,15870299,16387868,17603101,17669696,17888002,18846224,18931302,19109426,19139279,21743457,21968059,22285753,22771040,23911609,23935535,24753409,25434491,26861880,27708008,28899943,33600463,33929514,34723966,41805125	0.88	yes
NGL2	NGL3	Alliance・YGOB	high	41			0.62	yes
NHP6A	NHP6B	Alliance・YGOB	high	89	負の遺伝的相互作用 2・表現型の増強 2・生育の低下 2	11118215,12612066,15649368,17314980,20959818,23028530	0.50	yes
NMA1	NMA2	Alliance・YGOB	high	76	負の遺伝的相互作用 4・生育の低下 1	18408719,20093466,21623372,27708008	1.00	yes
NPP1	NPP2	Alliance・YGOB	high	38			0.88	yes
NPR1	PRR2	Alliance・YGOB	high	37			0.50	yes
NQM1	TAL1	Alliance・YGOB	high	68	生育の低下 1・合成致死 1	16941010,18408719	0.80	yes
NRG1	NRG2	Alliance・YGOB	high	36	表現型の増強 3	12024013,20402793,25266663	0.69	yes
NSG1	NSG2	Alliance・YGOB	high	36			1.00	yes
NSI1	REB1	Alliance・YGOB	high	32			0.45	
NTG1	NTG2	Alliance・YGOB	high	51	表現型の増強 2・生育の低下 2・合成致死 2	10207101,18036332,19448611,19712668,19955329,20040573	0.71	yes
NTH1	NTH2	Alliance・YGOB	high	77	表現型の増強 2・生育の低下 1	18408719,19180643,39250759	0.83	yes
NUP100	NUP116	Alliance・YGOB	high	35	負の遺伝的相互作用 1・合成致死 2	8195299,8970155,27708008	0.47	yes
NUP157	NUP170	Alliance・YGOB	high	42	負の遺伝的相互作用 1・表現型の増強 1・生育の低下 2・合成致死 1	8522578,19414608,20498018,27708008	0.44	yes
OAF1	PIP2	Alliance・YGOB	high	42			0.89	yes
ODC1	ODC2	Alliance・YGOB	high	62	生育の低下 2	12234495,18408719	1.00	yes
ORC1	SIR3	Alliance・YGOB	high	27			0.26	
ORC4	RIF2	Alliance・YGOB	low	20			0.00	
ORM1	ORM2	Alliance・YGOB	high	72	負の遺伝的相互作用 7・表現型の増強 6・生育の低下 5	16269340,20093466,20182505,20212121,21987634,23286903,23891562,25040056,27708008,32612142,32845888,37982431,39897563,42121915	1.00	yes
OSH2	SWH1	Alliance・YGOB	high	50	生育の低下 1	11238399	0.80	yes
OSH6	OSH7	Alliance・YGOB	high	75	生育の低下 1	11238399	0.60	yes
OSW7	SHE10	Alliance・YGOB	high	24			1.00	yes
PAL1	PAL2	Alliance・YGOB	high	44			1.00	yes
PAM1	SVL3	Alliance・YGOB	high	37	生育の低下 2	29211891,32491201	0.50	yes
PAP2	TRF5	Alliance・YGOB	high	56	表現型の増強 3・合成致死 6	8710513,10926539,11861546,12665575,16487579,18007593,25159613,25589546	0.52	yes
PCL10	PCL8	Alliance・YGOB	high	33	表現型の増強 1	31797348	1.00	yes
PCL2	PCL9	Alliance・YGOB	high	51			0.57	yes
PCL6	PCL7	Alliance・YGOB	high	39			0.80	yes
PDR1	PDR3	Alliance・YGOB	moderate	33	表現型の増強 5・生育の低下 8	8078477,9271421,10980204,15632430,17881724,17993571,19884123,20851956,24201294,24610064,25724885,28361556,33770579	0.75	yes
PDR15	PDR5	Alliance・YGOB	high	75	表現型の増強 1	17881724	0.78	yes
PDR8	YRR1	Alliance・YGOB	high	26			0.45	
PEX18	PEX21	Alliance・YGOB	low	19	表現型の増強 1・生育の低下 2	9864360,22021076,26276932	1.00	yes
PEX25	PEX27	Alliance・YGOB	high	22	合成致死 1	14517338	0.75	yes
PEX30	PEX31	Alliance・YGOB	high	48			0.29	
PGM1	PGM2	Alliance・YGOB	high	79	負の遺伝的相互作用 5・表現型の増強 1・生育の低下 1・合成致死 1	8119301,16941010,18408719,20093466,21623372,23891562,27708008	0.86	yes
PHD1	SOK2	Alliance・YGOB	high	32	負の遺伝的相互作用 2・表現型の増強 1	21127252,27708008,32385261	0.57	yes
PHM8	SDT1	Alliance・YGOB	high	47	表現型の増強 1	41999890	0.50	yes
PHO11	PHO12	Alliance	high	100	表現型の増強 1	34845723	0.50	yes
PHO87	PHO90	Alliance・YGOB	high	66	合成致死 1	11779791	0.86	yes
PIR1	PIR5	Alliance・YGOB	moderate	49			0.40	
PKH1	PKH2	Alliance・YGOB	high	33	負の遺伝的相互作用 4・表現型の増強 2・生育の低下 1・合成致死 4	10074427,10567559,11807089,19269370,20526336,21163942,21987634,22319457,22918958,23891562,30824472	0.90	yes
PLB1	PLB3	Alliance・YGOB	high	65			0.55	yes
PLM2	TOS4	Alliance・YGOB	high	33			0.67	yes
PMP1	PMP2	Alliance・YGOB	high	97			1.00	yes
PMT2	PMT3	Alliance・YGOB	high	66	負の遺伝的相互作用 6・生育の低下 3	8918452,16269340,18408719,20093466,23891562,27708008	0.67	yes
POR1	POR2	Alliance・YGOB	high	50	負の遺伝的相互作用 2・表現型の増強 3・生育の低下 2	9315631,9435273,19056337,21987634,23104570,27708008,39684721	0.35	yes
PPH21	PPH22	Alliance・YGOB	high	89	負の遺伝的相互作用 2・表現型の増強 3・生育の低下 4・合成致死 7	1656215,2176150,7744031,7796803,11134337,11262194,11967829,18316413,19015262,19269370,21127252,22535525,23518505,26728856,34668760,39704566	0.78	yes
PPZ1	PPZ2	Alliance・YGOB	high	59	負の遺伝的相互作用 3・表現型の増強 5・生育の低下 6・合成致死 2	7768897,8382634,8395014,8396031,10790385,11967829,14555476,14871941,17397392,19269370,19597484,21127252,22367039,27708008,30610170	0.75	yes
PRB1	YSP3	Alliance・YGOB	high	57			0.83	yes
PRM5	YNL058C	Alliance・YGOB	high	30			1.00	yes
PRM8	PRM9	Alliance	high	76			1.00	yes
PRO1	YHR033W	Alliance・YGOB	high	67			0.62	yes
PRS2	PRS4	Alliance・YGOB	high	90	生育の低下 1・合成致死 1	10212224,18408719	1.00	yes
PRY1	PRY2	Alliance・YGOB	high	53	表現型の増強 1	23027975	0.67	yes
PSK1	PSK2	Alliance・YGOB	high	51	表現型の増強 1・生育の低下 1	12372297,17989693	0.88	yes
PSP1	YLR177W	Alliance・YGOB	high	41			0.67	yes
PSR1	PSR2	Alliance・YGOB	high	51	表現型の増強 4・生育の低下 2・合成致死 1	10777497,12090248,24476960,26862728,30142151,39484844,40103213	1.00	yes
PST2	RFS1	Alliance・YGOB	high	54			0.60	yes
PTC2	PTC3	Alliance・YGOB	high	61	表現型の増強 1・生育の低下 4・合成致死 1	12477803,12667463,19884341,21135129,25088474,30655342	0.67	yes
PTK1	PTK2	Alliance・YGOB	high	42	負の遺伝的相互作用 7	19269370,20093466,21127252,22282571,27708008,38227612	0.55	yes
PTM1	YHL017W	Alliance・YGOB	high	52			1.00	yes
PUS1	PUS2	Alliance・YGOB	high	42	生育の低下 1	18408719	0.58	yes
PUS9	RIB2	Alliance・YGOB	high	62	表現型の増強 1	15466869	0.54	yes
PYC1	PYC2	Alliance・YGOB	high	93	負の遺伝的相互作用 4・生育の低下 2・合成致死 3	16941010,18408719,21623372,23837815,27708008,31821485	1.00	yes
RAS1	RAS2	Alliance・YGOB	high	59	負の遺伝的相互作用 5・表現型の増強 2・生育の低下 2・合成致死 4	2558053,3145192,3549283,6327067,7502049,14764870,15030478,19269370,20093466,20526336,27708008,32662770	0.41	yes
RBH1	RBH2	Alliance・YGOB	high	24			0.33	
RCK1	RCK2	Alliance・YGOB	high	43			0.75	yes
RCR1	RCR2	Alliance・YGOB	high	49	生育の低下 1	15590673	0.43	yes
REG1	REG2	Alliance・YGOB	low	20	生育の低下 2	8649403,27107116	0.17	yes
RGA1	RGA2	Alliance・YGOB	high	33	表現型の増強 1	12455995	0.46	yes
RGI1	RGI2	Alliance・YGOB	high	67			1.00	yes
RGM1	USV1	Alliance・YGOB	high	32			0.57	yes
RGT2	SNF3	Alliance・YGOB	high	59	負の遺伝的相互作用 1・表現型の増強 5・生育の低下 3	9564039,10632886,18227642,20526336,20564191,25541485,26757771,28790206	0.58	yes
RLM1	SMP1	Alliance・YGOB	high	33			0.57	yes
RNP1	SBP1	Alliance・YGOB	high	24			0.42	
RNR1	RNR3	Alliance・YGOB	high	80	生育の低下 2	18408719,30462295	0.80	yes
RNR2	RNR4	Alliance・YGOB	high	54			1.00	yes
ROD1	ROG3	Alliance・YGOB	high	39	表現型の増強 2・生育の低下 1	24820415,25547292	0.50	yes
ROG1	YDL109C	Alliance・YGOB	high	48			0.50	yes
ROM1	ROM2	Alliance・YGOB	high	43	負の遺伝的相互作用 3・生育の低下 1・合成致死 3	8641285,18931302,20093466,22344253,27708008	0.44	yes
RPL11A	RPL11B	Alliance・YGOB	high	99	合成致死 1	22377630	1.00	yes
RPL12A	RPL12B	Alliance・YGOB	high	100	生育の低下 2	17940088,22377630	1.00	yes
RPL13A	RPL13B	Alliance・YGOB	high	99	合成致死 1	22377630	0.80	yes
RPL14A	RPL14B	Alliance・YGOB	high	99	合成致死 1	22377630	0.88	yes
RPL15A	RPL15B	Alliance・YGOB	high	99	合成致死 1	22377630	0.86	yes
RPL16A	RPL16B	Alliance・YGOB	high	90	負の遺伝的相互作用 1・合成致死 2	3282992,22377630,27708008	1.00	yes
RPL17A	RPL17B	Alliance・YGOB	high	99	合成致死 1	22377630	1.00	yes
RPL18A	RPL18B	Alliance・YGOB	high	100	合成致死 1	22377630	1.00	yes
RPL19A	RPL19B	Alliance・YGOB	high	100	合成致死 1	22377630	1.00	yes
RPL1A	RPL1B	Alliance・YGOB	high	100	負の遺伝的相互作用 1・生育の低下 1・合成致死 2	7651424,20876302,22377630,27708008	1.00	yes
RPL20A	RPL20B	Alliance・YGOB	high	100	合成致死 1	22377630	1.00	yes
RPL21A	RPL21B	Alliance・YGOB	high	99	合成致死 1	22377630	1.00	yes
RPL22A	RPL22B	Alliance・YGOB	high	84	負の遺伝的相互作用 2・生育の低下 1	20093466,22377630,27708008	1.00	yes
RPL23A	RPL23B	Alliance・YGOB	low	100	負の遺伝的相互作用 1・合成致死 1	22377630,27708008	1.00	yes
RPL24A	RPL24B	Alliance・YGOB	high	97	負の遺伝的相互作用 1・生育の低下 1	22377630,27708008	1.00	yes
RPL26A	RPL26B	Alliance・YGOB	high	99	負の遺伝的相互作用 1・表現型の増強 1・生育の低下 1	20093466,22377630,22688513	1.00	yes
RPL27A	RPL27B	Alliance・YGOB	high	99	合成致死 1	22377630	1.00	yes
RPL2A	RPL2B	Alliance・YGOB	high	100	合成致死 1	22377630	0.60	yes
RPL31A	RPL31B	Alliance・YGOB	high	99	生育の低下 1	22377630	1.00	yes
RPL33A	RPL33B	Alliance・YGOB	high	99	合成致死 1	22377630	0.67	yes
RPL34A	RPL34B	Alliance・YGOB	high	98	合成致死 1	22377630	0.75	yes
RPL35A	RPL35B	Alliance・YGOB	high	100	合成致死 1	22377630	1.00	yes
RPL36A	RPL36B	Alliance・YGOB	high	98	合成致死 1	22377630	1.00	yes
RPL37A	RPL37B	Alliance・YGOB	high	93	負の遺伝的相互作用 2・合成致死 1	20093466,22377630,27708008	1.00	yes
RPL40A	RPL40B	Alliance・YGOB	high	100	負の遺伝的相互作用 1・表現型の増強 1・生育の低下 1・合成致死 2	22377630,22995916,27708008,31394841	1.00	yes
RPL41A	RPL41B	Alliance・YGOB	high	100			1.00	yes
RPL42A	RPL42B	Alliance・YGOB	high	100	合成致死 1	22377630	1.00	yes
RPL43A	RPL43B	Alliance・YGOB	high	100	負の遺伝的相互作用 3・合成致死 1	20093466,22377630,27708008	0.75	yes
RPL4A	RPL4B	Alliance・YGOB	high	100	負の遺伝的相互作用 1・合成致死 1	22377630,27708008	1.00	yes
RPL6A	RPL6B	Alliance・YGOB	high	94	負の遺伝的相互作用 1・合成致死 1	20093466,22377630	1.00	yes
RPL7A	RPL7B	Alliance・YGOB	high	98	合成致死 2	8536309,22377630	0.75	yes
RPL8A	RPL8B	Alliance・YGOB	high	97	負の遺伝的相互作用 3・合成致死 1	20093466,22377630,27708008	1.00	yes
RPS0A	RPS0B	Alliance・YGOB	high	95	負の遺伝的相互作用 3・合成致死 3	8626693,20093466,22377630,22792338,27708008	1.00	yes
RPS10A	RPS10B	Alliance・YGOB	high	97	合成致死 1	22377630	1.00	yes
RPS11A	RPS11B	Alliance・YGOB	high	100	負の遺伝的相互作用 1・合成致死 1	22377630,27453043	1.00	yes
RPS14A	RPS14B	Alliance・YGOB	high	98	負の遺伝的相互作用 2・合成致死 2	8293976,22377630,27708008	0.71	yes
RPS16A	RPS16B	Alliance・YGOB	high	100	負の遺伝的相互作用 3・合成致死 1	20093466,22377630,27708008	1.00	yes
RPS17A	RPS17B	Alliance・YGOB	high	100	負の遺伝的相互作用 1・生育の低下 1・合成致死 1	6092944,22377630,27708008	1.00	yes
RPS18A	RPS18B	Alliance・YGOB	low	100	負の遺伝的相互作用 1・合成致死 1	22377630,27708008	1.00	yes
RPS19A	RPS19B	Alliance・YGOB	high	99	合成致死 1	22377630	1.00	yes
RPS1A	RPS1B	Alliance・YGOB	high	97	負の遺伝的相互作用 3・合成致死 1	20093466,22377630,27708008	1.00	yes
RPS21A	RPS21B	Alliance・YGOB	high	99	合成致死 2	14627813,22377630	1.00	yes
RPS23A	RPS23B	Alliance・YGOB	high	100	負の遺伝的相互作用 1・合成致死 1	20093466,22377630	1.00	yes
RPS24A	RPS24B	Alliance・YGOB	high	100	負の遺伝的相互作用 2・合成致死 1	20093466,22377630,27708008	1.00	yes
RPS25A	RPS25B	Alliance・YGOB	high	99	負の遺伝的相互作用 3・生育の低下 1	20093466,22377630,27708008	1.00	yes
RPS26A	RPS26B	Alliance・YGOB	high	98	負の遺伝的相互作用 1・合成致死 2	22377630,25144938,27708008	1.00	yes
RPS27A	RPS27B	Alliance・YGOB	high	99	負の遺伝的相互作用 1・合成致死 1	22377630,27708008	0.86	yes
RPS28A	RPS28B	Alliance・YGOB	high	99	負の遺伝的相互作用 3・合成致死 1	20093466,22377630,27708008	0.86	yes
RPS29A	RPS29B	Alliance・YGOB	high	91	負の遺伝的相互作用 4・合成致死 1	20093466,22377630,27708008	1.00	yes
RPS30A	RPS30B	Alliance・YGOB	high	100	負の遺伝的相互作用 4・合成致死 1	20093466,22377630,27708008	1.00	yes
RPS4A	RPS4B	Alliance・YGOB	high	100	合成致死 1	22377630	1.00	yes
RPS6A	RPS6B	Alliance・YGOB	high	100	負の遺伝的相互作用 4・生育の低下 1・合成致死 1	20093466,20876302,22377630,27708008	1.00	yes
RPS7A	RPS7B	Alliance・YGOB	high	88	負の遺伝的相互作用 1・生育の低下 1・合成致死 1	1737755,22377630,27708008	1.00	yes
RPS8A	RPS8B	Alliance・YGOB	high	100	負の遺伝的相互作用 1・合成致死 1	22377630,27708008	1.00	yes
RPS9A	RPS9B	Alliance・YGOB	high	97	負の遺伝的相互作用 1・合成致死 1	22377630,27708008	0.75	yes
RSC1	RSC2	Alliance・YGOB	high	44			0.50	yes
RSC3	RSC30	Alliance・YGOB	high	26	合成致死 1	11336698	0.80	yes
RSC30	YHR054C	Alliance	moderate	100			0.00	
RSC6	SNF12	Alliance・YGOB	high	30			0.29	
RSF2	TDA9	Alliance・YGOB	high	40	負の遺伝的相互作用 1	20959818	0.56	yes
RTA1	YLR046C	Alliance・YGOB	high	34			1.00	yes
RTC2	YPQ1	Alliance・YGOB	high	57			0.83	yes
RTN1	RTN2	Alliance・YGOB	high	28	表現型の増強 1・生育の低下 1	41258956	0.75	yes
RTR1	RTR2	Alliance・YGOB	high	34	生育の低下 1	18408053	0.75	yes
SAK1	TOS3	Alliance・YGOB	high	34	表現型の増強 3・生育の低下 4・合成致死 1	12847291,12906789,15824893,22372618,24486034,26394309,28558063,29986907	0.55	yes
SAM1	SAM2	Alliance・YGOB	high	93	負の遺伝的相互作用 5・表現型の増強 3・生育の低下 2・合成致死 3	355845,16941010,17284612,17426150,18408719,19004804,20093466,21623372,27708008	0.67	yes
SAP155	SAP4	Alliance・YGOB	high	39	負の遺伝的相互作用 1・生育の低下 2	8649382,19269370,20608983	0.83	yes
SAP185	SAP190	Alliance・YGOB	high	43	負の遺伝的相互作用 2・生育の低下 3	8649382,15367655,17314980,19269370,20608983	0.75	yes
SBE2	SBE22	Alliance・YGOB	high	42	負の遺伝的相互作用 1・生育の低下 1	10679005,23891562	1.00	yes
SBH1	SBH2	Alliance・YGOB	high	55	負の遺伝的相互作用 2・表現型の増強 1・生育の低下 3・合成致死 3	8612571,8740416,16269340,17699516,18347066,19857245,23237413,25918226	0.67	yes
SCO1	SCO2	Alliance・YGOB	high	56			1.00	yes
SCS2	SCS22	Alliance・YGOB	high	27	表現型の増強 1	39232457	0.38	yes
SCW10	SCW4	Alliance・YGOB	high	62	負の遺伝的相互作用 2・生育の低下 3	9748433,15470095,15470100,23891562,27708008	0.86	yes
SDH1	SDH9	Alliance・YGOB	high	84			1.00	yes
SDH3	SHH3	Alliance・YGOB	high	57	生育の低下 1	18408719	0.33	yes
SDH4	SHH4	Alliance・YGOB	high	52	表現型の増強 1・生育の低下 1	25328978	0.71	yes
SDS23	SDS24	Alliance・YGOB	high	62	表現型の増強 1・生育の低下 1	16041152,21360731	0.83	yes
SEC12	SED4	Alliance・YGOB	high	41	負の遺伝的相互作用 2・生育の低下 1	7593162,20093466,27708008	0.80	yes
SEC14	YKL091C	Alliance・YGOB	high	64			0.19	
SEC24	SFB2	Alliance・YGOB	high	56	負の遺伝的相互作用 1・合成致死 1	22157747,27708008	0.86	yes
SED1	SPI1	Alliance・YGOB	high	34			0.50	yes
SEG1	SEG2	Alliance・YGOB	high	23			0.33	
SER3	SER33	Alliance・YGOB	high	92	負の遺伝的相互作用 2・表現型の増強 2・生育の低下 4・合成致死 1	12525494,16941010,18408719,21623372,26774271,27708008,30668112	1.00	yes
SET3	SET4	Alliance・YGOB	high	31	表現型の増強 1	30082318	0.29	yes
SHC1	SKT5	Alliance・YGOB	high	40	負の遺伝的相互作用 1・表現型の増強 1	27708008,28978675	0.67	yes
SIM1	SUN4	Alliance・YGOB	high	62			0.50	yes
SIS2	VHS3	Alliance・YGOB	high	48	負の遺伝的相互作用 2・表現型の増強 1・合成致死 2	15192104,22124281,23454581,27708008	0.44	yes
SKG6	TOS2	Alliance・YGOB	high	34			0.40	
SKS1	VHS1	Alliance・YGOB	high	45			0.50	yes
SLF1	SRO9	Alliance・YGOB	high	32			0.80	yes
SLM1	SLM2	Alliance・YGOB	high	53	負の遺伝的相互作用 4・表現型の増強 1・合成致死 4	15689497,16847337,17101780,20526336,21451250,21987634,22307609,23891562,27708008	0.75	yes
SMY2	SYH1	Alliance・YGOB	high	31			0.22	
SNC1	SNC2	Alliance・YGOB	high	77	負の遺伝的相互作用 4・表現型の増強 2・生育の低下 1・合成致死 2	8374953,9195971,12006655,20093466,20526336,21686101,23891562,23897890,27708008	1.00	yes
SNG1	YJR015W	Alliance・YGOB	high	45			0.20	
SOL1	SOL2	Alliance・YGOB	high	78	負の遺伝的相互作用 1・生育の低下 1	18408719,27708008	1.00	yes
SOL3	SOL4	Alliance・YGOB	high	49	負の遺伝的相互作用 4	20093466,21623372,27708008	1.00	yes
SPA2	SPH1	Alliance・YGOB	high	19			0.33	
SPO19	SPR2	Alliance・YGOB	low	23			0.25	
SPO21	YSW1	Alliance・YGOB	low	21			0.25	
SPS100	YGP1	Alliance・YGOB	high	43			0.33	
SPS2	SPS22	Alliance・YGOB	high	43			1.00	yes
SRL1	SVS1	Alliance・YGOB	high	34			0.33	
SRL3	WHI5	Alliance・YGOB	high	25	表現型の増強 1	28839131	0.40	yes
SRO7	SRO77	Alliance・YGOB	high	53	負の遺伝的相互作用 4・表現型の増強 1・生育の低下 4	9691031,10402465,20526336,21248204,21363887,23891562,25061043,27453043,27708008	0.50	yes
SSA3	SSA4	Alliance・YGOB	high	88	表現型の増強 2・生育の低下 1	22138184,28826004,31797348	0.70	yes
SSB1	SSB2	Alliance・YGOB	high	99	負の遺伝的相互作用 1・表現型の増強 2・生育の低下 4・合成致死 1	1394434,9707440,15643063,17142456,19387492,27708008,27917864,30039896	0.79	yes
SSE1	SSE2	Alliance・YGOB	high	76	負の遺伝的相互作用 3・表現型の増強 1・合成致死 5	15879503,16688211,20093466,23797105,27708008,31423733,34109626,38577891	0.78	yes
SSF1	SSF2	Alliance・YGOB	high	94	負の遺伝的相互作用 5・合成致死 1	7748491,19061648,20093466,27708008	0.83	yes
SSK2	SSK22	Alliance・YGOB	high	51	生育の低下 2・合成致死 1	9742096,11084293,19318625	0.55	yes
SSO1	SSO2	Alliance・YGOB	high	74	負の遺伝的相互作用 3・表現型の増強 1・生育の低下 1	11839791,23891562,27708008,35979953	0.64	yes
STB1	YOL131W	Alliance・YGOB	low	23			0.00	
STB2	STB6	Alliance・YGOB	high	46			1.00	yes
STF2	TMA10	Alliance・YGOB	high	65			0.33	
STP1	STP2	Alliance・YGOB	high	36	負の遺伝的相互作用 2・表現型の増強 3・生育の低下 1・合成致死 1	19906648,20093466,21127045,26546823,27708008	0.75	yes
STP3	STP4	Alliance・YGOB	high	51			1.00	yes
STR2	YML082W	Alliance・YGOB	high	55			0.71	yes
SUT1	SUT2	Alliance・YGOB	high	34			0.73	yes
SYC1	YSH1	Alliance・YGOB	high	35			0.10	
TCB1	TCB2	Alliance・YGOB	high	55	表現型の増強 2	15141306,31743662	1.00	yes
TCD1	TCD2	Alliance・YGOB	high	47			1.00	yes
TDA6	VPS62	Alliance・YGOB	high	59			0.33	
TDA7	YDL211C	Alliance・YGOB	high	28			1.00	yes
TDH2	TDH3	Alliance・YGOB	high	96	負の遺伝的相互作用 7・表現型の増強 2・生育の低下 2・合成致死 3	2999100,16941010,18408719,19390637,20093466,21623372,23891562,27708008,37296670,41804273	0.71	yes
TEF1	TEF2	Alliance・YGOB	low	100	負の遺伝的相互作用 1・合成致死 1	3916735,27708008	1.00	yes
TFC7	YNL108C	Alliance・YGOB	high	56			0.12	
TGL4	TGL5	Alliance・YGOB	high	50	表現型の増強 1	25016085	0.55	yes
THI74	YML018C	Alliance・YGOB	high	39			1.00	yes
TIF1	TIF2	Alliance・YGOB	low	100	負の遺伝的相互作用 4	19061648,27708008,29397069	1.00	yes
TIF4631	TIF4632	Alliance・YGOB	high	50	合成致死 2	8336723,21139564	0.82	yes
TIR2	TIR3	Alliance・YGOB	moderate	43			0.60	yes
TKL1	TKL2	Alliance・YGOB	high	71	負の遺伝的相互作用 2・生育の低下 1・合成致死 2	7916691,16941010,18408719,21623372,27708008	1.00	yes
TOM70	TOM71	Alliance・YGOB	high	51	負の遺伝的相互作用 3・表現型の増強 2・生育の低下 1	16566938,20093466,27708008,33826901,38900507,40175596	0.67	yes
TOR1	TOR2	Alliance・YGOB	high	68	負の遺伝的相互作用 5・表現型の増強 7・生育の低下 2	8186460,18408719,20093466,20526336,22282571,23660670,24465216,25882841,26700129,27099601,27708008,29895620,32231465	0.39	yes
TPK1	TPK3	Alliance・YGOB	high	73	負の遺伝的相互作用 4・表現型の増強 1・合成致死 2	3036373,19269370,20093466,21457714,22282571,27708008,39065219	0.53	yes
TPM1	TPM2	Alliance・YGOB	high	53	負の遺伝的相互作用 5・表現型の増強 6・合成致死 1	9864365,10793147,15215313,15371545,15616194,19403698,20093466,20526336,23891562,27708008,40924756	0.60	yes
TPO2	TPO3	Alliance・YGOB	high	89	生育の低下 1	35717394	1.00	yes
TPS3	TSL1	Alliance・YGOB	high	54	表現型の増強 1・生育の低下 1・合成致死 1	9837904,16941010,18408719	1.00	yes
TRE1	TRE2	Alliance・YGOB	high	44	生育の低下 1	16456538	1.00	yes
TRI1	UAF30	Alliance・YGOB	high	40			0.57	yes
TRK1	TRK2	Alliance・YGOB	high	41	負の遺伝的相互作用 1・表現型の増強 9・生育の低下 10・合成致死 4	2072919,2199312,7597651,8282703,8550001,9153214,9447989,9530519,9614085,10089235,10515937,12135613,12535075,15642368,15659172,16823886,16895905,18408719,20238415,20491939,23240720,23817436,27708008	0.90	yes
TRR1	TRR2	Alliance・YGOB	high	86	表現型の増強 1・生育の低下 2	15701801,18408719,30419257	0.83	yes
TRX1	TRX2	Alliance・YGOB	high	79	負の遺伝的相互作用 4・表現型の増強 7・生育の低下 3・合成致死 2	2026619,7929110,8930901,9501259,10844700,16272220,16574642,21623372,22878414,23416294,25247923,27708008,32004955	0.80	yes
TSA1	TSA2	Alliance・YGOB	high	86	表現型の増強 3・生育の低下 4	11741925,19106092,19543365,20308573,21282621,30701970	0.64	yes
TUB1	TUB3	Alliance・YGOB	high	91	合成致死 3	3294100,10793159,15525520	0.92	yes
UBC4	UBC5	Alliance・YGOB	high	93	負の遺伝的相互作用 4・表現型の増強 10・生育の低下 3・合成致死 3	2154373,2265617,7592860,8045256,8565073,9395529,9852113,11325936,16118187,17314980,19087962,19578373,20093466,21357418,21777813,23583075,27708008,34109626,35294869	0.46	yes
UBP11	UBP7	Alliance・YGOB	high	33			0.80	yes
UBP13	UBP9	Alliance・YGOB	high	44	生育の低下 1	22723847	0.80	yes
UBX6	UBX7	Alliance・YGOB	high	30			1.00	yes
UGP1	YHL012W	Alliance・YGOB	high	41	生育の低下 1・合成致死 1	16941010,18408719	0.75	yes
UME1	WTM2	Alliance・YGOB	high	41			0.31	
UPA1	UPA2	Alliance・YGOB	high	34			1.00	yes
UPS2	UPS3	Alliance・YGOB	high	56	表現型の増強 1・生育の低下 1	19506038,21930701	0.38	yes
URA10	URA5	Alliance・YGOB	high	75	生育の低下 1・合成致死 1	16941010,18408719	1.00	yes
URA7	URA8	Alliance・YGOB	high	78	負の遺伝的相互作用 4・生育の低下 1・合成致死 3	8121398,16941010,17284612,18408719,20093466,21623372,27708008	0.91	yes
UTR1	YEF1	Alliance・YGOB	high	52	合成致死 1	19158096	0.80	yes
VBA3	VBA5	Alliance	high	99			0.29	
VHR1	VHR2	Alliance・YGOB	high	38			0.00	
VMR1	YBT1	Alliance・YGOB	high	50			0.44	
VPS21	YPT53	Alliance・YGOB	high	56	負の遺伝的相互作用 1・表現型の増強 2・生育の低下 2	21363887,22748138,24923442,27708008,41604451	0.50	yes
VPS5	VPS501	Alliance・YGOB	high	24			0.38	
VPS73	VVS1	Alliance・YGOB	high	48			0.83	yes
VTC2	VTC3	Alliance・YGOB	high	56	表現型の増強 2	11102525,37066886	0.88	yes
WHI3	WHI4	Alliance・YGOB	high	37	負の遺伝的相互作用 3・表現型の増強 1	11290704,19061648,20093466,27708008	0.56	yes
WSC2	WSC3	Alliance・YGOB	high	45			0.67	yes
YAL037W	YOR342C	Alliance・YGOB	high	26			1.00	yes
YAP1801	YAP1802	Alliance・YGOB	high	44			1.00	yes
YAP5	YAP7	Alliance・YGOB	high	30			0.50	yes
YAR064W	YHR213W-B	Alliance	high	98			1.00	yes
YAR066W	YHR214W	Alliance	high	100			1.00	yes
YBP1	YBP2	Alliance・YGOB	high	35	生育の低下 1	15075262	0.43	yes
YBR197C	YPL077C	Alliance・YGOB	high	25			1.00	yes
YBR242W	YGK1	Alliance・YGOB	high	65			1.00	yes
YBR284W	YJL070C	Alliance・YGOB	high	39	生育の低下 1	18408719	1.00	yes
YCK1	YCK2	Alliance・YGOB	high	66	負の遺伝的相互作用 8・表現型の増強 3・合成致死 7	7759525,8034689,8474447,8816449,8943257,9250663,10811641,14668479,16361229,19269370,20093466,20526336,20932477,21127252,22282571,27708008	1.00	yes
YCL048W-A	YDR524C-B	Alliance・YGOB	high	46			1.00	yes
YDC1	YPC1	Alliance・YGOB	high	54	合成致死 1	21173150	0.86	yes
YDR222W	YLR225C	Alliance・YGOB	high	50			1.00	yes
YEA6	YIA6	Alliance・YGOB	high	57	負の遺伝的相互作用 1	27708008	0.83	yes
YEH1	YEH2	Alliance・YGOB	high	49	表現型の増強 1	41108721	0.75	yes
YET1	YET2	Alliance・YGOB	high	49			1.00	yes
YHP1	YOX1	Alliance・YGOB	high	36			0.90	yes
YIR016W	YOL036W	Alliance・YGOB	low	20			1.00	yes
YKR075C	YOR062C	Alliance・YGOB	high	39			1.00	yes
YLR154C-H	YLR157C-C	Alliance	high	100			1.00	yes
YLR156C-A	YLR159C-A	Alliance	high	100			1.00	yes
YLR156W	YLR159W	Alliance	low	100			1.00	yes
YLR157W-D	YLR161W	Alliance	high	100			1.00	yes
YLR297W	YOR186W	Alliance・YGOB	low	20			1.00	yes
YLR456W	YPR172W	Alliance・YGOB	high	48			1.00	yes
YMC1	YMC2	Alliance・YGOB	high	65			0.50	yes
YMR181C	YPL229W	Alliance・YGOB	high	33			1.00	yes
YMR206W	YNR014W	Alliance・YGOB	high	23			1.00	yes
YNL018C	YNL034W	Alliance	high	97			1.00	yes
YNL019C	YNL033W	Alliance	high	100			1.00	yes
YPK1	YPK2	Alliance・YGOB	high	68	表現型の増強 1・合成致死 3	8437590,11839800,12196392,22307609	0.46	yes
YPT31	YPT32	Alliance・YGOB	high	81	負の遺伝的相互作用 3・表現型の増強 2・生育の低下 3・合成致死 2	8978673,9151665,15574876,20093466,20493815,21363887,23097040,23891562,27708008,33788577	1.00	yes
ZDS1	ZDS2	Alliance・YGOB	high	34	負の遺伝的相互作用 4・表現型の増強 4・生育の低下 5	8816438,8816439,9443973,10398844,15619606,18762578,19269370,20093466,20959818,20980617,21119008,27708008	0.50	yes
