gene,value,note
GTR1,1,富栄養: アミノ酸が十分で Gtr1 が GTP 型になり TORC1 を活性化する（23716719）
GTR2,1,同上（Gtr1–Gtr2 のヘテロ二量体）
MEH1,1,EGO 複合体（Gtr1–Gtr2 の足場）は常に存在する
SLM4,1,同上
EGO2,1,同上
PIB2,1,富栄養: グルタミンが十分で Pib2 が TORC1 を活性化する（29698392）
IML1,0.2,富栄養: SEACIT の GAP 活性は低い（アミノ酸欠乏で働く。23716719）
NPR2,0.2,同上
NPR3,0.2,同上
FPR1,0,ラパマイシンがないので FPR1 は TORC1 を抑えない（1715094）
SLM1,1,TORC2 の基底の働き（細胞膜で Ypk1 を TORC2 に呼ぶ。22307609）
SLM2,1,同上
PKH1,1,Pkh1/2 は常に働く上流キナーゼとして扱う
PKH2,1,同上
GPR1,1,富栄養: グルコースがあり Gpr1–Gpa2 が cAMP 合成を促す（10361302）
GPA2,1,同上
CDC25,1,富栄養: Ras の GEF は働いている
IRA1,0.3,Ras の GAP は基底の量だけ働く（0 にすると抑えが消え、1 にすると Ras が止まるため途中の値）
IRA2,0.3,同上
PDE1,0.3,cAMP の分解は基底の量だけ（同上）
PDE2,0.3,同上
HXK2,1,富栄養: グルコースがありヘキソキナーゼ 2 が働く
REG1,1,富栄養: グルコースがあり Reg1–Glc7 が Snf1 を脱リン酸化して止める（8846786）
GLC7,1,同上
SAK1,0.3,Snf1 の上流キナーゼ。グルコースがあると Snf1 の活性化は Glc7 に打ち消される（途中の値）
TOS3,0.3,同上
ELM1,0.3,同上
SLN1,1,通常の浸透圧では Sln1 が働き、Ssk1 をリン酸化して HOG 経路を止める（8808622）
SHO1,0,高浸透圧のときだけ働くセンサー
MSB2,0,同上
HKR1,0,同上
OPY2,0,同上
SLG1,0.3,細胞壁のストレスがないので基底の量だけ
MID2,0.3,同上
GCN2,0,アミノ酸が十分なので Gcn2 は働かない（1739968）
IRE1,0,小胞体ストレスがないので Ire1 は働かない（9323131）
PHO81,0,リン酸が十分なので Pho81 は Pho80–Pho85 を抑えない（7939631）
CKA1,1,CK2 は常に働くキナーゼとして扱う
CKA2,1,同上
YCK1,1,CK1 は常に働くキナーゼとして扱う
YCK2,1,同上
