complex,gene,slot,note,pmids
TORC1,TOR1,catalytic,TOR1 と TOR2 はどちらかがあればよい（TORC1 は TOR1 または TOR2・KOG1・LST8 を含み、TOR1 と TOR2 は重複して生育を制御する）,12408816
TORC1,TOR2,catalytic,TORC2 にも入る。TOR2 自身の関係（TOR2 → YPK1 など）は TORC2 の働きとして計算する,12408816
TORC1,KOG1,KOG1,必須,12408816
TORC1,LST8,LST8,必須。TORC2 にも入る,12408816
TORC1,TCO89,accessory,TORC1 の構成要素。破壊株は生育でき、ラパマイシン高感受性・細胞の強度の低下を示す（働きが弱まるだけ）,14736892
TORC2,TOR2,catalytic,,12408816
TORC2,AVO1,AVO1,必須（AVO1 と AVO3 は TOR2 の N 末端に協同して結合し、TORC2 の形成に必要）,16002396
TORC2,TSC11,TSC11,必須（別名 AVO3。AVO1 とともに TORC2 の形成に必要）,16002396
TORC2,LST8,LST8,必須（TOR2 のキナーゼ領域に結合し、TORC2 の形成とキナーゼ活性を調節する）,16002396
TORC2,AVO2,accessory,必須でない周辺の構成要素,16002396
TORC2,BIT61,accessory,TORC2 の構成要素（必要性は未確認）,14736892
EGO,GTR1,GTR1,GTR1–GTR2 のヘテロ二量体,26206314
EGO,GTR2,GTR2,,26206314
EGO,MEH1,MEH1,EGO 複合体（別名 EGO1）,26206314
EGO,SLM4,SLM4,EGO 複合体（別名 EGO3）,26206314
EGO,EGO2,EGO2,EGO 複合体。Gtr1–Gtr2 の安定と局在に必要。ただし Gtr1–Gtr2 を人工的に液胞膜につなげば Ego1–Ego2–Ego3 なしでも TORC1 は活性化される（足場）,26206314
SEACIT,IML1,IML1,GTR1 に対する GAP。Npr2・Npr3 との複合体で働く,23716719;23974112
SEACIT,NPR2,NPR2,,23716719;23974112
SEACIT,NPR3,NPR3,,23716719;23974112
PKA,TPK1,catalytic,触媒サブユニット。TPK1・TPK2・TPK3 のどれかがあればよい（3 つのうち 2 つを壊しても生育できる）,3036373
PKA,TPK2,catalytic,,3036373
PKA,TPK3,catalytic,Tpk3 は熱ストレス下で Bcy1 の結合では制御されないという報告がある,3036373;38865242
PKA,BCY1,inhibitor,調節サブユニット。触媒サブユニットを抑える側なので、複合体の働きの計算には入れない（BCY1 自身の関係として扱う）,3037314
CK2,CKA1,catalytic,触媒サブユニット。どちらかがあればよい（片方の破壊は表現型なし、両方で致死）,2196445
CK2,CKA2,catalytic,,2196445
CK2,CKB1,accessory,調節サブユニット。CKB1・CKB2 の片方・両方の破壊株とも生育でき、塩感受性だけを示す,7737972
CK2,CKB2,accessory,,7737972
SNF1 複合体,SNF1,SNF1,触媒サブユニット（α）。必須。複合体は Snf1・β サブユニット 1 つ（Gal83・Sip1・Sip2 のどれか）・Snf4 からなる,11331606;15824893
SNF1 複合体,SNF4,SNF4,γサブユニット。必須。Snf1 の自己抑制を打ち消す（18474591）,11331606;18474591
SNF1 複合体,GAL83,beta,βサブユニット。GAL83・SIP1・SIP2 のどれかがあればよい（β の違いで 3 種類の複合体になり、局在が異なる。Gal83 は核へ運ぶ）,11331606;15824893
SNF1 複合体,SIP1,beta,,11331606;15824893
SNF1 複合体,SIP2,beta,,11331606;15824893
PP2A-Cdc55,PPH21,catalytic,触媒サブユニット（C）。どちらかがあればよい（片方の破壊はほぼ影響なし、両方で致死）。PP2A-Cdc55 と PP2A-Rts1 で共有,2176150;15347656
PP2A-Cdc55,PPH22,catalytic,,2176150;15347656
PP2A-Cdc55,TPD3,TPD3,足場サブユニット（A）。必須として扱う（tpd3 破壊株は生育が悪い。ただし Cdc55 の一部の働きは Tpd3 なしでも残る（15347656））,1328868;15347656
PP2A-Cdc55,CDC55,CDC55,B サブユニット（Cdc55）。必須。Igo1/2 に結合されて抑えられる（23273919）。PP2A は A・C と B サブユニット 1 つの三量体（15347656）,15347656;27973551;23273919
PP2A-Rts1,PPH21,catalytic,触媒サブユニット（C）。PP2A-Cdc55 と共有,2176150;15347656
PP2A-Rts1,PPH22,catalytic,,2176150;15347656
PP2A-Rts1,TPD3,TPD3,足場サブユニット（A）。必須として扱う（tpd3 破壊株は生育が悪い。ただし Cdc55 の一部の働きは Tpd3 なしでも残る（15347656））,1328868;15347656
PP2A-Rts1,RTS1,RTS1,B' サブユニット（Rts1）。必須。PP2A は A・C と B サブユニット 1 つの三量体（15347656）,15347656;27973551;31213504
SIT4 複合体,SIT4,SIT4,触媒サブユニット。必須（4 つの SAP をすべて失うと SIT4 を失ったのと同じ）,8649382
SIT4 複合体,SAP4,SAP,制御サブユニット。SAP のどれかがあればよい（ただし SAP4/SAP155 と SAP185/SAP190 の 2 群は役割が異なり、互いに補えない）,8649382
SIT4 複合体,SAP155,SAP,,8649382
SIT4 複合体,SAP185,SAP,,8649382
SIT4 複合体,SAP190,SAP,,8649382
カルシニューリン,CNA1,catalytic,触媒サブユニット（A）。どちらかがあればよい（CMP2 は CNA2 の別名）,1651503;1321337
カルシニューリン,CMP2,catalytic,,1651503;1321337
カルシニューリン,CNB1,CNB1,調節サブユニット（B）。精製したカルシニューリンに Cna1・Cna2 とともに含まれる。必須,1321337
RAS,RAS1,RAS,役割が重なる。どちらかがあればよい（片方の破壊では生育でき、両方の破壊で生育できない）,6327067
RAS,RAS2,RAS,,6327067
IRA（Ras GAP）,IRA1,IRA,役割が重なる。どちらかがあればよい。ただし IRA1 と IRA2 は相加的に働き、片方の破壊でも熱ショック感受性などが出る,2164637
IRA（Ras GAP）,IRA2,IRA,,2164637
YPK,YPK1,YPK,役割が重なる。どちらかがあればよい（必須の機能を共有。YPK1 のほうが主）,12221112
YPK,YPK2,YPK,,12221112
PKH,PKH1,PKH,役割が重なる。どちらかがあればよい（両方の破壊で生育できない）,10567559;12221112
PKH,PKH2,PKH,,10567559;12221112
CK1,YCK1,YCK,役割が重なる。どちらかがあればよい（片方の破壊は影響なし、両方で致死）,1729698;8474447
CK1,YCK2,YCK,,1729698;8474447
MKK1/2,MKK1,MKK,役割が重なる。どちらかがあればよい（両方の破壊で細胞が溶ける）,8386320
MKK1/2,MKK2,MKK,,8386320
IGO1/2,IGO1,IGO,役割が重なるパラログ。どちらかがあればよい（どちらも Rim15 にリン酸化される）,20471941
IGO1/2,IGO2,IGO,,20471941
MSN2/4,MSN2,MSN,役割が重なる転写因子。どちらかがあればよい,8641288
MSN2/4,MSN4,MSN,,8641288
RTG1/3,RTG1,RTG1,ヘテロ二量体の転写因子。両方必要（Rtg1 による活性化には Rtg3 が要る）,9242640
RTG1/3,RTG3,RTG3,,9242640
SBF,SWI4,SWI4,SWI4–SWI6 の複合体。SWI4 が DNA（SCB）に結合する,8566747;1297653
SBF,SWI6,SWI6,調節サブユニット（MBF にも入る）。SWI6 がなくても転写は起きるが、細胞周期による調節が失われる,8566747;1297653
MBF,MBP1,MBP1,MBP1–SWI6 の複合体。MBP1 が DNA（MCB）に結合する。SBF と標的の重なりが大きい,15965243;1297653
MBF,SWI6,SWI6,,15965243;1297653
INO2/4,INO2,INO2,INO2–INO4 のヘテロ二量体。両方必要（どちらも単独では DNA に結合しない）。転写の活性化は INO2 が担う,7862526;7862162
INO2/4,INO4,INO4,,7862526;7862162
HAP 複合体,HAP2,HAP2,HAP2・HAP3・HAP5 の三量体が CCAAT に結合（3 つとも必須）。HAP4 は転写の活性化に必要,7828851
HAP 複合体,HAP3,HAP3,,7828851
HAP 複合体,HAP5,HAP5,,7828851
HAP 複合体,HAP4,HAP4,,7828851
PHO4/2,PHO4,PHO4,PHO4 と PHO2 は PHO5 プロモーターで協同して DNA に結合する,8948638
PHO4/2,PHO2,accessory,PHO5 などの活性化に必要だが、PHO4 の標的のすべてで要るかは未確認なので、働きの計算には入れない,8948638
GCR1/2,GCR1,GCR1,Gcr1–Gcr2 の複合体が解糖系の遺伝子を制御する。Gcr1 はリボソームタンパク質遺伝子の活性化にも働く,15645478;11333224
GCR1/2,GCR2,accessory,解糖系の遺伝子の活性化にだけ必要（Gcr1 に呼ばれる）なので、働きの計算には入れない,11333224;15645478
ATG1 複合体,ATG1,ATG1,キナーゼ。必須（Atg13 が結合して活性化する）,10995454
ATG1 複合体,ATG13,ATG13,必須（Atg1 に結合して活性化する。Atg17 は Atg13 を介して Atg1 と結合する）,10995454;15743910
ATG1 複合体,ATG17,ATG17,足場。必須（Atg1–Atg13 と結合し、オートファゴソームの形成に必要。オートファジーに特有）,15743910
ATG1 複合体,ATG29,ATG29,オートファジーに必要（破壊株は飢餓に弱く、オートファジーの誘導が大きく遅れる）。Cvt 経路には不要,16289106
ATG1 複合体,ATG31,ATG31,Atg17 と結合し、オートファゴソームの形成に必要（破壊株は飢餓で生存できない）,17362880
eIF2,SUI2,SUI2,3 つそろって働く（α サブユニット。要旨は α・β・γ の 3 つからなる eIF-2 として記載）,8417348
eIF2,SUI3,SUI3,,8417348
eIF2,GCD11,GCD11,,8417348
eIF2B,GCN3,GCN3,5 つそろって働く（GCD1・GCD2・GCD6・GCD7・GCN3 の複合体が eIF2 の GDP/GTP 交換を担う。GCN3 は欠けても働く調節サブユニット）,8506384;8336705
eIF2B,GCD7,GCD7,,8506384;8336705
eIF2B,GCD1,GCD1,,8506384
eIF2B,GCD2,GCD2,,8506384;8336705
eIF2B,GCD6,GCD6,,8506384;8336705
eIF4F,CDC33,CDC33,eIF4E（キャップ結合）。必須,8336723
eIF4F,TIF4631,eIF4G,eIF4G。どちらかがあればよい（片方の破壊は生育でき、両方で致死）,8336723
eIF4F,TIF4632,eIF4G,,8336723
eIF4F,TIF1,eIF4A,eIF4A（同じタンパク質）。どちらかがあればよい（片方の破壊は影響なし、両方で致死）,2648398
eIF4F,TIF2,eIF4A,,2648398
