単位	条件	表の変化	部位	測定	log2 比	調整済み p	判定
TORC1	rapamycin	down	SCH9:T723:+	ラパマイシン 220 nM	-0.42	0.88	有意でない
TORC1	rapamycin	down	SCH9:S726:+	ラパマイシン 220 nM	-0.55	0.82	有意でない
TORC1	rapamycin	down	RPS6A:S232:+	ラパマイシン 220 nM	-0.14	0.94	有意でない
TORC1	rapamycin	down	RPS6A:S233:+	ラパマイシン 220 nM	-0.14	0.94	有意でない
TORC1	rapamycin	down	RPS6B:S232:+	ラパマイシン 220 nM	-0.14	0.94	有意でない
TORC1	rapamycin	down	RPS6B:S233:+	ラパマイシン 220 nM	-0.14	0.94	有意でない
TORC1	nitrogen_starvation	down	SCH9:T723:+	炭素・窒素・アミノ酸なし	-3.41	0.00047	一致
TORC1	nitrogen_starvation	down	SCH9:T723:+	窒素源なし	-0.20	0.96	有意でない
TORC1	nitrogen_starvation	down	SCH9:S726:+	炭素・窒素・アミノ酸なし	-3.44	0.00032	一致
TORC1	nitrogen_starvation	down	SCH9:S726:+	窒素源なし	-0.30	0.93	有意でない
TORC1	nitrogen_starvation	down	RPS6A:S232:+	炭素・窒素・アミノ酸なし	-1.97	0.0013	一致
TORC1	nitrogen_starvation	down	RPS6A:S232:+	窒素源なし	-0.13	0.95	有意でない
TORC1	nitrogen_starvation	down	RPS6A:S233:+	炭素・窒素・アミノ酸なし	-1.98	0.0012	一致
TORC1	nitrogen_starvation	down	RPS6A:S233:+	窒素源なし	-0.13	0.95	有意でない
TORC1	nitrogen_starvation	down	RPS6B:S232:+	炭素・窒素・アミノ酸なし	-1.97	0.0012	一致
TORC1	nitrogen_starvation	down	RPS6B:S232:+	窒素源なし	-0.13	0.95	有意でない
TORC1	nitrogen_starvation	down	RPS6B:S233:+	炭素・窒素・アミノ酸なし	-1.98	0.0014	一致
TORC1	nitrogen_starvation	down	RPS6B:S233:+	窒素源なし	-0.13	0.95	有意でない
TORC1	carbon_starvation	down	SCH9:T723:+	炭素源なし	-3.28	0.00092	一致
TORC1	carbon_starvation	down	SCH9:T723:+	炭素・窒素・アミノ酸なし	-3.41	0.00047	一致
TORC1	carbon_starvation	down	SCH9:S726:+	炭素源なし	-2.38	0.032	一致
TORC1	carbon_starvation	down	SCH9:S726:+	炭素・窒素・アミノ酸なし	-3.44	0.00032	一致
TORC1	carbon_starvation	down	RPS6A:S232:+	炭素源なし	-1.86	0.0029	一致
TORC1	carbon_starvation	down	RPS6A:S232:+	炭素・窒素・アミノ酸なし	-1.97	0.0013	一致
TORC1	carbon_starvation	down	RPS6A:S233:+	炭素源なし	-1.90	0.0022	一致
TORC1	carbon_starvation	down	RPS6A:S233:+	炭素・窒素・アミノ酸なし	-1.98	0.0012	一致
TORC1	carbon_starvation	down	RPS6B:S232:+	炭素源なし	-1.86	0.0027	一致
TORC1	carbon_starvation	down	RPS6B:S232:+	炭素・窒素・アミノ酸なし	-1.97	0.0012	一致
TORC1	carbon_starvation	down	RPS6B:S233:+	炭素源なし	-1.90	0.0025	一致
TORC1	carbon_starvation	down	RPS6B:S233:+	炭素・窒素・アミノ酸なし	-1.98	0.0014	一致
TORC1	osmotic	transient_down	SCH9:T723:+	CaCl2 0.4 M	-2.08	0.14	有意でない
TORC1	osmotic	transient_down	SCH9:T723:+	KCl 0.4 M	-1.89	0.1	有意でない
TORC1	osmotic	transient_down	SCH9:T723:+	NaCl 0.4 M	-2.32	0.024	一致
TORC1	osmotic	transient_down	SCH9:T723:+	ソルビトール 1 M	-0.84	0.67	有意でない
TORC1	osmotic	transient_down	SCH9:S726:+	CaCl2 0.4 M	-2.38	0.064	有意でない
TORC1	osmotic	transient_down	SCH9:S726:+	KCl 0.4 M	-1.83	0.11	有意でない
TORC1	osmotic	transient_down	SCH9:S726:+	NaCl 0.4 M	-2.22	0.03	一致
TORC1	osmotic	transient_down	SCH9:S726:+	ソルビトール 1 M	-0.91	0.62	有意でない
TORC1	osmotic	transient_down	RPS6A:S232:+	CaCl2 0.4 M	-1.78	0.015	一致
TORC1	osmotic	transient_down	RPS6A:S232:+	KCl 0.4 M	-1.27	0.059	有意でない
TORC1	osmotic	transient_down	RPS6A:S232:+	NaCl 0.4 M	-1.69	0.0037	一致
TORC1	osmotic	transient_down	RPS6A:S232:+	ソルビトール 1 M	-2.10	0.00011	一致
TORC1	osmotic	transient_down	RPS6A:S233:+	CaCl2 0.4 M	-1.81	0.013	一致
TORC1	osmotic	transient_down	RPS6A:S233:+	KCl 0.4 M	-1.30	0.05	一致
TORC1	osmotic	transient_down	RPS6A:S233:+	NaCl 0.4 M	-1.71	0.0034	一致
TORC1	osmotic	transient_down	RPS6A:S233:+	ソルビトール 1 M	-2.13	9.2e-05	一致
TORC1	osmotic	transient_down	RPS6B:S232:+	CaCl2 0.4 M	-1.78	0.014	一致
TORC1	osmotic	transient_down	RPS6B:S232:+	KCl 0.4 M	-1.27	0.058	有意でない
TORC1	osmotic	transient_down	RPS6B:S232:+	NaCl 0.4 M	-1.69	0.0035	一致
TORC1	osmotic	transient_down	RPS6B:S232:+	ソルビトール 1 M	-2.10	0.0001	一致
TORC1	osmotic	transient_down	RPS6B:S233:+	CaCl2 0.4 M	-1.81	0.014	一致
TORC1	osmotic	transient_down	RPS6B:S233:+	KCl 0.4 M	-1.30	0.052	有意でない
TORC1	osmotic	transient_down	RPS6B:S233:+	NaCl 0.4 M	-1.71	0.0038	一致
TORC1	osmotic	transient_down	RPS6B:S233:+	ソルビトール 1 M	-2.13	0.00011	一致
TORC1	oxidative	transient_down	SCH9:T723:+	ジアミド 1.5 mM	-1.22	0.55	有意でない
TORC1	oxidative	transient_down	SCH9:T723:+	過酸化水素 1 mM	-1.77	0.14	有意でない
TORC1	oxidative	transient_down	SCH9:T723:+	過酸化水素 0.1 mM	0.00	1	有意でない
TORC1	oxidative	transient_down	SCH9:T723:+	メナジオン 1 mM	-3.74	8.6e-05	一致
TORC1	oxidative	transient_down	SCH9:T723:+	パラコート	1.16	0.47	有意でない
TORC1	oxidative	transient_down	SCH9:T723:+	次亜塩素酸	-1.82	0.17	有意でない
TORC1	oxidative	transient_down	SCH9:S726:+	ジアミド 1.5 mM	-1.14	0.58	有意でない
TORC1	oxidative	transient_down	SCH9:S726:+	過酸化水素 1 mM	-1.51	0.25	有意でない
TORC1	oxidative	transient_down	SCH9:S726:+	過酸化水素 0.1 mM	0.12	0.97	有意でない
TORC1	oxidative	transient_down	SCH9:S726:+	メナジオン 1 mM	-3.51	0.00022	一致
TORC1	oxidative	transient_down	SCH9:S726:+	パラコート	0.91	0.62	有意でない
TORC1	oxidative	transient_down	SCH9:S726:+	次亜塩素酸	-1.50	0.31	有意でない
TORC1	heat	transient_down	SCH9:T723:+	37℃ へ	-0.51	0.87	有意でない
TORC1	heat	transient_down	SCH9:T723:+	42℃ へ	-2.53	0.011	一致
TORC1	heat	transient_down	SCH9:S726:+	37℃ へ	-0.44	0.89	有意でない
TORC1	heat	transient_down	SCH9:S726:+	42℃ へ	-2.93	0.0013	一致
TORC1	heat	transient_down	RPS6A:S232:+	37℃ へ	-1.43	0.079	有意でない
TORC1	heat	transient_down	RPS6A:S232:+	42℃ へ	0.39	0.78	有意でない
TORC1	heat	transient_down	RPS6A:S233:+	37℃ へ	-1.43	0.082	有意でない
TORC1	heat	transient_down	RPS6A:S233:+	42℃ へ	0.38	0.79	有意でない
TORC1	heat	transient_down	RPS6B:S232:+	37℃ へ	-1.43	0.078	有意でない
TORC1	heat	transient_down	RPS6B:S232:+	42℃ へ	0.39	0.78	有意でない
TORC1	heat	transient_down	RPS6B:S233:+	37℃ へ	-1.43	0.086	有意でない
TORC1	heat	transient_down	RPS6B:S233:+	42℃ へ	0.39	0.79	有意でない
SCH9	rapamycin	down	SCH9:T723:+	ラパマイシン 220 nM	-0.42	0.88	有意でない
SCH9	rapamycin	down	SCH9:S726:+	ラパマイシン 220 nM	-0.55	0.82	有意でない
SCH9	nitrogen_starvation	down	SCH9:T723:+	炭素・窒素・アミノ酸なし	-3.41	0.00047	一致
SCH9	nitrogen_starvation	down	SCH9:T723:+	窒素源なし	-0.20	0.96	有意でない
SCH9	nitrogen_starvation	down	SCH9:S726:+	炭素・窒素・アミノ酸なし	-3.44	0.00032	一致
SCH9	nitrogen_starvation	down	SCH9:S726:+	窒素源なし	-0.30	0.93	有意でない
SCH9	carbon_starvation	down	SCH9:T723:+	炭素源なし	-3.28	0.00092	一致
SCH9	carbon_starvation	down	SCH9:T723:+	炭素・窒素・アミノ酸なし	-3.41	0.00047	一致
SCH9	carbon_starvation	down	SCH9:S726:+	炭素源なし	-2.38	0.032	一致
SCH9	carbon_starvation	down	SCH9:S726:+	炭素・窒素・アミノ酸なし	-3.44	0.00032	一致
SNF1	glucose_limitation	up	MIG1:S278:+	0.2% グルコースへ	2.81	0.12	有意でない
SNF1	glucose_limitation	up	MIG1:S311:+	0.2% グルコースへ	1.73	0.56	有意でない
MIG1	glucose_limitation	down	MIG1:S278:-	0.2% グルコースへ	2.81	0.12	有意でない
MIG1	glucose_limitation	down	MIG1:S311:-	0.2% グルコースへ	1.73	0.56	有意でない
MIG1	osmotic	no_change	MIG1:S278:-	CaCl2 0.4 M	-0.96	0.83	一致
MIG1	osmotic	no_change	MIG1:S278:-	KCl 0.4 M	0.91	0.8	一致
MIG1	osmotic	no_change	MIG1:S278:-	NaCl 0.4 M	-0.38	0.94	一致
MIG1	osmotic	no_change	MIG1:S278:-	ソルビトール 1 M	0.36	0.94	一致
MIG1	osmotic	no_change	MIG1:S311:-	CaCl2 0.4 M	-1.36	0.76	一致
MIG1	osmotic	no_change	MIG1:S311:-	KCl 0.4 M	-0.19	0.97	一致
MIG1	osmotic	no_change	MIG1:S311:-	NaCl 0.4 M	-1.11	0.77	一致
MIG1	osmotic	no_change	MIG1:S311:-	ソルビトール 1 M	-1.84	0.52	一致
PHO4	phosphate_limitation	up	PHO4:S152:-				測れていない
PHO85-PHO80	phosphate_limitation	down	PHO4:S152:+				測れていない
ATG1	rapamycin	up	ATG13:S348:-	ラパマイシン 220 nM	0.52	0.77	有意でない
ATG1	rapamycin	up	ATG13:S437:-	ラパマイシン 220 nM	0.47	0.88	有意でない
ATG1	rapamycin	up	ATG13:S438:-	ラパマイシン 220 nM	-0.39	0.9	有意でない
ATG1	rapamycin	up	ATG13:S646:-	ラパマイシン 220 nM	0.08	0.98	有意でない
ATG1	rapamycin	up	ATG13:S649:-	ラパマイシン 220 nM	-0.00	1	有意でない
ATG1	nitrogen_starvation	up	ATG13:S348:-	炭素・窒素・アミノ酸なし	-0.45	0.84	有意でない
ATG1	nitrogen_starvation	up	ATG13:S348:-	窒素源なし	1.45	0.19	有意でない
ATG1	nitrogen_starvation	up	ATG13:S437:-	炭素・窒素・アミノ酸なし	-1.19	0.59	有意でない
ATG1	nitrogen_starvation	up	ATG13:S437:-	窒素源なし	-0.37	0.92	有意でない
ATG1	nitrogen_starvation	up	ATG13:S438:-	炭素・窒素・アミノ酸なし	-1.63	0.33	有意でない
ATG1	nitrogen_starvation	up	ATG13:S438:-	窒素源なし	-0.56	0.85	有意でない
ATG1	nitrogen_starvation	up	ATG13:S646:-	炭素・窒素・アミノ酸なし	-0.31	0.92	有意でない
ATG1	nitrogen_starvation	up	ATG13:S646:-	窒素源なし	2.55	0.023	逆
ATG1	nitrogen_starvation	up	ATG13:S649:-	炭素・窒素・アミノ酸なし	-0.34	0.86	有意でない
ATG1	nitrogen_starvation	up	ATG13:S649:-	窒素源なし	-0.31	0.87	有意でない
HOG1	osmotic	transient_up	HOG1:Y176:+	CaCl2 0.4 M	0.96	0.77	有意でない
HOG1	osmotic	transient_up	HOG1:Y176:+	KCl 0.4 M	4.23	9.7e-05	一致
HOG1	osmotic	transient_up	HOG1:Y176:+	NaCl 0.4 M	1.44	0.46	有意でない
HOG1	osmotic	transient_up	HOG1:Y176:+	ソルビトール 1 M	3.65	0.0013	一致
SLT2	heat	up	SLT2:T190:+	37℃ へ	1.22	0.71	有意でない
SLT2	heat	up	SLT2:T190:+	42℃ へ	1.55	0.47	有意でない
SLT2	cell_wall	up	SLT2:T190:+	カルコフロールホワイト	2.57	0.14	有意でない
SLT2	cell_wall	up	SLT2:T190:+	デオキシコール酸	-2.12	0.22	有意でない
SLT2	cell_wall	up	SLT2:T190:+	SDS 0.02%	1.20	0.63	有意でない
TORC2-YPK1	drug	up	YPK1:T662:+				測れていない
ADR1	carbon_starvation	up	ADR1:S230:-				測れていない
SWI6	heat	transient_up	SWI6:S238:-				測れていない
MEC1	carbon_starvation	up	ATG9:S35:+				測れていない
MEC1	carbon_starvation	up	ATG9:T203:+				測れていない
MEC1	carbon_starvation	up	ATG9:T243:+				測れていない
ECO1	s_phase	up	SMC3:K112:+				測れていない
ECO1	s_phase	up	SMC3:K113:+				測れていない
PKA	glucose_limitation	down	DAM1:S31:+				測れていない
PKA	mating	down	DAM1:S31:+				測れていない
SPC110	m_phase	up	SPC110:S60:+				測れていない
SPC110	m_phase	up	SPC110:T64:+				測れていない
SPC110	m_phase	up	SPC110:T68:+				測れていない
CDC5	m_phase	up	CDC5:T242:+				測れていない
SOD1	oxidative	up	SOD1:S60:+				測れていない
SOD1	oxidative	up	SOD1:S99:+	ジアミド 1.5 mM	-2.19	0.15	有意でない
SOD1	oxidative	up	SOD1:S99:+	過酸化水素 1 mM	-2.25	0.047	逆
SOD1	oxidative	up	SOD1:S99:+	過酸化水素 0.1 mM	-1.34	0.4	有意でない
SOD1	oxidative	up	SOD1:S99:+	メナジオン 1 mM	-1.05	0.61	有意でない
SOD1	oxidative	up	SOD1:S99:+	パラコート	-1.04	0.58	有意でない
SOD1	oxidative	up	SOD1:S99:+	次亜塩素酸	-1.32	0.46	有意でない
HSF1	heat	up	SSA1:T492:+				測れていない
TORC1	glucose_repletion	up	SCH9:T723:+				測れていない
TORC1	glucose_repletion	up	SCH9:S726:+				測れていない
SCH9	osmotic	transient_down	SCH9:T723:+	CaCl2 0.4 M	-2.08	0.14	有意でない
SCH9	osmotic	transient_down	SCH9:T723:+	KCl 0.4 M	-1.89	0.1	有意でない
SCH9	osmotic	transient_down	SCH9:T723:+	NaCl 0.4 M	-2.32	0.024	一致
SCH9	osmotic	transient_down	SCH9:T723:+	ソルビトール 1 M	-0.84	0.67	有意でない
SCH9	osmotic	transient_down	SCH9:S726:+	CaCl2 0.4 M	-2.38	0.064	有意でない
SCH9	osmotic	transient_down	SCH9:S726:+	KCl 0.4 M	-1.83	0.11	有意でない
SCH9	osmotic	transient_down	SCH9:S726:+	NaCl 0.4 M	-2.22	0.03	一致
SCH9	osmotic	transient_down	SCH9:S726:+	ソルビトール 1 M	-0.91	0.62	有意でない
SCH9	oxidative	transient_down	SCH9:T723:+	ジアミド 1.5 mM	-1.22	0.55	有意でない
SCH9	oxidative	transient_down	SCH9:T723:+	過酸化水素 1 mM	-1.77	0.14	有意でない
SCH9	oxidative	transient_down	SCH9:T723:+	過酸化水素 0.1 mM	0.00	1	有意でない
SCH9	oxidative	transient_down	SCH9:T723:+	メナジオン 1 mM	-3.74	8.6e-05	一致
SCH9	oxidative	transient_down	SCH9:T723:+	パラコート	1.16	0.47	有意でない
SCH9	oxidative	transient_down	SCH9:T723:+	次亜塩素酸	-1.82	0.17	有意でない
SCH9	oxidative	transient_down	SCH9:S726:+	ジアミド 1.5 mM	-1.14	0.58	有意でない
SCH9	oxidative	transient_down	SCH9:S726:+	過酸化水素 1 mM	-1.51	0.25	有意でない
SCH9	oxidative	transient_down	SCH9:S726:+	過酸化水素 0.1 mM	0.12	0.97	有意でない
SCH9	oxidative	transient_down	SCH9:S726:+	メナジオン 1 mM	-3.51	0.00022	一致
SCH9	oxidative	transient_down	SCH9:S726:+	パラコート	0.91	0.62	有意でない
SCH9	oxidative	transient_down	SCH9:S726:+	次亜塩素酸	-1.50	0.31	有意でない
SCH9	heat	transient_down	SCH9:T723:+	37℃ へ	-0.51	0.87	有意でない
SCH9	heat	transient_down	SCH9:T723:+	42℃ へ	-2.53	0.011	一致
SCH9	heat	transient_down	SCH9:S726:+	37℃ へ	-0.44	0.89	有意でない
SCH9	heat	transient_down	SCH9:S726:+	42℃ へ	-2.93	0.0013	一致
SCH9	glucose_repletion	up	SCH9:T723:+				測れていない
SCH9	glucose_repletion	up	SCH9:S726:+				測れていない
SCH9	amino_acid_starvation	down	SCH9:T723:+				測れていない
SCH9	amino_acid_starvation	down	SCH9:S726:+				測れていない
GCN2	carbon_starvation	up	SUI2:S51:+				測れていない
GCN2	glucose_limitation	up	SUI2:S51:+				測れていない
GCN2	osmotic	up	SUI2:S51:+				測れていない
GCN2	oxidative	up	SUI2:S51:+				測れていない
SNF1	nitrogen_starvation	up	SNF1:T210:+				測れていない
SNF1	carbon_starvation	up	SNF1:T210:+				測れていない
SNF1	glucose_repletion	down	SNF1:T210:+				測れていない
SNF1	oxidative	up	SNF1:T210:+				測れていない
SNF1	heat	no_change	SNF1:T210:+				測れていない
SNF1	cell_wall	up	SNF1:T210:+				測れていない
SNF1	er	up	SNF1:T210:+				測れていない
MIG1	carbon_starvation	down	MIG1:S278:-	炭素源なし	2.72	0.19	有意でない
MIG1	carbon_starvation	down	MIG1:S278:-	炭素・窒素・アミノ酸なし	2.94	0.13	有意でない
MIG1	carbon_starvation	down	MIG1:S311:-	炭素源なし	0.80	0.87	有意でない
MIG1	carbon_starvation	down	MIG1:S311:-	炭素・窒素・アミノ酸なし	1.36	0.72	有意でない
MIG1	glucose_repletion	up	MIG1:S278:-				測れていない
MIG1	glucose_repletion	up	MIG1:S311:-				測れていない
PKA	rapamycin	down	BCY1:T129:-	ラパマイシン 220 nM	-1.74	0.46	有意でない
HOG1	heat	up	HOG1:Y176:+	37℃ へ	2.06	0.31	有意でない
HOG1	heat	up	HOG1:Y176:+	42℃ へ	2.74	0.034	一致
HOG1	oxidative	up	HOG1:Y176:+	ジアミド 1.5 mM	2.05	0.31	有意でない
HOG1	oxidative	up	HOG1:Y176:+	過酸化水素 1 mM	0.71	0.81	有意でない
HOG1	oxidative	up	HOG1:Y176:+	過酸化水素 0.1 mM	1.25	0.56	有意でない
HOG1	oxidative	up	HOG1:Y176:+	メナジオン 1 mM	2.65	0.073	有意でない
HOG1	oxidative	up	HOG1:Y176:+	パラコート	0.51	0.88	有意でない
HOG1	oxidative	up	HOG1:Y176:+	次亜塩素酸	1.80	0.34	有意でない
HOG1	cell_wall	up	HOG1:Y176:+	カルコフロールホワイト	2.75	0.056	有意でない
HOG1	cell_wall	up	HOG1:Y176:+	デオキシコール酸	1.48	0.44	有意でない
HOG1	cell_wall	up	HOG1:Y176:+	SDS 0.02%	-0.66	0.82	有意でない
HOG1	carbon_starvation	transient_up	HOG1:Y176:+	炭素源なし	-0.69	0.83	有意でない
HOG1	carbon_starvation	transient_up	HOG1:Y176:+	炭素・窒素・アミノ酸なし	-0.20	0.97	有意でない
HOG1	glucose_repletion	up	HOG1:Y176:+				測れていない
HOG1	er	up	HOG1:Y176:+	DTT 2.5 mM	2.16	0.2	有意でない
HOG1	er	up	HOG1:Y176:+	ツニカマイシン	1.46	0.45	有意でない
SLT2	oxidative	up	SLT2:T190:+	ジアミド 1.5 mM	1.79	0.49	有意でない
SLT2	oxidative	up	SLT2:T190:+	過酸化水素 1 mM	-2.05	0.25	有意でない
SLT2	oxidative	up	SLT2:T190:+	過酸化水素 0.1 mM	0.74	0.82	有意でない
SLT2	oxidative	up	SLT2:T190:+	メナジオン 1 mM	-0.53	0.89	有意でない
SLT2	oxidative	up	SLT2:T190:+	パラコート	-0.60	0.87	有意でない
SLT2	oxidative	up	SLT2:T190:+	次亜塩素酸	-1.20	0.67	有意でない
SLT2	er	up	SLT2:T190:+	DTT 2.5 mM	1.24	0.66	有意でない
SLT2	er	up	SLT2:T190:+	ツニカマイシン	1.33	0.57	有意でない
SLT2	genotoxic	up	SLT2:T190:+	MMS 0.05%	-0.16	0.97	有意でない
SLT2	genotoxic	up	SLT2:T190:+	ヒドロキシ尿素 200 mM	-0.12	0.98	有意でない
SLT2	genotoxic	up	SLT2:T190:+	ゼオシン	0.60	0.86	有意でない
SLT2	genotoxic	up	SLT2:T190:+	カンプトテシン	0.82	0.79	有意でない
SLT2	alkaline	transient_up	SLT2:T190:+	pH 8	-0.83	0.81	有意でない
SLT2	alkaline	transient_up	SLT2:T190:+	pH 8（Tris）	-2.12	0.22	有意でない
ATG1	iron_limitation	up	ATG13:S348:-				測れていない
ATG1	iron_limitation	up	ATG13:S437:-				測れていない
ATG1	iron_limitation	up	ATG13:S438:-				測れていない
ATG1	iron_limitation	up	ATG13:S646:-				測れていない
ATG1	iron_limitation	up	ATG13:S649:-				測れていない
ATG1	phosphate_limitation	up	ATG13:S348:-				測れていない
ATG1	phosphate_limitation	up	ATG13:S437:-				測れていない
ATG1	phosphate_limitation	up	ATG13:S438:-				測れていない
ATG1	phosphate_limitation	up	ATG13:S646:-				測れていない
ATG1	phosphate_limitation	up	ATG13:S649:-				測れていない
AFT1	iron_limitation	up	AFT1:S210:-				測れていない
AFT1	iron_limitation	up	AFT1:S224:-				測れていない
MEK1	sporulation	up	HHT1:T11:+				測れていない
MEK1	sporulation	up	HHT2:T11:+				測れていない
DGK1	stationary	up	DGK1:S46:+				測れていない
IRE1	er	up	IRE1:S840:+				測れていない
IRE1	er	up	IRE1:S841:+				測れていない
TDA1	glucose_limitation	up	TDA1:S483:+				測れていない
TDA1	glucose_limitation	up	TDA1:T484:+				測れていない
TDA1	glucose_limitation	up	TDA1:S509:+				測れていない
SNF1	alkaline	up	SNF1:T210:+				測れていない
IDS2	glucose_limitation	up	IDS2:S148:-				測れていない
YAK1	carbon_starvation	up	POP2:T97:+				測れていない
YAK1	glucose_repletion	down	POP2:T97:+				測れていない
YCF1	osmotic	up	YCF1:S251:-	CaCl2 0.4 M	2.02	0.12	有意でない
YCF1	osmotic	up	YCF1:S251:-	KCl 0.4 M	0.64	0.75	有意でない
YCF1	osmotic	up	YCF1:S251:-	NaCl 0.4 M	0.59	0.78	有意でない
YCF1	osmotic	up	YCF1:S251:-	ソルビトール 1 M	0.55	0.8	有意でない
CKA1	osmotic	down	YCF1:S251:+	CaCl2 0.4 M	2.02	0.12	有意でない
CKA1	osmotic	down	YCF1:S251:+	KCl 0.4 M	0.64	0.75	有意でない
CKA1	osmotic	down	YCF1:S251:+	NaCl 0.4 M	0.59	0.78	有意でない
CKA1	osmotic	down	YCF1:S251:+	ソルビトール 1 M	0.55	0.8	有意でない
PMA1	carbon_starvation	down	PMA1:S911:+	炭素源なし	-5.11	1.8e-24	一致
PMA1	carbon_starvation	down	PMA1:S911:+	炭素・窒素・アミノ酸なし	-4.01	1e-15	一致
PMA1	carbon_starvation	down	PMA1:T912:+	炭素源なし	-4.58	5.9e-24	一致
PMA1	carbon_starvation	down	PMA1:T912:+	炭素・窒素・アミノ酸なし	-3.86	1.4e-17	一致
PMA1	glucose_repletion	up	PMA1:S899:+				測れていない
PMA1	glucose_repletion	up	PMA1:T912:+				測れていない
FUN30	genotoxic	up	FUN30:S28:+				測れていない
SNF1	calcium	up	SNF1:T210:+				測れていない
SNF1	diauxic_shift	up	SNF1:T210:+				測れていない
IPL1	m_phase	up	HHT1:S10:+				測れていない
IPL1	m_phase	up	HHT2:S10:+				測れていない
STE20	oxidative	up	HTB1:S10:+				測れていない
STE20	oxidative	up	HTB2:S10:+				測れていない
RLM1	cell_wall	up	RLM1:S427:+				測れていない
RLM1	cell_wall	up	RLM1:T439:+				測れていない
DUN1	iron_limitation	up	DIF1:S104:+				測れていない
DUN1	iron_limitation	up	DIF1:T105:+				測れていない
DUN1	oxidative	up	SOD1:S60:+				測れていない
DUN1	oxidative	up	SOD1:S99:+	ジアミド 1.5 mM	-2.19	0.15	有意でない
DUN1	oxidative	up	SOD1:S99:+	過酸化水素 1 mM	-2.25	0.047	逆
DUN1	oxidative	up	SOD1:S99:+	過酸化水素 0.1 mM	-1.34	0.4	有意でない
DUN1	oxidative	up	SOD1:S99:+	メナジオン 1 mM	-1.05	0.61	有意でない
DUN1	oxidative	up	SOD1:S99:+	パラコート	-1.04	0.58	有意でない
DUN1	oxidative	up	SOD1:S99:+	次亜塩素酸	-1.32	0.46	有意でない
