complex,gene,current_slot,current_note,verdict,proposed_slot,condition,pmids,paper_title,quote,confidence,note
TORC1,TOR1,catalytic,TOR1 と TOR2 はどちらかがあればよい（tor1 破壊株は生育でき、TOR2 が TORC1 でも働く）,,,,,,,,
TORC1,TOR2,catalytic,TORC2 にも入る。TOR2 自身の関係（TOR2 → YPK1 など）は TORC2 の働きとして計算する,,,,,,,,
TORC1,KOG1,KOG1,必須,,,,,,,,
TORC1,LST8,LST8,必須。TORC2 にも入る,,,,,,,,
TORC1,TCO89,accessory,破壊しても TORC1 の働きは弱まるだけなので、複合体の働きの計算には入れない（要確認）,,,,,,,,
TORC2,TOR2,catalytic,,,,,,,,,
TORC2,AVO1,AVO1,必須,,,,,,,,
TORC2,TSC11,TSC11,必須（別名 AVO3）,,,,,,,,
TORC2,LST8,LST8,必須,,,,,,,,
TORC2,AVO2,accessory,,,,,,,,,
TORC2,BIT61,accessory,,,,,,,,,
EGO,GTR1,GTR1,GTR1–GTR2 のヘテロ二量体,,,,,,,,
EGO,GTR2,GTR2,,,,,,,,,
EGO,MEH1,MEH1,EGO 複合体（別名 EGO1）,,,,,,,,
EGO,SLM4,SLM4,EGO 複合体（別名 EGO3）,,,,,,,,
EGO,EGO2,EGO2,EGO 複合体,,,,,,,,
SEACIT,IML1,IML1,GTR1 に対する GAP。3 つそろって働く,,,,,,,,
SEACIT,NPR2,NPR2,,,,,,,,,
SEACIT,NPR3,NPR3,,,,,,,,,
PKA,TPK1,catalytic,触媒サブユニット。TPK1・TPK2・TPK3 のどれかがあればよい,,,,,,,,
PKA,TPK2,catalytic,,,,,,,,,
PKA,TPK3,catalytic,,,,,,,,,
PKA,BCY1,inhibitor,調節サブユニット。触媒サブユニットを抑える側なので、複合体の働きの計算には入れない（BCY1 自身の関係として扱う）,,,,,,,,
CK2,CKA1,catalytic,触媒サブユニット。どちらかがあればよい,,,,,,,,
CK2,CKA2,catalytic,,,,,,,,,
CK2,CKB1,accessory,調節サブユニット（要確認）,,,,,,,,
CK2,CKB2,accessory,,,,,,,,,
SNF1 複合体,SNF1,SNF1,触媒サブユニット。必須,,,,,,,,
SNF1 複合体,SNF4,SNF4,γサブユニット。必須,,,,,,,,
SNF1 複合体,GAL83,beta,βサブユニット。GAL83・SIP1・SIP2 のどれかがあればよい,,,,,,,,
SNF1 複合体,SIP1,beta,,,,,,,,,
SNF1 複合体,SIP2,beta,,,,,,,,,
PP2A,PPH21,catalytic,触媒サブユニット。どちらかがあればよい,,,,,,,,
PP2A,PPH22,catalytic,,,,,,,,,
PP2A,TPD3,TPD3,足場サブユニット。必須,,,,,,,,
SIT4 複合体,SIT4,SIT4,触媒サブユニット。必須,,,,,,,,
SIT4 複合体,SAP155,SAP,制御サブユニット。SAP のどれかがあればよい,,,,,,,,
SIT4 複合体,SAP185,SAP,,,,,,,,,
SIT4 複合体,SAP190,SAP,,,,,,,,,
カルシニューリン,CNA1,catalytic,触媒サブユニット。どちらかがあればよい,,,,,,,,
カルシニューリン,CMP2,catalytic,,,,,,,,,
カルシニューリン,CNB1,CNB1,調節サブユニット。必須,,,,,,,,
RAS,RAS1,RAS,役割が重なる。どちらかがあればよい,,,,,,,,
RAS,RAS2,RAS,,,,,,,,,
IRA（Ras GAP）,IRA1,IRA,役割が重なる。どちらかがあればよい,,,,,,,,
IRA（Ras GAP）,IRA2,IRA,,,,,,,,,
YPK,YPK1,YPK,役割が重なる。どちらかがあればよい,,,,,,,,
YPK,YPK2,YPK,,,,,,,,,
PKH,PKH1,PKH,役割が重なる。どちらかがあればよい,,,,,,,,
PKH,PKH2,PKH,,,,,,,,,
CK1,YCK1,YCK,役割が重なる。どちらかがあればよい,,,,,,,,
CK1,YCK2,YCK,,,,,,,,,
MKK1/2,MKK1,MKK,役割が重なる。どちらかがあればよい,,,,,,,,
MKK1/2,MKK2,MKK,,,,,,,,,
IGO1/2,IGO1,IGO,役割が重なる。どちらかがあればよい,,,,,,,,
IGO1/2,IGO2,IGO,,,,,,,,,
MSN2/4,MSN2,MSN,役割が重なる転写因子。どちらかがあればよい,,,,,,,,
MSN2/4,MSN4,MSN,,,,,,,,,
RTG1/3,RTG1,RTG1,ヘテロ二量体の転写因子。両方必要,,,,,,,,
RTG1/3,RTG3,RTG3,,,,,,,,,
ATG1 複合体,ATG1,ATG1,キナーゼ。必須,,,,,,,,
ATG1 複合体,ATG13,ATG13,必須,,,,,,,,
ATG1 複合体,ATG17,ATG17,足場。必須,,,,,,,,
ATG1 複合体,ATG29,ATG29,足場（要確認）,,,,,,,,
ATG1 複合体,ATG31,ATG31,足場（要確認）,,,,,,,,
eIF2,SUI2,SUI2,3 つそろって働く,,,,,,,,
eIF2,SUI3,SUI3,,,,,,,,,
eIF2,GCD11,GCD11,,,,,,,,,
eIF2B,GCN3,GCN3,5 つそろって働く,,,,,,,,
eIF2B,GCD7,GCD7,,,,,,,,,
eIF2B,GCD1,GCD1,,,,,,,,,
eIF2B,GCD2,GCD2,,,,,,,,,
eIF2B,GCD6,GCD6,,,,,,,,,
eIF4F,CDC33,CDC33,eIF4E。必須,,,,,,,,
eIF4F,TIF4631,eIF4G,eIF4G。どちらかがあればよい,,,,,,,,
eIF4F,TIF4632,eIF4G,,,,,,,,,
eIF4F,TIF1,eIF4A,eIF4A（同じタンパク質）。どちらかがあればよい,,,,,,,,
eIF4F,TIF2,eIF4A,,,,,,,,,
