source_protein,target_protein,interaction_type,effect,current_sources
ATG1,ATG13,phosphorylation,activate,KEGG+BioGRID
ATG1,AVO1,phosphorylation,none,BioGRID
ATG1,ELM1,phosphorylation,none,BioGRID
ATG1,MIG2,phosphorylation,none,BioGRID
ATG1,ORM2,phosphorylation,none,BioGRID
ATG1,PDE1,phosphorylation,none,BioGRID
ATG1,PHO4,phosphorylation,none,BioGRID
ATG1,SIP2,phosphorylation,none,BioGRID
ATG13,ATG1,binding,activate,KEGGサンプル
BCK1,FPR1,phosphorylation,none,BioGRID
BCK1,MKK1,phosphorylation,activate,KEGG
BCK1,MKK2,phosphorylation,activate,KEGG
BCK1,SLT2,enzymatic,none,BioGRID
BCK1,YAK1,phosphorylation,none,BioGRID
CDC25,RAS2,enzymatic,none,BioGRID
ELM1,BCY1,phosphorylation,none,BioGRID
ELM1,SNF1,phosphorylation,activate,KEGG+BioGRID
FPK1,ATG13,phosphorylation,none,BioGRID
FPK1,MSN4,phosphorylation,none,BioGRID
FPK1,SLM2,phosphorylation,none,BioGRID
FPK1,YPK1,phosphorylation,none,BioGRID
FPR1,TOR1,inhibition,inhibit,サンプル
GCN2,KOG1,phosphorylation,none,BioGRID
GLC7,MSN2,dephosphorylation,none,BioGRID
GLC7,SNF1,dephosphorylation,none,BioGRID
GPA2,CYR1,activation,activate,KEGG
GPR1,CYR1,activation,activate,KEGG
GPR1,RAS1,activation,activate,KEGG
GPR1,RAS2,activation,activate,KEGG
GPR1,SCH9,activation,activate,KEGG
GTR1,KOG1,activation,activate,サンプル
HOG1,GAL83,phosphorylation,none,BioGRID
HOG1,HOT1,phosphorylation,activate,KEGG+BioGRID
HOG1,MSN2,phosphorylation,activate,KEGG+BioGRID
HOG1,MSN4,phosphorylation,activate,KEGG
HOG1,PBS2,phosphorylation,none,BioGRID
HOG1,RTG3,phosphorylation,none,BioGRID
HOG1,SHO1,phosphorylation,none,BioGRID
HOG1,SIP2,phosphorylation,none,BioGRID
HOG1,SKO1,phosphorylation,inhibit,KEGG+BioGRID
HOG1,SLN1,phosphorylation,none,BioGRID
HOG1,SMP1,phosphorylation,activate,KEGG+BioGRID
HOG1,SSK2,phosphorylation,none,BioGRID
HOG1,STE50,phosphorylation,none,BioGRID
IML1,GTR1,inhibition,inhibit,サンプル
IRA2,RAS2,enzymatic,none,BioGRID
MID2,ROM2,activation,activate,KEGG
MKK1,SLT2,phosphorylation,activate,KEGG+BioGRID
MKK2,SLT2,phosphorylation,activate,KEGG
MSB2,SHO1,activation,activate,KEGG
NPR1,ORM1,phosphorylation,none,BioGRID
NPR1,ORM2,phosphorylation,none,BioGRID
NPR2,GTR1,inhibition,inhibit,サンプル
NPR3,GTR1,inhibition,inhibit,サンプル
PBS2,BCY1,phosphorylation,none,BioGRID
PBS2,HOG1,phosphorylation,activate,KEGG+BioGRID
PHO80,PHO4,phosphorylation,activate,KEGG+BioGRID
PHO80,PHO81,enzymatic,none,BioGRID
PHO80,RIM15,enzymatic,none,BioGRID
PHO81,PHO80,inhibition,inhibit,KEGG
PHO81,PHO85,enzymatic,inhibit,KEGG+BioGRID
PHO85,ATG1,phosphorylation,none,BioGRID
PHO85,BCY1,phosphorylation,none,BioGRID
PHO85,FPK1,enzymatic,none,BioGRID
PHO85,GAL83,phosphorylation,none,BioGRID
PHO85,GCN4,phosphorylation,inhibit,KEGG+BioGRID
PHO85,MIG2,phosphorylation,none,BioGRID
PHO85,PHO4,phosphorylation,activate,KEGG+BioGRID
PHO85,PHO80,phosphorylation,none,BioGRID
PHO85,PHO81,phosphorylation,none,BioGRID
PHO85,PIB2,phosphorylation,none,BioGRID
PHO85,REG1,enzymatic,none,BioGRID
PHO85,RIM15,enzymatic,none,BioGRID
PHO85,ROM2,enzymatic,none,BioGRID
PHO85,SAP185,enzymatic,none,BioGRID
PHO85,SCH9,phosphorylation,none,BioGRID
PHO85,SIP2,phosphorylation,none,BioGRID
PHO85,TPK2,phosphorylation,none,BioGRID
PIB2,KOG1,activation,activate,サンプル
PIB2,SCH9,phosphorylation,none,BioGRID
PKC1,BCK1,phosphorylation,activate,KEGG+BioGRID
PKC1,HOG1,activation,activate,KEGG
PKC1,IGO2,phosphorylation,none,BioGRID
PKH1,GCN2,phosphorylation,none,BioGRID
PKH1,PKC1,phosphorylation,activate,KEGG
PKH1,SCH9,phosphorylation,none,BioGRID
PKH1,TPK1,phosphorylation,none,BioGRID
PKH1,YPK1,phosphorylation,activate,BioGRIDサンプル
PKH1,YPK2,phosphorylation,none,BioGRID
PKH2,PKC1,phosphorylation,activate,KEGG+BioGRID
PPH21,ATG1,dephosphorylation,inhibit,KEGG
PPH21,ATG13,dephosphorylation,inhibit,KEGG
PPH21,GIS1,dephosphorylation,none,BioGRID
PPH22,ATG1,dephosphorylation,inhibit,KEGG
PPH22,ATG13,dephosphorylation,inhibit,KEGG
PTP2,HOG1,dephosphorylation,inhibit,KEGG+BioGRID
PTP2,SLT2,dephosphorylation,inhibit,KEGG+BioGRID
PTP3,HOG1,dephosphorylation,inhibit,KEGG
PTP3,SLT2,dephosphorylation,inhibit,KEGG+BioGRID
RAS1,CYR1,activation,activate,KEGG
RAS1,TPK1,activation,activate,KEGG
RAS1,TPK2,activation,activate,KEGG
RAS1,TPK3,activation,activate,KEGG
RAS2,CDC25,enzymatic,none,BioGRID
RAS2,CYR1,enzymatic,activate,KEGG+BioGRID
RAS2,TPK1,activation,activate,KEGG
RAS2,TPK2,activation,activate,KEGG
RAS2,TPK3,activation,activate,KEGG
RHO1,PKC1,activation,activate,KEGG
RIM15,GIS1,activation,activate,KEGGサンプル
RIM15,IGO1,phosphorylation,none,BioGRID
RIM15,IGO2,phosphorylation,none,BioGRID
RIM15,MSN2,activation,activate,KEGG+BioGRIDサンプル
RIM15,MSN4,activation,activate,KEGG
ROM2,RHO1,activation,activate,KEGG
SAK1,GAL83,phosphorylation,none,BioGRID
SAK1,MIG1,phosphorylation,none,BioGRID
SAK1,SIP1,phosphorylation,none,BioGRID
SAK1,SIP2,phosphorylation,none,BioGRID
SAK1,SNF1,phosphorylation,activate,KEGG+BioGRID
SCH9,DOT6,phosphorylation,inhibit,BioGRIDサンプル
SCH9,MAF1,phosphorylation,none,BioGRID
SCH9,RIM15,phosphorylation,inhibit,KEGG+BioGRIDサンプル
SCH9,SKO1,phosphorylation,none,BioGRID
SCH9,SLT2,inhibition,inhibit,KEGG
SCH9,TOD6,phosphorylation,none,BioGRID
SIT4,GLN3,dephosphorylation,activate,サンプル
SIT4,NPR1,dephosphorylation,activate,サンプル
SLG1,PKC1,activation,activate,KEGG
SLG1,ROM2,activation,activate,KEGG
SLM1,TSC11,activation,activate,サンプル
SLN1,SSK1,phosphorylation,inhibit,KEGG+BioGRID
SLN1,YPD1,phosphorylation,activate,KEGG+BioGRID
SLT2,AVO2,phosphorylation,none,BioGRID
SLT2,MKK1,phosphorylation,none,BioGRID
SLT2,MKK2,phosphorylation,none,BioGRID
SLT2,RLM1,phosphorylation,activate,KEGG+BioGRID
SLT2,ROM2,phosphorylation,none,BioGRID
SLT2,SWI4,phosphorylation,activate,KEGG+BioGRID
SLT2,SWI6,phosphorylation,activate,KEGG+BioGRID
SLT2,TPK1,phosphorylation,inhibit,KEGG
SLT2,TPK2,phosphorylation,inhibit,KEGG
SLT2,TPK3,phosphorylation,inhibit,KEGG
SLT2,TSC11,phosphorylation,none,BioGRID
SNF1,ATG1,phosphorylation,activate,KEGG+BioGRID
SNF1,CYR1,phosphorylation,none,BioGRID
SNF1,GLN3,phosphorylation,none,BioGRID
SNF1,HXK2,phosphorylation,none,BioGRID
SNF1,MIG1,phosphorylation,none,BioGRID
SNF1,MIG2,phosphorylation,none,BioGRID
SNF1,MSN2,phosphorylation,none,BioGRID
SNF1,PIB2,phosphorylation,none,BioGRID
SNF1,SCH9,phosphorylation,none,BioGRID
SNF1,SIP2,phosphorylation,none,BioGRID
SNF4,KOG1,inhibition,inhibit,KEGG
SNF4,TOR1,inhibition,inhibit,KEGG
SNF4,TOR2,inhibition,inhibit,KEGG
SSK1,PBS2,activation,activate,KEGG
SSK1,SSK2,phosphorylation,activate,KEGG
SSK1,SSK22,phosphorylation,activate,KEGG
SSK1,YPD1,enzymatic,none,BioGRID
SSK2,PBS2,phosphorylation,activate,KEGG+BioGRID
SSK22,PBS2,phosphorylation,activate,KEGG
STE11,MKK1,phosphorylation,none,BioGRID
STE11,PBS2,phosphorylation,activate,KEGG+BioGRID
STE11,STE50,phosphorylation,none,BioGRID
STE20,PTP2,phosphorylation,none,BioGRID
STE20,SLT2,enzymatic,none,BioGRID
STE20,STE11,phosphorylation,activate,KEGG+BioGRID
STE50,STE11,activation,activate,KEGG
TAP42,PPH21,activation,activate,KEGG
TAP42,PPH22,activation,activate,KEGG
TAP42,SIT4,inhibition,inhibit,サンプル
TIP41,TAP42,inhibition,inhibit,KEGG
TOR1,ATG1,phosphorylation,inhibit,KEGG+BioGRID
TOR1,ATG13,phosphorylation,inhibit,KEGG+BioGRIDサンプル
TOR1,GAT1,inhibition,inhibit,サンプル
TOR1,GCN2,phosphorylation,inhibit,KEGG+BioGRID
TOR1,GLN3,inhibition,inhibit,
TOR1,MAF1,phosphorylation,none,BioGRID
TOR1,NPR1,phosphorylation,inhibit,サンプル
TOR1,SCH9,phosphorylation,activate,KEGG+BioGRID
TOR1,SFP1,phosphorylation,activate,サンプル
TOR1,TAP42,phosphorylation,activate,サンプル
TOR1,TCO89,phosphorylation,none,BioGRID
TOR1,YPK1,phosphorylation,none,BioGRID
TOR2,GCN2,phosphorylation,inhibit,KEGG+BioGRID
TOR2,PKC1,phosphorylation,none,BioGRID
TOR2,SCH9,phosphorylation,activate,KEGG
TOR2,SLM1,phosphorylation,none,BioGRID
TOR2,TAP42,phosphorylation,activate,KEGG+BioGRID
TOR2,YPK1,phosphorylation,activate,BioGRIDサンプル
TOR2,YPK2,phosphorylation,none,BioGRID
TOS3,MIG1,phosphorylation,none,BioGRID
TOS3,ORM1,phosphorylation,none,BioGRID
TOS3,ORM2,phosphorylation,none,BioGRID
TOS3,SCH9,phosphorylation,none,BioGRID
TPK1,ATG1,phosphorylation,inhibit,KEGG
TPK1,ATG13,phosphorylation,inhibit,KEGG+BioGRID
TPK1,BCY1,phosphorylation,none,BioGRID
TPK1,CDC25,phosphorylation,none,BioGRID
TPK1,DOT6,phosphorylation,none,BioGRID
TPK1,GAL83,phosphorylation,none,BioGRID
TPK1,IGO1,phosphorylation,none,BioGRID
TPK1,IRA2,phosphorylation,none,BioGRID
TPK1,MAF1,phosphorylation,none,BioGRID
TPK1,MSN2,phosphorylation,inhibit,KEGG
TPK1,MSN4,phosphorylation,inhibit,KEGG+BioGRID
TPK1,ORM1,phosphorylation,none,BioGRID
TPK1,ORM2,phosphorylation,none,BioGRID
TPK1,PHO4,phosphorylation,none,BioGRID
TPK1,PIB2,phosphorylation,none,BioGRID
TPK1,PKH1,phosphorylation,none,BioGRID
TPK1,RAS2,phosphorylation,none,BioGRID
TPK1,RIM15,phosphorylation,inhibit,KEGG
TPK1,SKO1,phosphorylation,none,BioGRID
TPK1,TIP41,phosphorylation,none,BioGRID
TPK1,TPK2,phosphorylation,none,BioGRID
TPK1,TPK3,phosphorylation,none,BioGRID
TPK1,YAK1,phosphorylation,none,BioGRID
TPK2,ATG1,phosphorylation,inhibit,KEGG
TPK2,ATG13,phosphorylation,inhibit,KEGG
TPK2,BCY1,phosphorylation,none,BioGRID
TPK2,IRA2,phosphorylation,none,BioGRID
TPK2,MSN2,phosphorylation,inhibit,KEGG
TPK2,MSN4,phosphorylation,inhibit,KEGG
TPK2,PKH1,phosphorylation,none,BioGRID
TPK2,RIM15,phosphorylation,inhibit,KEGG
TPK2,TPK3,phosphorylation,none,BioGRID
TPK2,YAK1,phosphorylation,none,BioGRID
TPK3,ATG1,phosphorylation,inhibit,KEGG+BioGRID
TPK3,ATG13,phosphorylation,inhibit,KEGG
TPK3,BCY1,phosphorylation,none,BioGRID
TPK3,HOG1,phosphorylation,none,BioGRID
TPK3,IRA2,phosphorylation,none,BioGRID
TPK3,MSN2,phosphorylation,inhibit,KEGG
TPK3,MSN4,phosphorylation,inhibit,KEGG
TPK3,PKH1,phosphorylation,none,BioGRID
TPK3,RIM15,phosphorylation,inhibit,KEGG
TPK3,TPK2,phosphorylation,none,BioGRID
YAK1,CRF1,phosphorylation,none,BioGRID
YAK1,IFH1,phosphorylation,none,BioGRID
YAK1,MSN2,phosphorylation,none,BioGRID
YPD1,SLN1,phosphorylation,none,BioGRID
YPD1,SSK1,phosphorylation,inhibit,KEGG+BioGRID
YPK1,FPK1,phosphorylation,none,BioGRID
YPK1,ORM1,phosphorylation,inhibit,BioGRIDサンプル
YPK1,ORM2,phosphorylation,none,BioGRID
YPK1,SMP1,phosphorylation,none,BioGRID
