unit	condition	z	sites	measures	marker_change	verdict
ATG1	alkaline	0.40	267	2		
ATG1	alt_carbon	-1.46	267	2		
ATG1	calcium	3.89	267	2		
ATG1	carbon_starvation	-1.50	267	2	up	有意でない
ATG1	cell_wall	0.46	267	3		
ATG1	cold	-3.02	267	2		
ATG1	drug	1.82	267	7		
ATG1	er	-0.60	267	2	up	有意でない
ATG1	genotoxic	-0.01	267	4		
ATG1	glucose_limitation	1.10	267	1		
ATG1	heat	6.10	267	2		
ATG1	iron_repletion	-1.11	267	1		
ATG1	lipid	-4.52	267	1		
ATG1	mating	0.03	267	1		
ATG1	metal_stress	-2.07	267	2		
ATG1	mitochondrial	3.88	267	3		
ATG1	nitrogen_starvation	4.22	267	2	up	一致
ATG1	nonfermentable	-3.91	267	4		
ATG1	osmotic	6.27	267	4		
ATG1	oxidative	-0.23	267	6		
ATG1	ph_stress	6.19	267	1		
ATG1	rapamycin	-1.10	267	1	up	有意でない
ATG1	reductive	-1.46	267	2		
ATG1	stationary	2.38	267	1		
ATG1	weak_acid	-0.07	267	1		
ATG1	zinc_repletion	-1.68	267	1		
CBK1	alkaline	-5.01	4	2		
CBK1	alt_carbon	-2.90	4	2		
CBK1	calcium	-2.94	4	2		
CBK1	carbon_starvation	-5.32	4	2		
CBK1	cell_wall	-0.20	4	3		
CBK1	cold	0.36	4	2		
CBK1	drug	-0.78	4	7		
CBK1	er	-1.30	4	2		
CBK1	genotoxic	0.25	4	4		
CBK1	glucose_limitation	-1.75	4	1		
CBK1	heat	-2.39	4	2		
CBK1	iron_repletion	1.04	4	1		
CBK1	lipid	-2.60	4	1		
CBK1	mating	-0.78	4	1		
CBK1	metal_stress	-1.14	4	2		
CBK1	mitochondrial	-2.65	4	3		
CBK1	nitrogen_starvation	-2.41	4	2		
CBK1	nonfermentable	-3.16	4	4		
CBK1	osmotic	-5.78	4	4		
CBK1	oxidative	-2.42	4	6		
CBK1	ph_stress	-0.46	4	1		
CBK1	rapamycin	0.42	4	1		
CBK1	reductive	-0.73	4	2		
CBK1	stationary	-2.47	4	1		
CBK1	weak_acid	-0.38	4	1		
CBK1	zinc_repletion	1.06	4	1		
CDC14	alkaline	-1.24	11	2		
CDC14	alt_carbon	0.91	11	2		
CDC14	calcium	-0.23	11	2		
CDC14	carbon_starvation	0.67	11	2		
CDC14	cell_wall	0.74	11	3		
CDC14	cold	2.13	11	2		
CDC14	drug	0.03	11	7		
CDC14	er	1.61	11	2		
CDC14	genotoxic	-0.39	11	4		
CDC14	glucose_limitation	1.23	11	1		
CDC14	heat	0.61	11	2		
CDC14	iron_repletion	0.56	11	1		
CDC14	lipid	-0.24	11	1		
CDC14	mating	1.12	11	1		
CDC14	metal_stress	-0.02	11	2		
CDC14	mitochondrial	-0.00	11	3		
CDC14	nitrogen_starvation	-0.27	11	2		
CDC14	nonfermentable	0.59	11	4		
CDC14	osmotic	1.91	11	4		
CDC14	oxidative	0.32	11	6		
CDC14	ph_stress	-0.43	11	1		
CDC14	rapamycin	-0.88	11	1		
CDC14	reductive	2.09	11	2		
CDC14	stationary	1.27	11	1		
CDC14	weak_acid	-0.64	11	1		
CDC14	zinc_repletion	-1.84	11	1		
CDC28	alkaline	1.16	336	2		
CDC28	alt_carbon	-2.29	336	2		
CDC28	calcium	1.61	336	2		
CDC28	carbon_starvation	-1.42	336	2		
CDC28	cell_wall	-1.08	336	3		
CDC28	cold	-2.06	336	2		
CDC28	drug	4.70	336	7		
CDC28	er	-3.41	336	2		
CDC28	genotoxic	2.04	336	4		
CDC28	glucose_limitation	0.35	336	1		
CDC28	heat	5.18	336	2		
CDC28	iron_repletion	-0.34	336	1		
CDC28	lipid	-1.98	336	1		
CDC28	mating	-0.82	336	1		
CDC28	metal_stress	-2.03	336	2		
CDC28	mitochondrial	1.78	336	3		
CDC28	nitrogen_starvation	1.19	336	2		
CDC28	nonfermentable	-0.61	336	4		
CDC28	osmotic	3.18	336	4		
CDC28	oxidative	1.74	336	6		
CDC28	ph_stress	6.46	336	1		
CDC28	rapamycin	1.22	336	1		
CDC28	reductive	-3.10	336	2		
CDC28	stationary	-3.10	336	1		
CDC28	weak_acid	0.14	336	1		
CDC28	zinc_repletion	2.23	336	1		
CDC5	alkaline	-2.37	12	2		
CDC5	alt_carbon	-1.33	12	2		
CDC5	calcium	-1.63	12	2		
CDC5	carbon_starvation	-2.20	12	2		
CDC5	cell_wall	-2.23	12	3		
CDC5	cold	-0.74	12	2		
CDC5	drug	2.60	12	7		
CDC5	er	0.36	12	2		
CDC5	genotoxic	-0.33	12	4	down	有意でない
CDC5	glucose_limitation	0.14	12	1		
CDC5	heat	-1.38	12	2		
CDC5	iron_repletion	0.25	12	1		
CDC5	lipid	-0.92	12	1		
CDC5	mating	0.70	12	1		
CDC5	metal_stress	1.22	12	2		
CDC5	mitochondrial	-0.58	12	3		
CDC5	nitrogen_starvation	-1.11	12	2		
CDC5	nonfermentable	-2.69	12	4		
CDC5	osmotic	-0.72	12	4		
CDC5	oxidative	-1.44	12	6		
CDC5	ph_stress	0.42	12	1		
CDC5	rapamycin	2.62	12	1		
CDC5	reductive	0.17	12	2		
CDC5	stationary	-2.38	12	1		
CDC5	weak_acid	-4.81	12	1		
CDC5	zinc_repletion	-0.22	12	1		
CK2	alkaline	1.73	24	2		
CK2	alt_carbon	0.66	24	2		
CK2	calcium	1.55	24	2		
CK2	carbon_starvation	1.70	24	2		
CK2	cell_wall	1.43	24	3		
CK2	cold	-2.28	24	2		
CK2	drug	-2.25	24	7		
CK2	er	-0.24	24	2		
CK2	genotoxic	-1.14	24	4		
CK2	glucose_limitation	-0.19	24	1		
CK2	heat	-1.73	24	2		
CK2	iron_repletion	-0.22	24	1		
CK2	lipid	3.23	24	1		
CK2	mating	-0.69	24	1		
CK2	metal_stress	0.03	24	2		
CK2	mitochondrial	-2.04	24	3		
CK2	nitrogen_starvation	-0.06	24	2		
CK2	nonfermentable	1.04	24	4		
CK2	osmotic	1.86	24	4		
CK2	oxidative	0.47	24	6		
CK2	ph_stress	-0.93	24	1		
CK2	rapamycin	0.53	24	1		
CK2	reductive	-1.11	24	2		
CK2	stationary	3.31	24	1		
CK2	weak_acid	-0.88	24	1		
CK2	zinc_repletion	-0.78	24	1		
CKA1	alkaline	1.86	23	2		
CKA1	alt_carbon	0.48	23	2		
CKA1	calcium	1.47	23	2		
CKA1	carbon_starvation	1.53	23	2		
CKA1	cell_wall	1.33	23	3		
CKA1	cold	-2.32	23	2		
CKA1	drug	-2.53	23	7		
CKA1	er	-0.40	23	2		
CKA1	genotoxic	-1.22	23	4		
CKA1	glucose_limitation	-0.14	23	1		
CKA1	heat	-1.73	23	2		
CKA1	iron_repletion	-0.42	23	1		
CKA1	lipid	3.07	23	1		
CKA1	mating	-0.80	23	1		
CKA1	metal_stress	-0.08	23	2		
CKA1	mitochondrial	-2.07	23	3		
CKA1	nitrogen_starvation	-0.16	23	2		
CKA1	nonfermentable	0.88	23	4		
CKA1	osmotic	1.82	23	4	down	有意でない
CKA1	oxidative	0.71	23	6		
CKA1	ph_stress	-0.94	23	1		
CKA1	rapamycin	0.57	23	1		
CKA1	reductive	-1.33	23	2		
CKA1	stationary	2.94	23	1		
CKA1	weak_acid	-0.89	23	1		
CKA1	zinc_repletion	-0.87	23	1		
CKA2	alkaline	1.05	17	2		
CKA2	alt_carbon	0.47	17	2		
CKA2	calcium	1.48	17	2		
CKA2	carbon_starvation	1.17	17	2		
CKA2	cell_wall	1.67	17	3		
CKA2	cold	-2.19	17	2		
CKA2	drug	-2.28	17	7		
CKA2	er	0.21	17	2		
CKA2	genotoxic	-1.24	17	4		
CKA2	glucose_limitation	-0.47	17	1		
CKA2	heat	-2.36	17	2		
CKA2	iron_repletion	0.48	17	1		
CKA2	lipid	3.11	17	1		
CKA2	mating	-0.71	17	1		
CKA2	metal_stress	1.07	17	2		
CKA2	mitochondrial	-1.94	17	3		
CKA2	nitrogen_starvation	-0.73	17	2		
CKA2	nonfermentable	0.99	17	4		
CKA2	osmotic	1.32	17	4		
CKA2	oxidative	0.43	17	6		
CKA2	ph_stress	-1.32	17	1		
CKA2	rapamycin	0.19	17	1		
CKA2	reductive	-0.19	17	2		
CKA2	stationary	2.64	17	1		
CKA2	weak_acid	-0.02	17	1		
CKA2	zinc_repletion	-0.59	17	1		
CLA4	alkaline	-1.62	7	2		
CLA4	alt_carbon	0.14	7	2		
CLA4	calcium	-0.09	7	2		
CLA4	carbon_starvation	1.27	7	2		
CLA4	cell_wall	-0.25	7	3		
CLA4	cold	-0.16	7	2		
CLA4	drug	-0.92	7	7		
CLA4	er	1.18	7	2		
CLA4	genotoxic	-0.03	7	4		
CLA4	glucose_limitation	-0.28	7	1		
CLA4	heat	-0.60	7	2		
CLA4	iron_repletion	0.43	7	1		
CLA4	lipid	1.03	7	1		
CLA4	mating	-0.17	7	1		
CLA4	metal_stress	0.55	7	2		
CLA4	mitochondrial	-1.01	7	3		
CLA4	nitrogen_starvation	-0.25	7	2		
CLA4	nonfermentable	0.49	7	4		
CLA4	osmotic	0.32	7	4		
CLA4	oxidative	1.05	7	6		
CLA4	ph_stress	-1.57	7	1		
CLA4	rapamycin	0.42	7	1		
CLA4	reductive	0.30	7	2		
CLA4	stationary	0.34	7	1		
CLA4	weak_acid	1.82	7	1		
CLA4	zinc_repletion	-0.55	7	1		
CLB5	alkaline	1.68	5	2		
CLB5	alt_carbon	-0.81	5	2		
CLB5	calcium	0.82	5	2		
CLB5	carbon_starvation	-0.73	5	2		
CLB5	cell_wall	-0.32	5	3		
CLB5	cold	-2.10	5	2		
CLB5	drug	-1.90	5	7		
CLB5	er	-1.68	5	2		
CLB5	genotoxic	-1.78	5	4		
CLB5	glucose_limitation	-1.02	5	1		
CLB5	heat	-0.94	5	2		
CLB5	iron_repletion	-0.78	5	1		
CLB5	lipid	0.47	5	1		
CLB5	mating	-1.74	5	1		
CLB5	metal_stress	0.53	5	2		
CLB5	mitochondrial	-1.35	5	3		
CLB5	nitrogen_starvation	-0.38	5	2		
CLB5	nonfermentable	-0.13	5	4		
CLB5	osmotic	-1.37	5	4		
CLB5	oxidative	-1.53	5	6		
CLB5	ph_stress	-1.13	5	1		
CLB5	rapamycin	0.47	5	1		
CLB5	reductive	-1.77	5	2		
CLB5	stationary	-1.84	5	1		
CLB5	weak_acid	-0.03	5	1		
CLB5	zinc_repletion	0.85	5	1		
CMP2	alkaline	-1.76	8	2		
CMP2	alt_carbon	-1.25	8	2		
CMP2	calcium	-1.99	8	2		
CMP2	carbon_starvation	-2.33	8	2		
CMP2	cell_wall	-2.12	8	3		
CMP2	cold	-1.08	8	2		
CMP2	drug	-1.35	8	7		
CMP2	er	0.41	8	2		
CMP2	genotoxic	-2.44	8	4		
CMP2	glucose_limitation	0.85	8	1		
CMP2	heat	0.27	8	2		
CMP2	iron_repletion	-0.39	8	1		
CMP2	lipid	-1.00	8	1		
CMP2	mating	-0.43	8	1		
CMP2	metal_stress	-1.75	8	2		
CMP2	mitochondrial	-0.72	8	3		
CMP2	nitrogen_starvation	-0.14	8	2		
CMP2	nonfermentable	-2.93	8	4		
CMP2	osmotic	-1.45	8	4		
CMP2	oxidative	-0.32	8	6		
CMP2	ph_stress	-1.01	8	1		
CMP2	rapamycin	0.12	8	1		
CMP2	reductive	2.28	8	2		
CMP2	stationary	-2.45	8	1		
CMP2	weak_acid	-0.00	8	1		
CMP2	zinc_repletion	-1.56	8	1		
CTK1	alkaline	-1.47	18	2		
CTK1	alt_carbon	-1.47	18	2		
CTK1	calcium	-0.43	18	2		
CTK1	carbon_starvation	-2.87	18	2		
CTK1	cell_wall	-1.33	18	3		
CTK1	cold	-3.16	18	2		
CTK1	drug	-1.64	18	7		
CTK1	er	-2.10	18	2		
CTK1	genotoxic	-0.55	18	4		
CTK1	glucose_limitation	-1.93	18	1		
CTK1	heat	-2.10	18	2		
CTK1	iron_repletion	-1.12	18	1		
CTK1	lipid	-0.50	18	1		
CTK1	mating	-1.20	18	1		
CTK1	metal_stress	0.49	18	2		
CTK1	mitochondrial	-2.28	18	3		
CTK1	nitrogen_starvation	-1.48	18	2		
CTK1	nonfermentable	-1.42	18	4		
CTK1	osmotic	-3.25	18	4		
CTK1	oxidative	-0.98	18	6		
CTK1	ph_stress	0.01	18	1		
CTK1	rapamycin	-0.26	18	1		
CTK1	reductive	-1.30	18	2		
CTK1	stationary	0.88	18	1	up	有意でない
CTK1	weak_acid	-1.11	18	1		
CTK1	zinc_repletion	0.52	18	1		
DBF2	alkaline	-0.35	4	2		
DBF2	alt_carbon	-1.37	4	2		
DBF2	calcium	-1.24	4	2		
DBF2	carbon_starvation	-1.43	4	2		
DBF2	cell_wall	-1.45	4	3		
DBF2	cold	0.59	4	2		
DBF2	drug	1.13	4	7		
DBF2	er	0.46	4	2		
DBF2	genotoxic	0.02	4	4		
DBF2	glucose_limitation	1.64	4	1		
DBF2	heat	-0.88	4	2		
DBF2	iron_repletion	0.12	4	1		
DBF2	lipid	-2.67	4	1		
DBF2	mating	-0.31	4	1		
DBF2	metal_stress	0.59	4	2		
DBF2	mitochondrial	0.47	4	3		
DBF2	nitrogen_starvation	-0.84	4	2		
DBF2	nonfermentable	-1.75	4	4		
DBF2	osmotic	-2.13	4	4		
DBF2	oxidative	-0.83	4	6		
DBF2	ph_stress	0.58	4	1		
DBF2	rapamycin	0.45	4	1		
DBF2	reductive	0.81	4	2		
DBF2	stationary	0.68	4	1		
DBF2	weak_acid	-0.60	4	1		
DBF2	zinc_repletion	0.08	4	1		
DBF2-MOB1	alkaline	-0.35	4	2		
DBF2-MOB1	alt_carbon	-1.37	4	2		
DBF2-MOB1	calcium	-1.24	4	2		
DBF2-MOB1	carbon_starvation	-1.43	4	2		
DBF2-MOB1	cell_wall	-1.45	4	3		
DBF2-MOB1	cold	0.59	4	2		
DBF2-MOB1	drug	1.13	4	7		
DBF2-MOB1	er	0.46	4	2		
DBF2-MOB1	genotoxic	0.02	4	4		
DBF2-MOB1	glucose_limitation	1.64	4	1		
DBF2-MOB1	heat	-0.88	4	2		
DBF2-MOB1	iron_repletion	0.12	4	1		
DBF2-MOB1	lipid	-2.67	4	1		
DBF2-MOB1	mating	-0.31	4	1		
DBF2-MOB1	metal_stress	0.59	4	2		
DBF2-MOB1	mitochondrial	0.47	4	3		
DBF2-MOB1	nitrogen_starvation	-0.84	4	2		
DBF2-MOB1	nonfermentable	-1.75	4	4		
DBF2-MOB1	osmotic	-2.13	4	4		
DBF2-MOB1	oxidative	-0.83	4	6		
DBF2-MOB1	ph_stress	0.58	4	1		
DBF2-MOB1	rapamycin	0.45	4	1		
DBF2-MOB1	reductive	0.81	4	2		
DBF2-MOB1	stationary	0.68	4	1		
DBF2-MOB1	weak_acid	-0.60	4	1		
DBF2-MOB1	zinc_repletion	0.08	4	1		
FRK1	alkaline	0.14	8	2		
FRK1	alt_carbon	-2.93	8	2		
FRK1	calcium	-0.44	8	2		
FRK1	carbon_starvation	-1.22	8	2		
FRK1	cell_wall	-2.40	8	3		
FRK1	cold	-4.17	8	2		
FRK1	drug	-3.86	8	7		
FRK1	er	0.08	8	2		
FRK1	genotoxic	-3.98	8	4		
FRK1	glucose_limitation	-1.78	8	1		
FRK1	heat	-0.69	8	2		
FRK1	iron_repletion	-1.70	8	1		
FRK1	lipid	1.10	8	1		
FRK1	mating	-1.32	8	1		
FRK1	metal_stress	-1.83	8	2		
FRK1	mitochondrial	-1.84	8	3		
FRK1	nitrogen_starvation	-0.88	8	2		
FRK1	nonfermentable	-0.91	8	4		
FRK1	osmotic	-0.26	8	4		
FRK1	oxidative	-2.33	8	6		
FRK1	ph_stress	-1.90	8	1		
FRK1	rapamycin	-0.91	8	1		
FRK1	reductive	-0.60	8	2		
FRK1	stationary	1.17	8	1		
FRK1	weak_acid	-0.09	8	1		
FRK1	zinc_repletion	-2.84	8	1		
FUS3	alkaline	-1.48	3	2		
FUS3	alt_carbon	-0.61	3	2		
FUS3	calcium	-1.02	3	2		
FUS3	carbon_starvation	-1.35	3	2		
FUS3	cell_wall	0.10	3	3		
FUS3	cold	-0.24	3	2		
FUS3	drug	-0.66	3	7		
FUS3	er	-0.68	3	2		
FUS3	genotoxic	-0.93	3	4		
FUS3	glucose_limitation	0.39	3	1		
FUS3	heat	-0.77	3	2		
FUS3	iron_repletion	0.10	3	1		
FUS3	lipid	0.05	3	1		
FUS3	mating	0.54	3	1	up	有意でない
FUS3	metal_stress	-0.62	3	2		
FUS3	mitochondrial	-1.17	3	3		
FUS3	nitrogen_starvation	0.04	3	2		
FUS3	nonfermentable	-1.06	3	4		
FUS3	osmotic	-1.87	3	4	no_change	一致
FUS3	oxidative	-0.30	3	6		
FUS3	ph_stress	-0.60	3	1		
FUS3	rapamycin	-0.32	3	1		
FUS3	reductive	-1.38	3	2		
FUS3	stationary	0.47	3	1		
FUS3	weak_acid	-1.35	3	1		
FUS3	zinc_repletion	-0.32	3	1		
GLC7	alkaline	2.28	5	2		
GLC7	alt_carbon	3.74	5	2		
GLC7	calcium	0.56	5	2		
GLC7	carbon_starvation	5.90	5	2		
GLC7	cell_wall	2.77	5	3		
GLC7	cold	-1.03	5	2		
GLC7	drug	-0.79	5	7		
GLC7	er	-1.59	5	2		
GLC7	genotoxic	-1.48	5	4		
GLC7	glucose_limitation	1.59	5	1		
GLC7	heat	0.64	5	2		
GLC7	iron_repletion	0.35	5	1		
GLC7	lipid	3.52	5	1		
GLC7	mating	-0.79	5	1		
GLC7	metal_stress	-1.39	5	2		
GLC7	mitochondrial	-1.17	5	3		
GLC7	nitrogen_starvation	4.66	5	2		
GLC7	nonfermentable	6.01	5	4		
GLC7	osmotic	-0.22	5	4		
GLC7	oxidative	1.32	5	6		
GLC7	ph_stress	-0.08	5	1		
GLC7	rapamycin	-1.04	5	1		
GLC7	reductive	-1.19	5	2		
GLC7	stationary	1.58	5	1		
GLC7	weak_acid	1.32	5	1		
GLC7	zinc_repletion	-0.41	5	1		
HOG1	alkaline	1.30	13	2		
HOG1	alt_carbon	-0.71	13	2		
HOG1	calcium	2.64	13	2		
HOG1	carbon_starvation	-1.13	13	2	transient_up	有意でない
HOG1	cell_wall	0.06	13	3	up	有意でない
HOG1	cold	0.56	13	2		
HOG1	drug	1.70	13	7		
HOG1	er	0.82	13	2	up	有意でない
HOG1	genotoxic	1.97	13	4		
HOG1	glucose_limitation	0.17	13	1		
HOG1	heat	2.67	13	2	up	一致
HOG1	iron_repletion	-0.92	13	1		
HOG1	lipid	-1.38	13	1		
HOG1	mating	3.64	13	1	down	逆
HOG1	metal_stress	0.72	13	2		
HOG1	mitochondrial	1.18	13	3		
HOG1	nitrogen_starvation	-0.02	13	2		
HOG1	nonfermentable	-2.02	13	4		
HOG1	osmotic	2.55	13	4	transient_up	一致
HOG1	oxidative	-0.54	13	6	up	有意でない
HOG1	ph_stress	2.17	13	1		
HOG1	rapamycin	0.68	13	1		
HOG1	reductive	-0.62	13	2		
HOG1	stationary	1.54	13	1		
HOG1	weak_acid	0.09	13	1	transient_up	有意でない
HOG1	zinc_repletion	1.96	13	1		
IPL1	alkaline	1.23	4	2		
IPL1	alt_carbon	0.50	4	2		
IPL1	calcium	1.15	4	2		
IPL1	carbon_starvation	-0.35	4	2		
IPL1	cell_wall	-0.84	4	3		
IPL1	cold	0.38	4	2		
IPL1	drug	0.30	4	7		
IPL1	er	-1.09	4	2		
IPL1	genotoxic	-1.38	4	4		
IPL1	glucose_limitation	-1.94	4	1		
IPL1	heat	0.76	4	2		
IPL1	iron_repletion	-0.36	4	1		
IPL1	lipid	0.14	4	1		
IPL1	mating	-1.33	4	1		
IPL1	metal_stress	0.28	4	2		
IPL1	mitochondrial	0.44	4	3		
IPL1	nitrogen_starvation	-0.28	4	2		
IPL1	nonfermentable	-0.37	4	4		
IPL1	osmotic	-0.39	4	4		
IPL1	oxidative	-0.94	4	6		
IPL1	ph_stress	-1.20	4	1		
IPL1	rapamycin	-0.99	4	1		
IPL1	reductive	-1.27	4	2		
IPL1	stationary	2.00	4	1		
IPL1	weak_acid	0.97	4	1		
IPL1	zinc_repletion	-0.67	4	1		
KIN28	alkaline	0.19	3	2		
KIN28	alt_carbon	0.22	3	2		
KIN28	calcium	0.06	3	2		
KIN28	carbon_starvation	-0.49	3	2		
KIN28	cell_wall	-0.95	3	3		
KIN28	cold	-0.04	3	2		
KIN28	drug	-1.20	3	7		
KIN28	er	-0.00	3	2		
KIN28	genotoxic	0.41	3	4		
KIN28	glucose_limitation	-0.95	3	1		
KIN28	heat	-0.69	3	2		
KIN28	iron_repletion	-1.07	3	1		
KIN28	lipid	0.52	3	1		
KIN28	mating	0.34	3	1		
KIN28	metal_stress	0.25	3	2		
KIN28	mitochondrial	-1.54	3	3		
KIN28	nitrogen_starvation	-0.08	3	2		
KIN28	nonfermentable	-0.83	3	4		
KIN28	osmotic	0.18	3	4		
KIN28	oxidative	-0.58	3	6		
KIN28	ph_stress	-0.83	3	1		
KIN28	rapamycin	-0.12	3	1		
KIN28	reductive	-0.24	3	2		
KIN28	stationary	1.63	3	1		
KIN28	weak_acid	-1.99	3	1		
KIN28	zinc_repletion	0.29	3	1		
KNS1	alkaline	1.74	9	2		
KNS1	alt_carbon	0.69	9	2		
KNS1	calcium	3.16	9	2		
KNS1	carbon_starvation	1.54	9	2		
KNS1	cell_wall	4.12	9	3		
KNS1	cold	1.22	9	2		
KNS1	drug	1.52	9	7		
KNS1	er	1.66	9	2		
KNS1	genotoxic	1.68	9	4	up	有意でない
KNS1	glucose_limitation	1.73	9	1		
KNS1	heat	0.58	9	2		
KNS1	iron_repletion	2.07	9	1		
KNS1	lipid	1.22	9	1		
KNS1	mating	0.57	9	1		
KNS1	metal_stress	0.92	9	2		
KNS1	mitochondrial	1.79	9	3		
KNS1	nitrogen_starvation	2.76	9	2		
KNS1	nonfermentable	-0.48	9	4		
KNS1	osmotic	3.16	9	4		
KNS1	oxidative	2.01	9	6		
KNS1	ph_stress	0.94	9	1		
KNS1	rapamycin	-2.61	9	1	up	逆
KNS1	reductive	2.29	9	2		
KNS1	stationary	3.59	9	1		
KNS1	weak_acid	-2.46	9	1		
KNS1	zinc_repletion	1.93	9	1		
KSP1	alkaline	1.44	4	2		
KSP1	alt_carbon	1.84	4	2		
KSP1	calcium	1.65	4	2		
KSP1	carbon_starvation	1.72	4	2	up	有意でない
KSP1	cell_wall	1.50	4	3		
KSP1	cold	0.76	4	2		
KSP1	drug	1.36	4	7		
KSP1	er	1.00	4	2		
KSP1	genotoxic	0.68	4	4		
KSP1	glucose_limitation	0.14	4	1		
KSP1	heat	0.68	4	2		
KSP1	iron_repletion	0.96	4	1		
KSP1	lipid	0.25	4	1		
KSP1	mating	0.65	4	1		
KSP1	metal_stress	0.47	4	2		
KSP1	mitochondrial	1.31	4	3		
KSP1	nitrogen_starvation	0.05	4	2		
KSP1	nonfermentable	1.88	4	4		
KSP1	osmotic	1.59	4	4		
KSP1	oxidative	2.22	4	6		
KSP1	ph_stress	0.24	4	1		
KSP1	rapamycin	0.61	4	1		
KSP1	reductive	-1.69	4	2		
KSP1	stationary	2.75	4	1		
KSP1	weak_acid	0.45	4	1		
KSP1	zinc_repletion	-0.04	4	1		
MCK1	alkaline	1.65	27	2		
MCK1	alt_carbon	1.62	27	2		
MCK1	calcium	4.09	27	2		
MCK1	carbon_starvation	0.01	27	2		
MCK1	cell_wall	-0.33	27	3		
MCK1	cold	-0.86	27	2		
MCK1	drug	2.46	27	7		
MCK1	er	1.49	27	2		
MCK1	genotoxic	-0.10	27	4		
MCK1	glucose_limitation	1.75	27	1		
MCK1	heat	4.92	27	2		
MCK1	iron_repletion	0.48	27	1		
MCK1	lipid	0.54	27	1		
MCK1	mating	-0.12	27	1		
MCK1	metal_stress	-0.51	27	2		
MCK1	mitochondrial	1.85	27	3		
MCK1	nitrogen_starvation	1.90	27	2		
MCK1	nonfermentable	0.08	27	4		
MCK1	osmotic	5.87	27	4		
MCK1	oxidative	-0.60	27	6		
MCK1	ph_stress	1.84	27	1		
MCK1	rapamycin	-1.36	27	1		
MCK1	reductive	0.67	27	2		
MCK1	stationary	2.69	27	1		
MCK1	weak_acid	-0.77	27	1		
MCK1	zinc_repletion	0.14	27	1		
MEC1	alkaline	0.46	25	2		
MEC1	alt_carbon	2.14	25	2		
MEC1	calcium	0.23	25	2		
MEC1	carbon_starvation	1.68	25	2	up	有意でない
MEC1	cell_wall	4.89	25	3		
MEC1	cold	0.48	25	2		
MEC1	drug	0.90	25	7		
MEC1	er	-0.66	25	2		
MEC1	genotoxic	0.60	25	4		
MEC1	glucose_limitation	0.14	25	1		
MEC1	heat	1.84	25	2		
MEC1	iron_repletion	0.69	25	1		
MEC1	lipid	2.11	25	1		
MEC1	mating	-3.19	25	1		
MEC1	metal_stress	-2.55	25	2		
MEC1	mitochondrial	-0.45	25	3		
MEC1	nitrogen_starvation	1.69	25	2		
MEC1	nonfermentable	2.85	25	4		
MEC1	osmotic	0.24	25	4		
MEC1	oxidative	0.34	25	6		
MEC1	ph_stress	0.89	25	1		
MEC1	rapamycin	-2.49	25	1		
MEC1	reductive	-1.34	25	2		
MEC1	stationary	1.55	25	1		
MEC1	weak_acid	0.14	25	1		
MEC1	zinc_repletion	-0.35	25	1		
MKK1	alkaline	-0.68	7	2		
MKK1	alt_carbon	1.13	7	2		
MKK1	calcium	-0.92	7	2		
MKK1	carbon_starvation	1.43	7	2		
MKK1	cell_wall	-0.48	7	3		
MKK1	cold	-0.83	7	2		
MKK1	drug	-0.06	7	7		
MKK1	er	-0.84	7	2		
MKK1	genotoxic	0.12	7	4		
MKK1	glucose_limitation	1.63	7	1		
MKK1	heat	-0.56	7	2		
MKK1	iron_repletion	0.19	7	1		
MKK1	lipid	0.12	7	1		
MKK1	mating	-0.97	7	1		
MKK1	metal_stress	-1.52	7	2		
MKK1	mitochondrial	0.85	7	3		
MKK1	nitrogen_starvation	0.50	7	2		
MKK1	nonfermentable	1.98	7	4		
MKK1	osmotic	-1.01	7	4		
MKK1	oxidative	0.88	7	6		
MKK1	ph_stress	1.04	7	1		
MKK1	rapamycin	-1.00	7	1		
MKK1	reductive	-1.35	7	2		
MKK1	stationary	1.36	7	1		
MKK1	weak_acid	0.18	7	1		
MKK1	zinc_repletion	-0.05	7	1		
MPS1	alkaline	0.60	11	2		
MPS1	alt_carbon	1.90	11	2		
MPS1	calcium	-0.40	11	2		
MPS1	carbon_starvation	2.06	11	2		
MPS1	cell_wall	1.53	11	3		
MPS1	cold	1.09	11	2		
MPS1	drug	1.98	11	7		
MPS1	er	0.58	11	2		
MPS1	genotoxic	0.49	11	4		
MPS1	glucose_limitation	1.06	11	1		
MPS1	heat	0.51	11	2		
MPS1	iron_repletion	-0.39	11	1		
MPS1	lipid	0.71	11	1		
MPS1	mating	0.30	11	1		
MPS1	metal_stress	0.53	11	2		
MPS1	mitochondrial	0.46	11	3		
MPS1	nitrogen_starvation	1.59	11	2		
MPS1	nonfermentable	2.23	11	4		
MPS1	osmotic	-0.74	11	4		
MPS1	oxidative	0.58	11	6		
MPS1	ph_stress	-0.04	11	1		
MPS1	rapamycin	0.26	11	1		
MPS1	reductive	0.43	11	2		
MPS1	stationary	0.15	11	1		
MPS1	weak_acid	0.80	11	1		
MPS1	zinc_repletion	1.42	11	1		
NEM1	alkaline	-0.35	3	2		
NEM1	alt_carbon	-0.97	3	2		
NEM1	calcium	-1.02	3	2		
NEM1	carbon_starvation	-0.10	3	2		
NEM1	cell_wall	-1.10	3	3		
NEM1	cold	-2.24	3	2		
NEM1	drug	-2.05	3	7		
NEM1	er	-2.28	3	2		
NEM1	genotoxic	-2.47	3	4		
NEM1	glucose_limitation	-1.25	3	1		
NEM1	heat	-0.16	3	2		
NEM1	iron_repletion	-1.24	3	1		
NEM1	lipid	-0.07	3	1		
NEM1	mating	-0.08	3	1		
NEM1	metal_stress	-0.91	3	2		
NEM1	mitochondrial	-1.74	3	3		
NEM1	nitrogen_starvation	-0.75	3	2		
NEM1	nonfermentable	-0.97	3	4		
NEM1	osmotic	-1.30	3	4		
NEM1	oxidative	0.58	3	6		
NEM1	ph_stress	-1.35	3	1		
NEM1	rapamycin	-0.16	3	1		
NEM1	reductive	-0.35	3	2		
NEM1	stationary	-0.27	3	1		
NEM1	weak_acid	1.28	3	1		
NEM1	zinc_repletion	-1.29	3	1		
NEM1-SPO7	alkaline	-0.35	3	2		
NEM1-SPO7	alt_carbon	-0.97	3	2		
NEM1-SPO7	calcium	-1.02	3	2		
NEM1-SPO7	carbon_starvation	-0.10	3	2		
NEM1-SPO7	cell_wall	-1.10	3	3		
NEM1-SPO7	cold	-2.24	3	2		
NEM1-SPO7	drug	-2.05	3	7		
NEM1-SPO7	er	-2.28	3	2		
NEM1-SPO7	genotoxic	-2.47	3	4		
NEM1-SPO7	glucose_limitation	-1.25	3	1		
NEM1-SPO7	heat	-0.16	3	2		
NEM1-SPO7	iron_repletion	-1.24	3	1		
NEM1-SPO7	lipid	-0.07	3	1		
NEM1-SPO7	mating	-0.08	3	1		
NEM1-SPO7	metal_stress	-0.91	3	2		
NEM1-SPO7	mitochondrial	-1.74	3	3		
NEM1-SPO7	nitrogen_starvation	-0.75	3	2		
NEM1-SPO7	nonfermentable	-0.97	3	4		
NEM1-SPO7	osmotic	-1.30	3	4		
NEM1-SPO7	oxidative	0.58	3	6		
NEM1-SPO7	ph_stress	-1.35	3	1		
NEM1-SPO7	rapamycin	-0.16	3	1	up	有意でない
NEM1-SPO7	reductive	-0.35	3	2		
NEM1-SPO7	stationary	-0.27	3	1		
NEM1-SPO7	weak_acid	1.28	3	1		
NEM1-SPO7	zinc_repletion	-1.29	3	1		
NPR1	alkaline	-1.56	19	2		
NPR1	alt_carbon	-0.77	19	2		
NPR1	calcium	3.16	19	2		
NPR1	carbon_starvation	-1.73	19	2		
NPR1	cell_wall	-2.01	19	3		
NPR1	cold	-1.30	19	2		
NPR1	drug	3.18	19	7		
NPR1	er	-0.66	19	2		
NPR1	genotoxic	0.09	19	4		
NPR1	glucose_limitation	-1.41	19	1		
NPR1	heat	1.83	19	2		
NPR1	iron_repletion	-0.26	19	1		
NPR1	lipid	-1.50	19	1		
NPR1	mating	1.52	19	1		
NPR1	metal_stress	2.07	19	2		
NPR1	mitochondrial	2.77	19	3		
NPR1	nitrogen_starvation	0.24	19	2	up	有意でない
NPR1	nonfermentable	-2.79	19	4		
NPR1	osmotic	5.65	19	4		
NPR1	oxidative	-0.16	19	6		
NPR1	ph_stress	2.66	19	1		
NPR1	rapamycin	2.42	19	1	up	一致
NPR1	reductive	-0.60	19	2		
NPR1	stationary	1.19	19	1		
NPR1	weak_acid	-0.28	19	1		
NPR1	zinc_repletion	-0.96	19	1		
PBS2	alkaline	1.54	3	2		
PBS2	alt_carbon	1.85	3	2		
PBS2	calcium	1.90	3	2		
PBS2	carbon_starvation	-0.10	3	2		
PBS2	cell_wall	0.16	3	3		
PBS2	cold	1.75	3	2		
PBS2	drug	2.44	3	7		
PBS2	er	2.93	3	2		
PBS2	genotoxic	2.41	3	4		
PBS2	glucose_limitation	-0.44	3	1		
PBS2	heat	3.64	3	2		
PBS2	iron_repletion	0.63	3	1		
PBS2	lipid	-1.04	3	1		
PBS2	mating	0.17	3	1		
PBS2	metal_stress	-0.16	3	2		
PBS2	mitochondrial	2.99	3	3		
PBS2	nitrogen_starvation	-0.13	3	2		
PBS2	nonfermentable	1.35	3	4		
PBS2	osmotic	5.84	3	4		
PBS2	oxidative	1.77	3	6		
PBS2	ph_stress	1.97	3	1		
PBS2	rapamycin	-0.36	3	1		
PBS2	reductive	1.46	3	2		
PBS2	stationary	2.54	3	1		
PBS2	weak_acid	-0.46	3	1		
PBS2	zinc_repletion	0.77	3	1		
PHO80	alkaline	-0.50	4	2		
PHO80	alt_carbon	0.61	4	2		
PHO80	calcium	0.63	4	2		
PHO80	carbon_starvation	0.06	4	2		
PHO80	cell_wall	0.72	4	3		
PHO80	cold	1.83	4	2		
PHO80	drug	1.94	4	7		
PHO80	er	2.17	4	2		
PHO80	genotoxic	1.48	4	4		
PHO80	glucose_limitation	1.26	4	1		
PHO80	heat	0.21	4	2		
PHO80	iron_repletion	1.00	4	1		
PHO80	lipid	-0.20	4	1		
PHO80	mating	-0.66	4	1		
PHO80	metal_stress	0.37	4	2		
PHO80	mitochondrial	1.55	4	3		
PHO80	nitrogen_starvation	0.63	4	2		
PHO80	nonfermentable	0.78	4	4		
PHO80	osmotic	1.07	4	4		
PHO80	oxidative	-0.81	4	6		
PHO80	ph_stress	1.57	4	1		
PHO80	rapamycin	-0.28	4	1		
PHO80	reductive	0.47	4	2		
PHO80	stationary	0.73	4	1		
PHO80	weak_acid	-1.38	4	1		
PHO80	zinc_repletion	1.32	4	1		
PHO85	alkaline	-0.65	29	2		
PHO85	alt_carbon	1.01	29	2		
PHO85	calcium	0.80	29	2		
PHO85	carbon_starvation	0.41	29	2		
PHO85	cell_wall	-0.63	29	3		
PHO85	cold	-0.22	29	2		
PHO85	drug	2.81	29	7		
PHO85	er	0.45	29	2		
PHO85	genotoxic	0.81	29	4		
PHO85	glucose_limitation	1.36	29	1		
PHO85	heat	0.74	29	2		
PHO85	iron_repletion	-0.29	29	1		
PHO85	lipid	-0.17	29	1		
PHO85	mating	0.13	29	1		
PHO85	metal_stress	-0.48	29	2		
PHO85	mitochondrial	1.80	29	3		
PHO85	nitrogen_starvation	0.56	29	2		
PHO85	nonfermentable	0.65	29	4		
PHO85	osmotic	1.74	29	4		
PHO85	oxidative	-0.10	29	6		
PHO85	ph_stress	2.49	29	1		
PHO85	rapamycin	0.93	29	1		
PHO85	reductive	-0.23	29	2		
PHO85	stationary	0.60	29	1		
PHO85	weak_acid	0.20	29	1		
PHO85	zinc_repletion	0.15	29	1		
PHO85-PCL5	alkaline	-0.65	29	2		
PHO85-PCL5	alt_carbon	1.01	29	2		
PHO85-PCL5	calcium	0.80	29	2		
PHO85-PCL5	carbon_starvation	0.41	29	2		
PHO85-PCL5	cell_wall	-0.63	29	3		
PHO85-PCL5	cold	-0.22	29	2		
PHO85-PCL5	drug	2.81	29	7		
PHO85-PCL5	er	0.45	29	2		
PHO85-PCL5	genotoxic	0.81	29	4		
PHO85-PCL5	glucose_limitation	1.36	29	1		
PHO85-PCL5	heat	0.74	29	2		
PHO85-PCL5	iron_repletion	-0.29	29	1		
PHO85-PCL5	lipid	-0.17	29	1		
PHO85-PCL5	mating	0.13	29	1		
PHO85-PCL5	metal_stress	-0.48	29	2		
PHO85-PCL5	mitochondrial	1.80	29	3		
PHO85-PCL5	nitrogen_starvation	0.56	29	2		
PHO85-PCL5	nonfermentable	0.65	29	4		
PHO85-PCL5	osmotic	1.74	29	4		
PHO85-PCL5	oxidative	-0.10	29	6		
PHO85-PCL5	ph_stress	2.49	29	1		
PHO85-PCL5	rapamycin	0.93	29	1		
PHO85-PCL5	reductive	-0.23	29	2		
PHO85-PCL5	stationary	0.60	29	1		
PHO85-PCL5	weak_acid	0.20	29	1		
PHO85-PCL5	zinc_repletion	0.15	29	1		
PHO85-PCL7	alkaline	-0.65	29	2		
PHO85-PCL7	alt_carbon	1.01	29	2		
PHO85-PCL7	calcium	0.80	29	2		
PHO85-PCL7	carbon_starvation	0.41	29	2		
PHO85-PCL7	cell_wall	-0.63	29	3		
PHO85-PCL7	cold	-0.22	29	2		
PHO85-PCL7	drug	2.81	29	7		
PHO85-PCL7	er	0.45	29	2		
PHO85-PCL7	genotoxic	0.81	29	4		
PHO85-PCL7	glucose_limitation	1.36	29	1		
PHO85-PCL7	heat	0.74	29	2		
PHO85-PCL7	iron_repletion	-0.29	29	1		
PHO85-PCL7	lipid	-0.17	29	1		
PHO85-PCL7	mating	0.13	29	1		
PHO85-PCL7	metal_stress	-0.48	29	2		
PHO85-PCL7	mitochondrial	1.80	29	3		
PHO85-PCL7	nitrogen_starvation	0.56	29	2		
PHO85-PCL7	nonfermentable	0.65	29	4		
PHO85-PCL7	osmotic	1.74	29	4		
PHO85-PCL7	oxidative	-0.10	29	6		
PHO85-PCL7	ph_stress	2.49	29	1		
PHO85-PCL7	rapamycin	0.93	29	1		
PHO85-PCL7	reductive	-0.23	29	2		
PHO85-PCL7	stationary	0.60	29	1		
PHO85-PCL7	weak_acid	0.20	29	1		
PHO85-PCL7	zinc_repletion	0.15	29	1		
PHO85-PHO80	alkaline	-0.65	29	2		
PHO85-PHO80	alt_carbon	1.01	29	2		
PHO85-PHO80	calcium	0.80	29	2		
PHO85-PHO80	carbon_starvation	0.41	29	2		
PHO85-PHO80	cell_wall	-0.63	29	3		
PHO85-PHO80	cold	-0.22	29	2		
PHO85-PHO80	drug	2.81	29	7		
PHO85-PHO80	er	0.45	29	2		
PHO85-PHO80	genotoxic	0.81	29	4		
PHO85-PHO80	glucose_limitation	1.36	29	1		
PHO85-PHO80	heat	0.74	29	2		
PHO85-PHO80	iron_repletion	-0.29	29	1		
PHO85-PHO80	lipid	-0.17	29	1		
PHO85-PHO80	mating	0.13	29	1		
PHO85-PHO80	metal_stress	-0.48	29	2		
PHO85-PHO80	mitochondrial	1.80	29	3		
PHO85-PHO80	nitrogen_starvation	0.56	29	2		
PHO85-PHO80	nonfermentable	0.65	29	4		
PHO85-PHO80	osmotic	1.74	29	4		
PHO85-PHO80	oxidative	-0.10	29	6		
PHO85-PHO80	ph_stress	2.49	29	1		
PHO85-PHO80	rapamycin	0.93	29	1		
PHO85-PHO80	reductive	-0.23	29	2		
PHO85-PHO80	stationary	0.60	29	1		
PHO85-PHO80	weak_acid	0.20	29	1		
PHO85-PHO80	zinc_repletion	0.15	29	1		
PKA	alkaline	-1.54	27	2	transient_down	有意でない
PKA	alt_carbon	0.54	27	2		
PKA	calcium	-0.25	27	2		
PKA	carbon_starvation	0.54	27	2	down	有意でない
PKA	cell_wall	0.69	27	3	down	有意でない
PKA	cold	0.25	27	2		
PKA	drug	-1.55	27	7		
PKA	er	0.39	27	2		
PKA	genotoxic	0.38	27	4	up	有意でない
PKA	glucose_limitation	-2.19	27	1	down	一致
PKA	heat	-3.72	27	2	down	一致
PKA	iron_repletion	0.59	27	1		
PKA	lipid	-0.00	27	1		
PKA	mating	0.38	27	1	down	有意でない
PKA	metal_stress	0.16	27	2		
PKA	mitochondrial	-1.04	27	3		
PKA	nitrogen_starvation	-1.42	27	2	up	有意でない
PKA	nonfermentable	0.39	27	4	down	有意でない
PKA	osmotic	-6.18	27	4		
PKA	oxidative	-1.16	27	6	no_change	一致
PKA	ph_stress	-1.10	27	1		
PKA	rapamycin	-0.32	27	1	down	有意でない
PKA	reductive	-0.12	27	2		
PKA	stationary	1.46	27	1	down	有意でない
PKA	weak_acid	-1.26	27	1		
PKA	zinc_repletion	1.13	27	1		
PKC1	alkaline	0.05	3	2		
PKC1	alt_carbon	-0.12	3	2		
PKC1	calcium	1.75	3	2		
PKC1	carbon_starvation	-1.16	3	2		
PKC1	cell_wall	0.40	3	3		
PKC1	cold	1.48	3	2		
PKC1	drug	2.40	3	7		
PKC1	er	1.67	3	2		
PKC1	genotoxic	1.57	3	4		
PKC1	glucose_limitation	-0.52	3	1		
PKC1	heat	1.10	3	2		
PKC1	iron_repletion	0.76	3	1		
PKC1	lipid	-1.11	3	1		
PKC1	mating	1.85	3	1		
PKC1	metal_stress	1.41	3	2		
PKC1	mitochondrial	2.18	3	3		
PKC1	nitrogen_starvation	-2.07	3	2		
PKC1	nonfermentable	-1.53	3	4		
PKC1	osmotic	3.71	3	4		
PKC1	oxidative	0.69	3	6		
PKC1	ph_stress	0.10	3	1		
PKC1	rapamycin	1.24	3	1		
PKC1	reductive	2.01	3	2		
PKC1	stationary	-0.31	3	1		
PKC1	weak_acid	-1.32	3	1		
PKC1	zinc_repletion	-0.53	3	1		
PKP1	alkaline	-2.15	3	2		
PKP1	alt_carbon	1.89	3	2		
PKP1	calcium	1.67	3	2		
PKP1	carbon_starvation	1.66	3	2		
PKP1	cell_wall	2.27	3	3		
PKP1	cold	2.02	3	2		
PKP1	drug	0.65	3	7		
PKP1	er	0.36	3	2		
PKP1	genotoxic	-0.93	3	4		
PKP1	glucose_limitation	0.53	3	1		
PKP1	heat	-1.82	3	2		
PKP1	iron_repletion	-0.30	3	1		
PKP1	lipid	-1.16	3	1		
PKP1	mating	-2.26	3	1		
PKP1	metal_stress	-2.13	3	2		
PKP1	mitochondrial	0.79	3	3		
PKP1	nitrogen_starvation	1.34	3	2		
PKP1	nonfermentable	2.86	3	4		
PKP1	osmotic	1.34	3	4		
PKP1	oxidative	-1.16	3	6		
PKP1	ph_stress	-0.06	3	1		
PKP1	rapamycin	-1.98	3	1		
PKP1	reductive	-0.32	3	2		
PKP1	stationary	2.61	3	1		
PKP1	weak_acid	-1.16	3	1		
PKP1	zinc_repletion	-0.15	3	1		
PKP2	alkaline	-1.41	3	2		
PKP2	alt_carbon	0.78	3	2		
PKP2	calcium	-0.24	3	2		
PKP2	carbon_starvation	0.77	3	2		
PKP2	cell_wall	0.72	3	3		
PKP2	cold	0.15	3	2		
PKP2	drug	1.27	3	7		
PKP2	er	-0.94	3	2		
PKP2	genotoxic	-1.23	3	4		
PKP2	glucose_limitation	0.32	3	1		
PKP2	heat	-0.81	3	2		
PKP2	iron_repletion	0.19	3	1		
PKP2	lipid	-0.51	3	1		
PKP2	mating	-0.43	3	1		
PKP2	metal_stress	-2.85	3	2		
PKP2	mitochondrial	1.14	3	3		
PKP2	nitrogen_starvation	1.27	3	2		
PKP2	nonfermentable	1.65	3	4		
PKP2	osmotic	-1.99	3	4		
PKP2	oxidative	-3.67	3	6		
PKP2	ph_stress	-0.28	3	1		
PKP2	rapamycin	0.41	3	1		
PKP2	reductive	-2.06	3	2		
PKP2	stationary	0.33	3	1		
PKP2	weak_acid	0.22	3	1		
PKP2	zinc_repletion	1.24	3	1		
PP2A	alkaline	-3.85	9	2		
PP2A	alt_carbon	-2.64	9	2		
PP2A	calcium	-4.11	9	2		
PP2A	carbon_starvation	-1.35	9	2	down	有意でない
PP2A	cell_wall	0.41	9	3		
PP2A	cold	-1.63	9	2		
PP2A	drug	-0.54	9	7		
PP2A	er	-3.09	9	2		
PP2A	genotoxic	-1.94	9	4		
PP2A	glucose_limitation	-1.15	9	1		
PP2A	heat	-3.62	9	2	up	逆
PP2A	iron_repletion	0.78	9	1		
PP2A	lipid	1.16	9	1		
PP2A	mating	-0.29	9	1		
PP2A	metal_stress	0.58	9	2		
PP2A	mitochondrial	-1.39	9	3		
PP2A	nitrogen_starvation	-1.00	9	2	up	有意でない
PP2A	nonfermentable	-0.88	9	4		
PP2A	osmotic	-9.00	9	4	down	一致
PP2A	oxidative	-0.10	9	6	up	有意でない
PP2A	ph_stress	-4.12	9	1		
PP2A	rapamycin	0.26	9	1	up	有意でない
PP2A	reductive	-1.07	9	2		
PP2A	stationary	-5.57	9	1		
PP2A	weak_acid	1.80	9	1		
PP2A	zinc_repletion	0.52	9	1		
PP2A-CDC55	alkaline	-3.85	9	2		
PP2A-CDC55	alt_carbon	-2.64	9	2		
PP2A-CDC55	calcium	-4.11	9	2		
PP2A-CDC55	carbon_starvation	-1.35	9	2		
PP2A-CDC55	cell_wall	0.41	9	3		
PP2A-CDC55	cold	-1.63	9	2		
PP2A-CDC55	drug	-0.54	9	7		
PP2A-CDC55	er	-3.09	9	2		
PP2A-CDC55	genotoxic	-1.94	9	4		
PP2A-CDC55	glucose_limitation	-1.15	9	1		
PP2A-CDC55	heat	-3.62	9	2		
PP2A-CDC55	iron_repletion	0.78	9	1		
PP2A-CDC55	lipid	1.16	9	1		
PP2A-CDC55	mating	-0.29	9	1		
PP2A-CDC55	metal_stress	0.58	9	2		
PP2A-CDC55	mitochondrial	-1.39	9	3		
PP2A-CDC55	nitrogen_starvation	-1.00	9	2		
PP2A-CDC55	nonfermentable	-0.88	9	4		
PP2A-CDC55	osmotic	-9.00	9	4		
PP2A-CDC55	oxidative	-0.10	9	6		
PP2A-CDC55	ph_stress	-4.12	9	1		
PP2A-CDC55	rapamycin	0.26	9	1		
PP2A-CDC55	reductive	-1.07	9	2		
PP2A-CDC55	stationary	-5.57	9	1		
PP2A-CDC55	weak_acid	1.80	9	1		
PP2A-CDC55	zinc_repletion	0.52	9	1		
PPH21	alkaline	-5.28	8	2		
PPH21	alt_carbon	-3.22	8	2		
PPH21	calcium	-5.66	8	2		
PPH21	carbon_starvation	-2.03	8	2		
PPH21	cell_wall	0.11	8	3		
PPH21	cold	-1.53	8	2		
PPH21	drug	-1.79	8	7		
PPH21	er	-3.55	8	2		
PPH21	genotoxic	-2.75	8	4		
PPH21	glucose_limitation	-1.60	8	1		
PPH21	heat	-5.19	8	2		
PPH21	iron_repletion	0.72	8	1		
PPH21	lipid	0.06	8	1		
PPH21	mating	-0.32	8	1		
PPH21	metal_stress	0.28	8	2		
PPH21	mitochondrial	-2.15	8	3		
PPH21	nitrogen_starvation	-2.33	8	2		
PPH21	nonfermentable	-2.36	8	4		
PPH21	osmotic	-11.54	8	4		
PPH21	oxidative	-1.56	8	6		
PPH21	ph_stress	-4.78	8	1		
PPH21	rapamycin	-0.43	8	1		
PPH21	reductive	-1.33	8	2		
PPH21	stationary	-5.31	8	1		
PPH21	weak_acid	2.49	8	1		
PPH21	zinc_repletion	0.23	8	1		
PPQ1	alkaline	1.68	3	2		
PPQ1	alt_carbon	1.72	3	2		
PPQ1	calcium	-1.15	3	2		
PPQ1	carbon_starvation	2.23	3	2		
PPQ1	cell_wall	1.71	3	3		
PPQ1	cold	1.91	3	2		
PPQ1	drug	0.95	3	7		
PPQ1	er	-0.31	3	2		
PPQ1	genotoxic	-0.60	3	4		
PPQ1	glucose_limitation	0.96	3	1		
PPQ1	heat	0.40	3	2		
PPQ1	iron_repletion	1.25	3	1		
PPQ1	lipid	-0.59	3	1		
PPQ1	mating	-0.73	3	1		
PPQ1	metal_stress	-1.73	3	2		
PPQ1	mitochondrial	1.61	3	3		
PPQ1	nitrogen_starvation	1.66	3	2		
PPQ1	nonfermentable	1.68	3	4		
PPQ1	osmotic	-1.08	3	4		
PPQ1	oxidative	-1.78	3	6		
PPQ1	ph_stress	-0.07	3	1		
PPQ1	rapamycin	0.20	3	1		
PPQ1	reductive	-0.70	3	2		
PPQ1	stationary	-0.97	3	1		
PPQ1	weak_acid	0.50	3	1		
PPQ1	zinc_repletion	-0.90	3	1		
PRK1	alkaline	0.39	4	2		
PRK1	alt_carbon	0.67	4	2		
PRK1	calcium	0.51	4	2		
PRK1	carbon_starvation	-0.48	4	2		
PRK1	cell_wall	2.17	4	3		
PRK1	cold	0.56	4	2		
PRK1	drug	1.02	4	7		
PRK1	er	-0.01	4	2		
PRK1	genotoxic	1.56	4	4		
PRK1	glucose_limitation	0.90	4	1		
PRK1	heat	-0.05	4	2		
PRK1	iron_repletion	0.98	4	1		
PRK1	lipid	-1.01	4	1		
PRK1	mating	-0.12	4	1		
PRK1	metal_stress	-0.31	4	2		
PRK1	mitochondrial	1.69	4	3		
PRK1	nitrogen_starvation	-0.20	4	2		
PRK1	nonfermentable	-1.05	4	4		
PRK1	osmotic	0.69	4	4		
PRK1	oxidative	-0.58	4	6		
PRK1	ph_stress	-0.15	4	1		
PRK1	rapamycin	-0.06	4	1		
PRK1	reductive	0.20	4	2		
PRK1	stationary	2.09	4	1		
PRK1	weak_acid	0.61	4	1		
PRK1	zinc_repletion	1.08	4	1		
PSK2	alkaline	-0.61	7	2		
PSK2	alt_carbon	1.02	7	2		
PSK2	calcium	0.46	7	2		
PSK2	carbon_starvation	0.56	7	2		
PSK2	cell_wall	-2.01	7	3		
PSK2	cold	-0.33	7	2		
PSK2	drug	-0.83	7	7		
PSK2	er	-0.49	7	2		
PSK2	genotoxic	0.73	7	4		
PSK2	glucose_limitation	0.45	7	1		
PSK2	heat	-1.24	7	2		
PSK2	iron_repletion	-0.02	7	1		
PSK2	lipid	1.16	7	1		
PSK2	mating	-1.18	7	1		
PSK2	metal_stress	-1.32	7	2		
PSK2	mitochondrial	0.20	7	3		
PSK2	nitrogen_starvation	-0.99	7	2		
PSK2	nonfermentable	0.59	7	4		
PSK2	osmotic	0.12	7	4		
PSK2	oxidative	-0.79	7	6		
PSK2	ph_stress	-0.27	7	1		
PSK2	rapamycin	-1.22	7	1		
PSK2	reductive	-1.49	7	2		
PSK2	stationary	2.70	7	1		
PSK2	weak_acid	-2.18	7	1		
PSK2	zinc_repletion	-0.98	7	1		
PSR1	alkaline	0.44	3	2		
PSR1	alt_carbon	1.23	3	2		
PSR1	calcium	1.91	3	2		
PSR1	carbon_starvation	1.30	3	2		
PSR1	cell_wall	1.24	3	3		
PSR1	cold	1.91	3	2		
PSR1	drug	2.41	3	7		
PSR1	er	1.43	3	2		
PSR1	genotoxic	2.40	3	4		
PSR1	glucose_limitation	1.29	3	1		
PSR1	heat	-0.07	3	2		
PSR1	iron_repletion	-0.16	3	1		
PSR1	lipid	0.45	3	1		
PSR1	mating	0.56	3	1		
PSR1	metal_stress	0.12	3	2		
PSR1	mitochondrial	2.62	3	3		
PSR1	nitrogen_starvation	1.06	3	2		
PSR1	nonfermentable	1.81	3	4		
PSR1	osmotic	1.90	3	4		
PSR1	oxidative	1.89	3	6		
PSR1	ph_stress	1.21	3	1		
PSR1	rapamycin	-0.88	3	1		
PSR1	reductive	0.67	3	2		
PSR1	stationary	1.63	3	1		
PSR1	weak_acid	0.05	3	1		
PSR1	zinc_repletion	-0.79	3	1		
PTC4	alkaline	-0.12	3	2		
PTC4	alt_carbon	0.42	3	2		
PTC4	calcium	-1.51	3	2		
PTC4	carbon_starvation	-0.49	3	2		
PTC4	cell_wall	-0.97	3	3		
PTC4	cold	-1.34	3	2		
PTC4	drug	2.09	3	7		
PTC4	er	-0.00	3	2		
PTC4	genotoxic	-0.81	3	4		
PTC4	glucose_limitation	-1.26	3	1		
PTC4	heat	2.67	3	2		
PTC4	iron_repletion	0.06	3	1		
PTC4	lipid	0.10	3	1		
PTC4	mating	0.54	3	1		
PTC4	metal_stress	0.50	3	2		
PTC4	mitochondrial	0.40	3	3		
PTC4	nitrogen_starvation	-1.64	3	2		
PTC4	nonfermentable	-1.97	3	4		
PTC4	osmotic	-2.17	3	4		
PTC4	oxidative	1.29	3	6		
PTC4	ph_stress	0.38	3	1		
PTC4	rapamycin	-0.79	3	1		
PTC4	reductive	1.11	3	2		
PTC4	stationary	0.82	3	1		
PTC4	weak_acid	0.43	3	1		
PTC4	zinc_repletion	0.39	3	1		
PTK1	alkaline	-3.22	22	2		
PTK1	alt_carbon	-3.15	22	2		
PTK1	calcium	-1.42	22	2		
PTK1	carbon_starvation	-4.18	22	2		
PTK1	cell_wall	-1.51	22	3		
PTK1	cold	0.21	22	2		
PTK1	drug	-0.03	22	7		
PTK1	er	1.20	22	2		
PTK1	genotoxic	0.76	22	4		
PTK1	glucose_limitation	-2.83	22	1		
PTK1	heat	0.95	22	2		
PTK1	iron_repletion	-0.77	22	1		
PTK1	lipid	-1.90	22	1		
PTK1	mating	1.26	22	1		
PTK1	metal_stress	0.28	22	2		
PTK1	mitochondrial	-0.17	22	3		
PTK1	nitrogen_starvation	-2.75	22	2		
PTK1	nonfermentable	-5.88	22	4		
PTK1	osmotic	-2.17	22	4		
PTK1	oxidative	0.56	22	6		
PTK1	ph_stress	-1.84	22	1		
PTK1	rapamycin	-0.88	22	1		
PTK1	reductive	2.55	22	2		
PTK1	stationary	-1.18	22	1		
PTK1	weak_acid	-1.17	22	1		
PTK1	zinc_repletion	1.55	22	1		
PTK2	alkaline	-1.99	10	2		
PTK2	alt_carbon	-3.90	10	2		
PTK2	calcium	-0.89	10	2		
PTK2	carbon_starvation	-4.04	10	2		
PTK2	cell_wall	-3.72	10	3		
PTK2	cold	-1.90	10	2		
PTK2	drug	-1.41	10	7		
PTK2	er	-0.37	10	2		
PTK2	genotoxic	1.02	10	4		
PTK2	glucose_limitation	-1.89	10	1		
PTK2	heat	0.84	10	2		
PTK2	iron_repletion	-1.69	10	1		
PTK2	lipid	-1.94	10	1		
PTK2	mating	1.61	10	1		
PTK2	metal_stress	0.89	10	2		
PTK2	mitochondrial	2.14	10	3		
PTK2	nitrogen_starvation	-2.08	10	2		
PTK2	nonfermentable	-6.15	10	4		
PTK2	osmotic	-0.52	10	4		
PTK2	oxidative	0.03	10	6		
PTK2	ph_stress	0.16	10	1		
PTK2	rapamycin	-2.39	10	1		
PTK2	reductive	0.67	10	2		
PTK2	stationary	-3.11	10	1		
PTK2	weak_acid	-2.35	10	1		
PTK2	zinc_repletion	-0.60	10	1		
PTP1	alkaline	0.19	6	2		
PTP1	alt_carbon	1.52	6	2		
PTP1	calcium	1.78	6	2		
PTP1	carbon_starvation	1.46	6	2		
PTP1	cell_wall	3.22	6	3		
PTP1	cold	2.83	6	2		
PTP1	drug	3.59	6	7		
PTP1	er	2.95	6	2		
PTP1	genotoxic	0.52	6	4		
PTP1	glucose_limitation	1.26	6	1		
PTP1	heat	0.86	6	2		
PTP1	iron_repletion	1.47	6	1		
PTP1	lipid	-0.27	6	1		
PTP1	mating	1.06	6	1		
PTP1	metal_stress	0.67	6	2		
PTP1	mitochondrial	3.15	6	3		
PTP1	nitrogen_starvation	2.69	6	2		
PTP1	nonfermentable	2.36	6	4		
PTP1	osmotic	1.00	6	4		
PTP1	oxidative	3.54	6	6		
PTP1	ph_stress	1.54	6	1		
PTP1	rapamycin	1.05	6	1		
PTP1	reductive	0.55	6	2		
PTP1	stationary	-2.45	6	1		
PTP1	weak_acid	0.33	6	1		
PTP1	zinc_repletion	0.57	6	1		
RAD53	alkaline	2.55	8	2		
RAD53	alt_carbon	2.67	8	2		
RAD53	calcium	2.34	8	2		
RAD53	carbon_starvation	2.34	8	2		
RAD53	cell_wall	2.05	8	3		
RAD53	cold	1.18	8	2		
RAD53	drug	1.22	8	7		
RAD53	er	1.86	8	2		
RAD53	genotoxic	2.32	8	4	up	一致
RAD53	glucose_limitation	1.54	8	1		
RAD53	heat	0.53	8	2		
RAD53	iron_repletion	0.97	8	1		
RAD53	lipid	1.93	8	1		
RAD53	mating	-0.97	8	1		
RAD53	metal_stress	-0.35	8	2		
RAD53	mitochondrial	-0.23	8	3		
RAD53	nitrogen_starvation	2.67	8	2		
RAD53	nonfermentable	2.21	8	4		
RAD53	osmotic	4.17	8	4		
RAD53	oxidative	0.13	8	6	up	有意でない
RAD53	ph_stress	1.06	8	1		
RAD53	rapamycin	1.37	8	1		
RAD53	reductive	0.52	8	2		
RAD53	stationary	1.60	8	1		
RAD53	weak_acid	1.05	8	1		
RAD53	zinc_repletion	0.76	8	1		
RIM11	alkaline	-0.11	3	2		
RIM11	alt_carbon	-0.10	3	2		
RIM11	calcium	1.70	3	2		
RIM11	carbon_starvation	-1.22	3	2		
RIM11	cell_wall	-2.10	3	3		
RIM11	cold	-3.62	3	2		
RIM11	drug	1.45	3	7		
RIM11	er	-1.90	3	2		
RIM11	genotoxic	-0.11	3	4		
RIM11	glucose_limitation	0.81	3	1		
RIM11	heat	3.53	3	2		
RIM11	iron_repletion	-1.17	3	1		
RIM11	lipid	0.28	3	1		
RIM11	mating	-0.40	3	1		
RIM11	metal_stress	-0.92	3	2		
RIM11	mitochondrial	1.85	3	3		
RIM11	nitrogen_starvation	1.05	3	2		
RIM11	nonfermentable	-1.07	3	4		
RIM11	osmotic	1.53	3	4		
RIM11	oxidative	-2.30	3	6		
RIM11	ph_stress	2.21	3	1		
RIM11	rapamycin	-0.43	3	1		
RIM11	reductive	-1.86	3	2		
RIM11	stationary	0.96	3	1		
RIM11	weak_acid	-0.53	3	1		
RIM11	zinc_repletion	1.02	3	1		
RIM15	alkaline	4.23	13	2		
RIM15	alt_carbon	1.17	13	2		
RIM15	calcium	3.86	13	2		
RIM15	carbon_starvation	0.22	13	2	up	有意でない
RIM15	cell_wall	0.17	13	3		
RIM15	cold	-0.73	13	2		
RIM15	drug	2.13	13	7		
RIM15	er	0.05	13	2		
RIM15	genotoxic	-0.19	13	4		
RIM15	glucose_limitation	1.05	13	1		
RIM15	heat	5.62	13	2		
RIM15	iron_repletion	0.23	13	1		
RIM15	lipid	-0.09	13	1		
RIM15	mating	-1.36	13	1		
RIM15	metal_stress	-1.79	13	2		
RIM15	mitochondrial	0.26	13	3		
RIM15	nitrogen_starvation	2.16	13	2	up	一致
RIM15	nonfermentable	0.29	13	4		
RIM15	osmotic	8.16	13	4		
RIM15	oxidative	2.41	13	6		
RIM15	ph_stress	3.02	13	1		
RIM15	rapamycin	-0.55	13	1	up	有意でない
RIM15	reductive	-0.63	13	2		
RIM15	stationary	1.46	13	1		
RIM15	weak_acid	-2.59	13	1		
RIM15	zinc_repletion	-0.25	13	1		
SCH9	alkaline	1.13	5	2		
SCH9	alt_carbon	-1.65	5	2		
SCH9	calcium	-2.80	5	2		
SCH9	carbon_starvation	-1.52	5	2	down	有意でない
SCH9	cell_wall	-0.13	5	3		
SCH9	cold	-1.69	5	2		
SCH9	drug	-2.22	5	7		
SCH9	er	-1.39	5	2		
SCH9	genotoxic	-2.41	5	4		
SCH9	glucose_limitation	-2.72	5	1		
SCH9	heat	-0.70	5	2	transient_down	有意でない
SCH9	iron_repletion	1.10	5	1		
SCH9	lipid	-0.54	5	1		
SCH9	mating	-1.45	5	1		
SCH9	metal_stress	-0.40	5	2		
SCH9	mitochondrial	-3.97	5	3		
SCH9	nitrogen_starvation	-0.86	5	2	down	有意でない
SCH9	nonfermentable	-2.12	5	4		
SCH9	osmotic	-3.16	5	4	transient_down	一致
SCH9	oxidative	-1.01	5	6	transient_down	有意でない
SCH9	ph_stress	-2.56	5	1		
SCH9	rapamycin	0.09	5	1	down	有意でない
SCH9	reductive	-0.88	5	2		
SCH9	stationary	-4.35	5	1	down	一致
SCH9	weak_acid	-1.11	5	1	up	有意でない
SCH9	zinc_repletion	1.91	5	1		
SGV1	alkaline	-1.51	5	2		
SGV1	alt_carbon	0.66	5	2		
SGV1	calcium	2.07	5	2		
SGV1	carbon_starvation	-1.88	5	2		
SGV1	cell_wall	1.44	5	3		
SGV1	cold	1.43	5	2		
SGV1	drug	0.41	5	7		
SGV1	er	2.63	5	2		
SGV1	genotoxic	1.45	5	4		
SGV1	glucose_limitation	-0.56	5	1		
SGV1	heat	0.49	5	2		
SGV1	iron_repletion	1.74	5	1		
SGV1	lipid	0.24	5	1		
SGV1	mating	1.53	5	1		
SGV1	metal_stress	4.44	5	2		
SGV1	mitochondrial	1.92	5	3		
SGV1	nitrogen_starvation	-2.62	5	2		
SGV1	nonfermentable	0.42	5	4		
SGV1	osmotic	-0.60	5	4		
SGV1	oxidative	-4.45	5	6		
SGV1	ph_stress	2.50	5	1		
SGV1	rapamycin	1.86	5	1		
SGV1	reductive	0.04	5	2		
SGV1	stationary	-0.50	5	1		
SGV1	weak_acid	-1.83	5	1		
SGV1	zinc_repletion	2.63	5	1		
SIT4	alkaline	-2.92	12	2		
SIT4	alt_carbon	-2.67	12	2		
SIT4	calcium	-3.90	12	2		
SIT4	carbon_starvation	-2.53	12	2		
SIT4	cell_wall	-2.26	12	3		
SIT4	cold	-0.83	12	2		
SIT4	drug	-4.48	12	7		
SIT4	er	-1.89	12	2		
SIT4	genotoxic	-2.44	12	4		
SIT4	glucose_limitation	-2.20	12	1		
SIT4	heat	-4.09	12	2		
SIT4	iron_repletion	-0.79	12	1		
SIT4	lipid	-0.37	12	1		
SIT4	mating	-0.44	12	1		
SIT4	metal_stress	0.20	12	2		
SIT4	mitochondrial	-3.26	12	3		
SIT4	nitrogen_starvation	-2.31	12	2		
SIT4	nonfermentable	-3.09	12	4		
SIT4	osmotic	-4.08	12	4		
SIT4	oxidative	-3.50	12	6		
SIT4	ph_stress	-2.35	12	1		
SIT4	rapamycin	0.46	12	1		
SIT4	reductive	-2.31	12	2		
SIT4	stationary	-3.24	12	1		
SIT4	weak_acid	-0.92	12	1		
SIT4	zinc_repletion	-1.34	12	1		
SIW14	alkaline	1.07	4	2		
SIW14	alt_carbon	1.32	4	2		
SIW14	calcium	0.07	4	2		
SIW14	carbon_starvation	1.19	4	2		
SIW14	cell_wall	0.70	4	3		
SIW14	cold	0.36	4	2		
SIW14	drug	-1.76	4	7		
SIW14	er	-0.73	4	2		
SIW14	genotoxic	-0.63	4	4		
SIW14	glucose_limitation	-0.80	4	1		
SIW14	heat	-1.39	4	2		
SIW14	iron_repletion	0.47	4	1		
SIW14	lipid	0.89	4	1		
SIW14	mating	-0.37	4	1		
SIW14	metal_stress	-0.22	4	2		
SIW14	mitochondrial	-1.62	4	3		
SIW14	nitrogen_starvation	0.48	4	2		
SIW14	nonfermentable	1.33	4	4		
SIW14	osmotic	-1.62	4	4		
SIW14	oxidative	0.05	4	6		
SIW14	ph_stress	-0.62	4	1		
SIW14	rapamycin	-1.14	4	1		
SIW14	reductive	-1.00	4	2		
SIW14	stationary	-0.89	4	1		
SIW14	weak_acid	1.52	4	1		
SIW14	zinc_repletion	-0.61	4	1		
SLT2	alkaline	0.21	7	2	transient_up	有意でない
SLT2	alt_carbon	1.17	7	2		
SLT2	calcium	2.45	7	2		
SLT2	carbon_starvation	0.44	7	2		
SLT2	cell_wall	1.25	7	3	up	有意でない
SLT2	cold	0.79	7	2		
SLT2	drug	2.20	7	7	up	一致
SLT2	er	1.25	7	2	up	有意でない
SLT2	genotoxic	1.15	7	4	up	有意でない
SLT2	glucose_limitation	3.43	7	1		
SLT2	heat	2.44	7	2	up	一致
SLT2	iron_repletion	0.91	7	1		
SLT2	lipid	0.85	7	1		
SLT2	mating	0.28	7	1	up	有意でない
SLT2	metal_stress	0.28	7	2	transient_up	有意でない
SLT2	mitochondrial	1.34	7	3		
SLT2	nitrogen_starvation	0.12	7	2		
SLT2	nonfermentable	-0.20	7	4		
SLT2	osmotic	-0.18	7	4		
SLT2	oxidative	0.45	7	6	up	有意でない
SLT2	ph_stress	0.81	7	1		
SLT2	rapamycin	-2.16	7	1	up	逆
SLT2	reductive	0.58	7	2		
SLT2	stationary	1.82	7	1	up	有意でない
SLT2	weak_acid	-0.52	7	1		
SLT2	zinc_repletion	0.28	7	1		
SNF1	alkaline	4.25	37	2	up	一致
SNF1	alt_carbon	2.34	37	2		
SNF1	calcium	1.22	37	2	up	有意でない
SNF1	carbon_starvation	3.43	37	2	up	一致
SNF1	cell_wall	-0.23	37	3	up	有意でない
SNF1	cold	0.91	37	2		
SNF1	drug	2.09	37	7		
SNF1	er	0.91	37	2	up	有意でない
SNF1	genotoxic	1.10	37	4	down	有意でない
SNF1	glucose_limitation	2.46	37	1	up	一致
SNF1	heat	1.20	37	2	no_change	一致
SNF1	iron_repletion	0.90	37	1		
SNF1	lipid	2.25	37	1		
SNF1	mating	-0.43	37	1		
SNF1	metal_stress	0.06	37	2		
SNF1	mitochondrial	1.17	37	3		
SNF1	nitrogen_starvation	2.39	37	2	up	一致
SNF1	nonfermentable	3.50	37	4		
SNF1	osmotic	3.09	37	4	up	一致
SNF1	oxidative	0.80	37	6	up	有意でない
SNF1	ph_stress	0.31	37	1		
SNF1	rapamycin	-0.24	37	1		
SNF1	reductive	0.33	37	2		
SNF1	stationary	2.48	37	1		
SNF1	weak_acid	-0.12	37	1		
SNF1	zinc_repletion	-1.25	37	1		
SSN3	alkaline	0.25	7	2		
SSN3	alt_carbon	-0.37	7	2		
SSN3	calcium	-1.33	7	2		
SSN3	carbon_starvation	-1.25	7	2		
SSN3	cell_wall	-0.37	7	3		
SSN3	cold	-1.42	7	2		
SSN3	drug	-0.32	7	7		
SSN3	er	-2.07	7	2		
SSN3	genotoxic	-0.44	7	4		
SSN3	glucose_limitation	0.36	7	1		
SSN3	heat	0.37	7	2		
SSN3	iron_repletion	-1.18	7	1		
SSN3	lipid	-0.37	7	1		
SSN3	mating	-0.60	7	1		
SSN3	metal_stress	0.05	7	2		
SSN3	mitochondrial	-0.42	7	3		
SSN3	nitrogen_starvation	-0.47	7	2	down	有意でない
SSN3	nonfermentable	0.83	7	4		
SSN3	osmotic	-3.01	7	4		
SSN3	oxidative	-3.01	7	6	down	一致
SSN3	ph_stress	0.52	7	1		
SSN3	rapamycin	-0.91	7	1		
SSN3	reductive	-0.80	7	2		
SSN3	stationary	-0.20	7	1		
SSN3	weak_acid	-0.81	7	1		
SSN3	zinc_repletion	-0.64	7	1		
TEL1	alkaline	-0.53	28	2		
TEL1	alt_carbon	1.11	28	2		
TEL1	calcium	-0.45	28	2		
TEL1	carbon_starvation	1.21	28	2		
TEL1	cell_wall	4.52	28	3		
TEL1	cold	-1.94	28	2		
TEL1	drug	-1.68	28	7		
TEL1	er	-2.11	28	2		
TEL1	genotoxic	-1.40	28	4		
TEL1	glucose_limitation	-0.22	28	1		
TEL1	heat	0.34	28	2		
TEL1	iron_repletion	0.29	28	1		
TEL1	lipid	1.76	28	1		
TEL1	mating	-3.63	28	1		
TEL1	metal_stress	-3.57	28	2		
TEL1	mitochondrial	-2.17	28	3		
TEL1	nitrogen_starvation	0.46	28	2		
TEL1	nonfermentable	1.24	28	4		
TEL1	osmotic	-0.62	28	4		
TEL1	oxidative	-0.83	28	6		
TEL1	ph_stress	-0.23	28	1		
TEL1	rapamycin	-2.41	28	1		
TEL1	reductive	-3.27	28	2		
TEL1	stationary	1.65	28	1		
TEL1	weak_acid	-0.06	28	1		
TEL1	zinc_repletion	-1.59	28	1		
TOR1	alkaline	-2.84	12	2		
TOR1	alt_carbon	-2.31	12	2		
TOR1	calcium	-2.83	12	2		
TOR1	carbon_starvation	-1.68	12	2		
TOR1	cell_wall	-0.05	12	3		
TOR1	cold	-1.54	12	2		
TOR1	drug	-4.25	12	7		
TOR1	er	-1.20	12	2		
TOR1	genotoxic	-0.75	12	4		
TOR1	glucose_limitation	-1.40	12	1		
TOR1	heat	-2.29	12	2		
TOR1	iron_repletion	-0.27	12	1		
TOR1	lipid	-1.36	12	1		
TOR1	mating	-0.82	12	1		
TOR1	metal_stress	-0.82	12	2		
TOR1	mitochondrial	-1.18	12	3		
TOR1	nitrogen_starvation	-1.32	12	2		
TOR1	nonfermentable	-3.67	12	4		
TOR1	osmotic	-5.78	12	4		
TOR1	oxidative	-1.65	12	6		
TOR1	ph_stress	-1.92	12	1		
TOR1	rapamycin	-1.86	12	1		
TOR1	reductive	-0.92	12	2		
TOR1	stationary	-1.32	12	1		
TOR1	weak_acid	-0.19	12	1		
TOR1	zinc_repletion	1.79	12	1		
TORC1	alkaline	0.96	633	2		
TORC1	alt_carbon	-1.58	633	2		
TORC1	calcium	-3.48	633	2		
TORC1	carbon_starvation	-2.27	633	2	down	一致
TORC1	cell_wall	-4.67	633	3	transient_down	一致
TORC1	cold	4.66	633	2		
TORC1	drug	-4.11	633	7		
TORC1	er	-0.68	633	2	down	有意でない
TORC1	genotoxic	2.59	633	4	down	逆
TORC1	glucose_limitation	1.40	633	1		
TORC1	heat	-3.80	633	2	transient_down	一致
TORC1	iron_repletion	0.76	633	1		
TORC1	lipid	-3.07	633	1		
TORC1	mating	0.33	633	1		
TORC1	metal_stress	-1.64	633	2		
TORC1	mitochondrial	-2.53	633	3		
TORC1	nitrogen_starvation	-4.30	633	2	down	一致
TORC1	nonfermentable	-0.37	633	4	down	有意でない
TORC1	osmotic	-5.98	633	4	transient_down	一致
TORC1	oxidative	-3.98	633	6	transient_down	一致
TORC1	ph_stress	0.18	633	1		
TORC1	rapamycin	-2.02	633	1	down	一致
TORC1	reductive	-1.75	633	2		
TORC1	stationary	-2.05	633	1	down	一致
TORC1	weak_acid	-1.17	633	1		
TORC1	zinc_repletion	0.91	633	1		
TORC2-YPK1	alkaline	-2.49	17	2		
TORC2-YPK1	alt_carbon	-2.21	17	2		
TORC2-YPK1	calcium	-1.29	17	2		
TORC2-YPK1	carbon_starvation	-0.94	17	2		
TORC2-YPK1	cell_wall	-1.43	17	3		
TORC2-YPK1	cold	-1.24	17	2		
TORC2-YPK1	drug	0.20	17	7	up	有意でない
TORC2-YPK1	er	1.31	17	2		
TORC2-YPK1	genotoxic	0.91	17	4		
TORC2-YPK1	glucose_limitation	-1.21	17	1		
TORC2-YPK1	heat	-0.79	17	2	up	有意でない
TORC2-YPK1	iron_repletion	0.72	17	1		
TORC2-YPK1	lipid	-1.66	17	1		
TORC2-YPK1	mating	1.91	17	1		
TORC2-YPK1	metal_stress	1.17	17	2		
TORC2-YPK1	mitochondrial	1.70	17	3		
TORC2-YPK1	nitrogen_starvation	-0.05	17	2		
TORC2-YPK1	nonfermentable	-3.36	17	4		
TORC2-YPK1	osmotic	-4.44	17	4	down	一致
TORC2-YPK1	oxidative	-0.11	17	6		
TORC2-YPK1	ph_stress	0.95	17	1		
TORC2-YPK1	rapamycin	0.07	17	1		
TORC2-YPK1	reductive	0.70	17	2		
TORC2-YPK1	stationary	-2.36	17	1		
TORC2-YPK1	weak_acid	-0.42	17	1	up	有意でない
TORC2-YPK1	zinc_repletion	1.43	17	1		
TPK1	alkaline	-0.64	17	2		
TPK1	alt_carbon	1.18	17	2		
TPK1	calcium	0.39	17	2		
TPK1	carbon_starvation	-0.20	17	2		
TPK1	cell_wall	1.25	17	3		
TPK1	cold	0.26	17	2		
TPK1	drug	-1.93	17	7		
TPK1	er	-0.15	17	2		
TPK1	genotoxic	0.20	17	4		
TPK1	glucose_limitation	-1.61	17	1		
TPK1	heat	-2.10	17	2		
TPK1	iron_repletion	0.65	17	1		
TPK1	lipid	-0.90	17	1		
TPK1	mating	-0.71	17	1		
TPK1	metal_stress	-1.03	17	2		
TPK1	mitochondrial	-0.64	17	3		
TPK1	nitrogen_starvation	-1.42	17	2		
TPK1	nonfermentable	0.32	17	4		
TPK1	osmotic	-3.97	17	4		
TPK1	oxidative	-1.14	17	6		
TPK1	ph_stress	-0.76	17	1		
TPK1	rapamycin	0.01	17	1		
TPK1	reductive	-1.14	17	2		
TPK1	stationary	1.57	17	1		
TPK1	weak_acid	-1.05	17	1		
TPK1	zinc_repletion	0.40	17	1		
TPK2	alkaline	-1.68	5	2		
TPK2	alt_carbon	-0.05	5	2		
TPK2	calcium	-0.15	5	2		
TPK2	carbon_starvation	-0.65	5	2		
TPK2	cell_wall	0.34	5	3		
TPK2	cold	0.29	5	2		
TPK2	drug	-2.99	5	7		
TPK2	er	-0.07	5	2		
TPK2	genotoxic	-0.20	5	4		
TPK2	glucose_limitation	-1.24	5	1		
TPK2	heat	-2.71	5	2		
TPK2	iron_repletion	0.55	5	1		
TPK2	lipid	-2.33	5	1		
TPK2	mating	-1.12	5	1		
TPK2	metal_stress	-1.10	5	2		
TPK2	mitochondrial	-1.33	5	3		
TPK2	nitrogen_starvation	-0.90	5	2		
TPK2	nonfermentable	-2.05	5	4		
TPK2	osmotic	-4.77	5	4		
TPK2	oxidative	-0.69	5	6		
TPK2	ph_stress	-2.30	5	1		
TPK2	rapamycin	-1.79	5	1		
TPK2	reductive	0.16	5	2		
TPK2	stationary	0.79	5	1		
TPK2	weak_acid	-1.55	5	1		
TPK2	zinc_repletion	0.22	5	1		
TPK3	alkaline	-0.99	9	2		
TPK3	alt_carbon	-0.85	9	2		
TPK3	calcium	0.07	9	2		
TPK3	carbon_starvation	-0.19	9	2		
TPK3	cell_wall	-0.99	9	3		
TPK3	cold	-0.49	9	2		
TPK3	drug	-1.38	9	7		
TPK3	er	-0.13	9	2		
TPK3	genotoxic	0.71	9	4		
TPK3	glucose_limitation	-1.65	9	1		
TPK3	heat	-1.53	9	2	down	有意でない
TPK3	iron_repletion	-0.21	9	1		
TPK3	lipid	-0.72	9	1		
TPK3	mating	-0.80	9	1		
TPK3	metal_stress	-0.06	9	2		
TPK3	mitochondrial	-0.07	9	3		
TPK3	nitrogen_starvation	-0.13	9	2		
TPK3	nonfermentable	-1.59	9	4		
TPK3	osmotic	-5.26	9	4		
TPK3	oxidative	0.47	9	6		
TPK3	ph_stress	-0.80	9	1		
TPK3	rapamycin	-2.06	9	1		
TPK3	reductive	-0.07	9	2		
TPK3	stationary	1.51	9	1		
TPK3	weak_acid	-1.77	9	1		
TPK3	zinc_repletion	1.53	9	1		
VPS34	alkaline	-1.02	4	2		
VPS34	alt_carbon	-2.56	4	2		
VPS34	calcium	0.12	4	2		
VPS34	carbon_starvation	-2.03	4	2		
VPS34	cell_wall	-1.42	4	3		
VPS34	cold	0.09	4	2		
VPS34	drug	-0.01	4	7		
VPS34	er	0.61	4	2		
VPS34	genotoxic	-0.27	4	4		
VPS34	glucose_limitation	-1.71	4	1		
VPS34	heat	0.30	4	2		
VPS34	iron_repletion	-0.08	4	1		
VPS34	lipid	-0.06	4	1		
VPS34	mating	1.00	4	1		
VPS34	metal_stress	0.32	4	2		
VPS34	mitochondrial	-0.03	4	3		
VPS34	nitrogen_starvation	-1.17	4	2		
VPS34	nonfermentable	-3.97	4	4		
VPS34	osmotic	0.12	4	4		
VPS34	oxidative	0.54	4	6		
VPS34	ph_stress	0.02	4	1		
VPS34	rapamycin	-0.98	4	1		
VPS34	reductive	0.88	4	2		
VPS34	stationary	-2.82	4	1		
VPS34	weak_acid	0.10	4	1		
VPS34	zinc_repletion	-0.07	4	1		
WHI2-PSR1-PSR2	alkaline	0.63	4	2		
WHI2-PSR1-PSR2	alt_carbon	1.89	4	2		
WHI2-PSR1-PSR2	calcium	1.26	4	2		
WHI2-PSR1-PSR2	carbon_starvation	1.09	4	2		
WHI2-PSR1-PSR2	cell_wall	0.91	4	3		
WHI2-PSR1-PSR2	cold	2.34	4	2		
WHI2-PSR1-PSR2	drug	2.80	4	7		
WHI2-PSR1-PSR2	er	1.37	4	2		
WHI2-PSR1-PSR2	genotoxic	2.66	4	4		
WHI2-PSR1-PSR2	glucose_limitation	1.27	4	1		
WHI2-PSR1-PSR2	heat	0.55	4	2		
WHI2-PSR1-PSR2	iron_repletion	-0.06	4	1		
WHI2-PSR1-PSR2	lipid	-0.40	4	1		
WHI2-PSR1-PSR2	mating	1.09	4	1		
WHI2-PSR1-PSR2	metal_stress	0.18	4	2		
WHI2-PSR1-PSR2	mitochondrial	3.00	4	3		
WHI2-PSR1-PSR2	nitrogen_starvation	1.05	4	2		
WHI2-PSR1-PSR2	nonfermentable	1.48	4	4		
WHI2-PSR1-PSR2	osmotic	1.95	4	4		
WHI2-PSR1-PSR2	oxidative	1.28	4	6		
WHI2-PSR1-PSR2	ph_stress	1.22	4	1		
WHI2-PSR1-PSR2	rapamycin	-1.33	4	1		
WHI2-PSR1-PSR2	reductive	1.12	4	2		
WHI2-PSR1-PSR2	stationary	1.33	4	1		
WHI2-PSR1-PSR2	weak_acid	-0.33	4	1		
WHI2-PSR1-PSR2	zinc_repletion	-0.20	4	1		
YAK1	alkaline	4.87	14	2		
YAK1	alt_carbon	0.56	14	2		
YAK1	calcium	4.18	14	2		
YAK1	carbon_starvation	-0.22	14	2	up	有意でない
YAK1	cell_wall	0.36	14	3		
YAK1	cold	-1.03	14	2		
YAK1	drug	1.65	14	7		
YAK1	er	-0.58	14	2		
YAK1	genotoxic	0.61	14	4		
YAK1	glucose_limitation	0.79	14	1		
YAK1	heat	4.83	14	2		
YAK1	iron_repletion	0.61	14	1		
YAK1	lipid	-0.57	14	1		
YAK1	mating	-0.48	14	1		
YAK1	metal_stress	-1.94	14	2		
YAK1	mitochondrial	0.32	14	3		
YAK1	nitrogen_starvation	2.13	14	2		
YAK1	nonfermentable	0.16	14	4		
YAK1	osmotic	8.90	14	4		
YAK1	oxidative	1.98	14	6		
YAK1	ph_stress	3.07	14	1		
YAK1	rapamycin	-0.52	14	1	up	有意でない
YAK1	reductive	-1.60	14	2		
YAK1	stationary	3.00	14	1		
YAK1	weak_acid	-1.73	14	1		
YAK1	zinc_repletion	0.19	14	1		
YCH1	alkaline	-0.41	3	2		
YCH1	alt_carbon	5.04	3	2		
YCH1	calcium	1.37	3	2		
YCH1	carbon_starvation	6.48	3	2		
YCH1	cell_wall	2.38	3	3		
YCH1	cold	0.65	3	2		
YCH1	drug	2.98	3	7		
YCH1	er	0.40	3	2		
YCH1	genotoxic	0.32	3	4		
YCH1	glucose_limitation	1.45	3	1		
YCH1	heat	-0.57	3	2		
YCH1	iron_repletion	-0.54	3	1		
YCH1	lipid	4.01	3	1		
YCH1	mating	0.49	3	1		
YCH1	metal_stress	0.49	3	2		
YCH1	mitochondrial	0.24	3	3		
YCH1	nitrogen_starvation	5.63	3	2		
YCH1	nonfermentable	7.29	3	4		
YCH1	osmotic	6.95	3	4		
YCH1	oxidative	1.04	3	6		
YCH1	ph_stress	1.95	3	1		
YCH1	rapamycin	1.86	3	1		
YCH1	reductive	-0.05	3	2		
YCH1	stationary	-0.98	3	1		
YCH1	weak_acid	2.63	3	1		
YCH1	zinc_repletion	-1.04	3	1		
YCK1	alkaline	-1.09	6	2		
YCK1	alt_carbon	1.01	6	2		
YCK1	calcium	1.86	6	2		
YCK1	carbon_starvation	-0.31	6	2		
YCK1	cell_wall	-0.03	6	3		
YCK1	cold	-0.04	6	2		
YCK1	drug	1.38	6	7		
YCK1	er	1.91	6	2		
YCK1	genotoxic	0.87	6	4		
YCK1	glucose_limitation	0.16	6	1		
YCK1	heat	2.00	6	2		
YCK1	iron_repletion	0.94	6	1		
YCK1	lipid	0.23	6	1		
YCK1	mating	-2.96	6	1		
YCK1	metal_stress	0.95	6	2		
YCK1	mitochondrial	0.93	6	3		
YCK1	nitrogen_starvation	-0.05	6	2		
YCK1	nonfermentable	-0.70	6	4		
YCK1	osmotic	2.11	6	4		
YCK1	oxidative	2.98	6	6		
YCK1	ph_stress	0.88	6	1		
YCK1	rapamycin	0.26	6	1		
YCK1	reductive	-0.08	6	2		
YCK1	stationary	0.76	6	1		
YCK1	weak_acid	1.00	6	1		
YCK1	zinc_repletion	0.24	6	1		
YPK1	alkaline	-2.77	16	2		
YPK1	alt_carbon	-2.43	16	2		
YPK1	calcium	-1.52	16	2		
YPK1	carbon_starvation	-1.35	16	2		
YPK1	cell_wall	-1.64	16	3		
YPK1	cold	-1.56	16	2		
YPK1	drug	-0.01	16	7		
YPK1	er	0.87	16	2		
YPK1	genotoxic	0.54	16	4		
YPK1	glucose_limitation	-1.43	16	1		
YPK1	heat	-1.02	16	2		
YPK1	iron_repletion	0.31	16	1		
YPK1	lipid	-1.88	16	1		
YPK1	mating	1.86	16	1		
YPK1	metal_stress	0.91	16	2		
YPK1	mitochondrial	1.36	16	3		
YPK1	nitrogen_starvation	-0.39	16	2		
YPK1	nonfermentable	-4.02	16	4		
YPK1	osmotic	-4.82	16	4		
YPK1	oxidative	-0.69	16	6		
YPK1	ph_stress	0.70	16	1		
YPK1	rapamycin	-0.19	16	1		
YPK1	reductive	0.51	16	2		
YPK1	stationary	-2.69	16	1		
YPK1	weak_acid	-0.73	16	1		
YPK1	zinc_repletion	1.22	16	1		
YPK3	alkaline	0.66	3	2		
YPK3	alt_carbon	-2.16	3	2		
YPK3	calcium	-2.81	3	2		
YPK3	carbon_starvation	-2.13	3	2		
YPK3	cell_wall	-0.57	3	3		
YPK3	cold	-2.36	3	2		
YPK3	drug	-2.90	3	7		
YPK3	er	-1.33	3	2		
YPK3	genotoxic	-2.80	3	4		
YPK3	glucose_limitation	-2.32	3	1		
YPK3	heat	-0.31	3	2		
YPK3	iron_repletion	0.72	3	1		
YPK3	lipid	-0.64	3	1		
YPK3	mating	-0.83	3	1		
YPK3	metal_stress	-0.45	3	2		
YPK3	mitochondrial	-4.08	3	3		
YPK3	nitrogen_starvation	-1.18	3	2		
YPK3	nonfermentable	-2.56	3	4		
YPK3	osmotic	-3.34	3	4		
YPK3	oxidative	-0.81	3	6		
YPK3	ph_stress	-2.08	3	1		
YPK3	rapamycin	-0.23	3	1		
YPK3	reductive	-0.87	3	2		
YPK3	stationary	-3.73	3	1		
YPK3	weak_acid	-0.74	3	1		
YPK3	zinc_repletion	1.53	3	1		
calcineurin	alkaline	-1.67	9	2	up	有意でない
calcineurin	alt_carbon	-2.13	9	2		
calcineurin	calcium	-2.42	9	2		
calcineurin	carbon_starvation	-2.90	9	2		
calcineurin	cell_wall	-2.71	9	3		
calcineurin	cold	-1.79	9	2		
calcineurin	drug	-2.37	9	7		
calcineurin	er	-0.39	9	2	up	有意でない
calcineurin	genotoxic	-3.23	9	4		
calcineurin	glucose_limitation	0.14	9	1		
calcineurin	heat	-0.14	9	2		
calcineurin	iron_repletion	-0.53	9	1		
calcineurin	lipid	-1.37	9	1		
calcineurin	mating	-0.69	9	1		
calcineurin	metal_stress	-1.70	9	2		
calcineurin	mitochondrial	-1.41	9	3		
calcineurin	nitrogen_starvation	-0.35	9	2		
calcineurin	nonfermentable	-3.58	9	4		
calcineurin	osmotic	-2.01	9	4		
calcineurin	oxidative	-1.10	9	6		
calcineurin	ph_stress	-1.53	9	1		
calcineurin	rapamycin	-0.11	9	1		
calcineurin	reductive	1.58	9	2		
calcineurin	stationary	-3.13	9	1		
calcineurin	weak_acid	-1.10	9	1		
calcineurin	zinc_repletion	-1.83	9	1		
