source_protein,target_protein,interaction_type,effect,direct,first_round_pmid,first_round_check
SLG1,ROM2,activation,activate,direct,10882119,どちらにも言及なし
ROM2,RHO1,activation,activate,direct,10364858,どちらにも言及なし
RHO1,PKC1,activation,activate,direct,9630232,どちらにも言及なし
PKC1,BCK1,phosphorylation,activate,direct,8810053,どちらにも言及なし
BCK1,MKK1,phosphorylation,activate,direct,9393988,どちらにも言及なし
BCK1,MKK2,phosphorylation,activate,direct,9393988,どちらにも言及なし
MKK1,SLT2,phosphorylation,activate,direct,8943335,どちらにも言及なし
MKK2,SLT2,phosphorylation,activate,direct,8943335,どちらにも言及なし
SLT2,RLM1,phosphorylation,activate,direct,10196375,どちらにも言及なし
SLT2,SWI4,phosphorylation,activate,direct,9685361,どちらにも言及なし
SLN1,YPD1,phosphorylation,inhibit,direct,9396726,どちらにも言及なし
YPD1,SSK1,phosphorylation,inhibit,direct,9396726,どちらにも言及なし
SSK2,PBS2,phosphorylation,activate,direct,8538749,どちらにも言及なし
SSK22,PBS2,phosphorylation,activate,direct,8538749,どちらにも言及なし
SHO1,STE11,activation,activate,direct,9830025,どちらにも言及なし
PBS2,HOG1,phosphorylation,activate,direct,8621650,どちらにも言及なし
HOG1,SKO1,phosphorylation,activate,direct,11226175,どちらにも言及なし
HOG1,HOT1,phosphorylation,activate,direct,10359789,どちらにも言及なし
PTP2,HOG1,dephosphorylation,inhibit,direct,9049335,どちらにも言及なし
PTP3,HOG1,dephosphorylation,inhibit,direct,9516440,どちらにも言及なし
PHO81,PHO85,inhibition,inhibit,direct,8156586,どちらにも言及なし
PHO80,PHO85,binding,activate,direct,7915250,どちらにも言及なし
PHO4,PHO84,transcription,activate,direct,8384732,どちらにも言及なし
PHO2,PHO4,binding,activate,direct,8224749,どちらにも言及なし
CDC25,RAS2,activation,activate,direct,3034857,どちらにも言及なし
IRA1,RAS2,inhibition,inhibit,direct,2444390,どちらにも言及なし
IRA2,RAS1,inhibition,inhibit,direct,2444390,どちらにも言及なし
RAS2,CYR1,activation,activate,direct,2848902,どちらにも言及なし
CYR1,BCY1,inhibition,inhibit,via cAMP,6308477,どちらにも言及なし
BCY1,TPK1,inhibition,inhibit,direct,3082572,どちらにも言及なし
BCY1,TPK2,inhibition,inhibit,direct,3082572,どちらにも言及なし
BCY1,TPK3,inhibition,inhibit,direct,3082572,どちらにも言及なし
TPK1,MSN2,phosphorylation,inhibit,direct,10075628,どちらにも言及なし
TPK2,MSN4,phosphorylation,inhibit,direct,10075628,どちらにも言及なし
YAK1,MSN2,phosphorylation,activate,direct,11433022,どちらにも言及なし
GPA2,CYR1,activation,activate,direct,10464234,どちらにも言及なし
GPR1,GPA2,activation,activate,direct,10464234,どちらにも言及なし
PDE1,BCY1,other,none,via cAMP,6308477,どちらにも言及なし
PDE2,BCY1,other,none,via cAMP,2852554,どちらにも言及なし
REG1,GLC7,binding,activate,direct,8157944,どちらにも言及なし
SNF1,MIG1,phosphorylation,inhibit,direct,9341155,どちらにも言及なし
SNF1,ADR1,phosphorylation,activate,direct,15837851,どちらにも言及なし
SNF1,CAT8,phosphorylation,activate,direct,12037130,どちらにも言及なし
HXK2,SNF1,binding,inhibit,direct,12138169,どちらにも言及なし
TOR1,SCH9,phosphorylation,activate,direct,10430940,どちらにも言及なし
TOR1,GAT1,phosphorylation,inhibit,direct,11157775,どちらにも言及なし
TOR1,GLN3,phosphorylation,inhibit,direct,11157775,どちらにも言及なし
TCO89,SCH9,phosphorylation,activate,via TORC1,10430940,どちらにも言及なし
GTR1,TOR1,binding,activate,direct,20581414,どちらにも言及なし
GTR2,TOR1,binding,activate,direct,20581414,どちらにも言及なし
SIT4,GLN3,dephosphorylation,activate,direct,8626549,どちらにも言及なし
PPH21,SCH9,dephosphorylation,inhibit,direct,15139360,どちらにも言及なし
SCH9,RIM15,phosphorylation,inhibit,direct,15582375,PMID なし
SCH9,GIS1,phosphorylation,inhibit,direct,17081989,どちらにも言及なし
NPR1,GLN3,phosphorylation,activate,direct,9799222,どちらにも言及なし
GCN2,GCN4,phosphorylation,activate,direct,7528205,どちらにも言及なし
RTG1,RTG3,binding,activate,direct,9562067,どちらにも言及なし
MKS1,RTG1,inhibition,inhibit,direct,12138165,どちらにも言及なし
ATG1,ATG13,phosphorylation,activate,direct,18838644,どちらにも言及なし
TOR2,YPK1,phosphorylation,activate,direct,12198542,どちらにも言及なし
TOR2,YPK2,phosphorylation,activate,direct,15053886,どちらにも言及なし
PKH1,YPK1,phosphorylation,activate,direct,11533256,どちらにも言及なし
PKH2,YPK2,phosphorylation,activate,direct,11533256,どちらにも言及なし
YPK1,ORM1,phosphorylation,inhibit,direct,18424245,どちらにも言及なし
YPK1,ORM2,phosphorylation,inhibit,direct,18424245,どちらにも言及なし
FPK1,SLM1,phosphorylation,activate,direct,19574391,どちらにも言及なし
SLM1,YPK1,binding,activate,direct,19460965,どちらにも言及なし
