id,source_protein,target_protein,interaction_type,biogrid_pmids,biogrid_note,effect,direct,pmids,paper_title,quote,quote_location,condition,note
S1-001,HRD1,HMG2,ubiquitination,19394298;19324879;16270032;27170191,in the presence of E1 (Uba1) and Ubc7 in vitro / Hrd1 present in purified microsomes / E2 was Ubc7,,,,,,,,
S1-002,HRD1,UBC7,ubiquitination,19366730;37066402,"auto-ubiquitination of Hrd1 was augmented by Ubc7 (E2) and Cue1 addition (E1 was Human UBE2K) / The reaction contained UBA1 [E1], UBC7 [E2], and HRD1 [E3]",,,,,,,,
S1-003,PHO85,PHO81,phosphorylation,15057567;16319894,The Pho80-Pho85 kinase complex was used in the in vitro immunokinase reaction. / 32P incorporation on protein chip|complex with PCL2,,,,,,,,
S1-004,TOR2,CDC33,phosphorylation,22496512;22445487,,,,,,,,,
S1-005,TPK2,TPK3,phosphorylation,12024012;16319894,32P incorporation on protein chip,,,,,,,,
S1-006,YCK1,ELM1,phosphorylation,16319894;40464802,32P incorporation on protein chip,,,,,,,,
S1-007,ATG1,ATG29,phosphorylation,34798055,,,,,,,,,
S1-008,ATG1,ATG31,phosphorylation,34798055,,,,,,,,,
S1-009,CKA1,PHO4,phosphorylation,12606059,,,,,,,,,
S1-010,CKA2,PHO4,phosphorylation,12606059,,,,,,,,,
S1-011,CNA1,ATG13,dephosphorylation,24930733,,,,,,,,,
S1-012,CNA1,ELM1,dephosphorylation,24930733,,,,,,,,,
S1-013,CNA1,RTS1,dephosphorylation,24930733,,,,,,,,,
S1-014,CNA1,SFB3,dephosphorylation,24930733,,,,,,,,,
S1-015,GCN2,SUI3,phosphorylation,33743194,,,,,,,,,
S1-016,HOG1,GAL83,phosphorylation,27524664,,,,,,,,,
S1-017,HOG1,SIP2,phosphorylation,27524664,,,,,,,,,
S1-018,HOG1,SLN1,phosphorylation,25734609,,,,,,,,,
S1-019,HOG1,SSK2,phosphorylation,25734609,,,,,,,,,
S1-020,NPR1,ORM1,phosphorylation,23363605,,,,,,,,,
S1-021,NPR1,ORM2,phosphorylation,23363605,,,,,,,,,
S1-022,PHO80,PHO81,enzymatic,16330754,,,,,,,,,
S1-023,PHO85,GAL83,phosphorylation,27524664,,,,,,,,,
S1-024,PHO85,PHO80,phosphorylation,15057567,Pho80 is a substrate of the Pho85-Pho80 kinase complex.,,,,,,,,
S1-025,PHO85,REG1,enzymatic,16330754,,,,,,,,,
S1-026,PHO85,ROM2,enzymatic,16330754,,,,,,,,,
S1-027,PHO85,SAP185,enzymatic,16330754,,,,,,,,,
S1-028,PHO85,SFB3,enzymatic,16330754,,,,,,,,,
S1-029,PHO85,SIP2,phosphorylation,27524664,,,,,,,,,
S1-030,PIB2,SCH9,phosphorylation,36749016,,,,,,,,,
S1-031,PKC1,IGO2,phosphorylation,28100785,Figure 4,,,,,,,,
S1-032,PKH1,GCN2,phosphorylation,22326914,,,,,,,,,
S1-033,SAK1,GAL83,phosphorylation,27524664,,,,,,,,,
S1-034,SAK1,MIG1,phosphorylation,16201971,,,,,,,,,
S1-035,SAK1,SIP1,phosphorylation,27524664,,,,,,,,,
S1-036,SAK1,SIP2,phosphorylation,27524664,,,,,,,,,
S1-037,SIT4,SFB3,dephosphorylation,23864707,Figure 2,,,,,,,,
S1-038,SLT2,MKK1,phosphorylation,17711850,,,,,,,,,
S1-039,SLT2,MKK2,phosphorylation,17711850,,,,,,,,,
S1-040,SLT2,TSC11,phosphorylation,30478248,,,,,,,,,
S1-041,SNF1,GLN3,phosphorylation,11809814,,,,,,,,,
S1-042,TOR1,CDC33,phosphorylation,22445487,,,,,,,,,
S1-043,TOR1,TCO89,phosphorylation,33157024,,,,,,,,,
S1-044,TOR2,SLM1,phosphorylation,22298706,,,,,,,,,
S1-045,TPK1,DOT6,phosphorylation,16751660,,,,,,,,,
S1-046,TPK1,GAL83,phosphorylation,27524664,,,,,,,,,
S1-047,TPK1,IRA2,phosphorylation,25065647,Figure 6,,,,,,,,
S1-048,TPK2,IRA2,phosphorylation,25065647,Figure 6,,,,,,,,
S1-049,TPK3,IRA2,phosphorylation,25065647,Figure 6,,,,,,,,
S1-050,UBC7,HRD1,ubiquitination,14593114,Ubiquitin transthiolation,,,,,,,,
S1-051,YAK1,IFH1,phosphorylation,21480437,,,,,,,,,
S1-052,PHO85,PAH1,phosphorylation,16319894;22334681;24876385;25359770;27044741,32P incorporation on protein chip|complex with PCL1|complex with PCL9|complex with PHO80 / Figure 7 / Figure 3,,,,,,,,
S1-053,SCH9,MAF1,phosphorylation,19684113;19823048;19299514;22810236;29038496,,,,,,,,,
S1-054,TPK1,NTH1,phosphorylation,16319894;20639203;22320399;25065647;23155055,32P incorporation on protein chip / Figure 6,,,,,,,,
S1-055,CKA1,ELF1,phosphorylation,16319894;16756761;21755460;36555405,32P incorporation on protein chip / As part of the CK2 complex|Can be inhibited by the presence of Asf1 in vitro,,,,,,,,
S1-056,CKA1,FIP1,phosphorylation,16496213;16933028;21755460;36555405,As part of the CK2 complex|Can be inhibited by the presence of Asf1 in vitro,,,,,,,,
S1-057,CKA2,FIP1,phosphorylation,16496213;16933028;21755460;36555405,As part of the CK2 complex|Can be inhibited by the presence of Asf1 in vitro,,,,,,,,
S1-058,RSP5,MGA2,ubiquitination,17719829;19153599;17289586;15466864,"The in vitro ubiquitination reaction mixture also contained UBC4 as an E2 enzyme. / Likely ubiquitin conjugates|The reaction contained E1, Ubc1 [E2], and Rsp5 [E3].",,,,,,,,
S1-059,TPK1,CDC19,phosphorylation,12063246;11877433;16319894;20639203,32P incorporation on protein chip,,,,,,,,
S1-060,UBC7,UBI4,ubiquitination,18321851;25646477;27264873;33576509,Ubc7 catalyzed the formation of di-ubiquitin that was augmented by Cue1|in vitro assay / #LPPI|in conjunction with Cue1,,,,,,,,
S1-061,CKA1,SVF1,phosphorylation,18265947;21755460;36555405,As part of the CK2 complex|Can be inhibited by the presence of Asf1 in vitro,,,,,,,,
S1-062,CKA2,ELF1,phosphorylation,16756761;21755460;36555405,As part of the CK2 complex|Can be inhibited by the presence of Asf1 in vitro,,,,,,,,
S1-063,CKA2,SVF1,phosphorylation,18265947;21755460;36555405,As part of the CK2 complex|Can be inhibited by the presence of Asf1 in vitro,,,,,,,,
S1-064,FPK1,YPK1,phosphorylation,19966303;24510621;29895620,Figure 3,,,,,,,,
S1-065,GCN2,YGR054W,phosphorylation,21849502;24391917;39163341,P1/P2 proteins (encoded by RPP1A | RPP1B | RPP2A | RPP2B) stimulated the phosphorylation of eIF2a in vitro / SEC-MALS analysis of the Gcn2HisRS-CTD construct revealed a robust homodimer,,,,,,,,
S1-066,HRD1,UBI4,ubiquitination,23665229;18321851;27264873,e1- uba1|e2- ubc7 / Hrd1 forms polyubiquitin chains in vitro,,,,,,,,
S1-067,PHO85,GSY2,phosphorylation,9584169;10490639;10874034,Pho85 activity towards Gsy2 requires cyclin Pcl10,,,,,,,,
S1-068,PKC1,PAH1,phosphorylation,27044741;28154205;31645435,,,,,,,,,
S1-069,PKC1,URA7,phosphorylation,12709422;8626655;28154205,,,,,,,,,
S1-070,SLT2,MSG5,phosphorylation,14703512;19123063;26786099,thiophosphorylation,,,,,,,,
S1-071,UBA1,UBC7,ubiquitination,9172777;18321851;33015833,"ubiquitin transthiolation / in vitro transthiolation, i.e. conjugation of ubiquitin (UBI4), from UBA1 (E1) to UBC7 (E2) in the presence of CUE1",,,,,,,,
S1-072,YAK1,HSF1,phosphorylation,18793336;21255108;24140345,,,,,,,,,
S1-073,YPK1,YSP2,phosphorylation,25279700;29927351;33255682,"Table 1, right column",,,,,,,,
S1-074,ATG1,ATG18,phosphorylation,16319894;34798055,32P incorporation on protein chip,,,,,,,,
S1-075,ATG1,ATG19,phosphorylation,28821724;24968893,,,,,,,,,
S1-076,ATG1,ATG4,phosphorylation,28821724;34798055,,,,,,,,,
S1-077,ATG1,ATG8,phosphorylation,16319894;34798055,32P incorporation on protein chip,,,,,,,,
S1-078,ATG1,MSP1,phosphorylation,16319894;24440502,32P incorporation on protein chip / phosphorylation by the ATG1-ATG11-ATG13 complex,,,,,,,,
S1-079,ATG1,VPS34,phosphorylation,34798055;36803233,,,,,,,,,
S1-080,ATG1,WHI5,phosphorylation,16319894;40365021,32P incorporation on protein chip,,,,,,,,
S1-081,ATG1,YKT6,phosphorylation,33274589;33025734,,,,,,,,,
S1-082,CDC28,TUS1,phosphorylation,14574415;18256282,A yeast proteomic library was screened for proteins that are directly phosphorylated by Cdk1 Clb2 complexes  in whole-ce,,,,,,,,
S1-083,CKA1,HHF1,phosphorylation,16135807;32064518,,,,,,,,,
S1-084,CKA1,HHT1,phosphorylation,16135807;29938647,,,,,,,,,
S1-085,CKA1,MAF1,phosphorylation,21383183;22810236,Figure 3 and Supplementary Table S1,,,,,,,,
S1-086,CKA1,SIC1,phosphorylation,16168390;27571477,,,,,,,,,
S1-087,CKA2,HHF1,phosphorylation,16135807;32064518,,,,,,,,,
S1-088,CKA2,HSF1,phosphorylation,24894977;28330760,,,,,,,,,
S1-089,CKA2,RPP2B,phosphorylation,21755460;39468350,,,,,,,,,
S1-090,CNA1,ALY1,dephosphorylation,23824189;24930733,,,,,,,,,
S1-091,ELM1,BNI5,phosphorylation,26351911;41196235,,,,,,,,,
S1-092,ELM1,GIN4,phosphorylation,16861226;40464802,,,,,,,,,
S1-093,HOG1,MRC1,phosphorylation,23178807;29371596,,,,,,,,,
S1-094,HOG1,RCK2,phosphorylation,11344302;10805732,,,,,,,,,
S1-095,HOG1,RPO21,phosphorylation,25411400;29220656,,,,,,,,,
S1-096,PHO85,ALY2,phosphorylation,12098764;16319894,32P incorporation on protein chip|complex with PCL1|complex with PCL2|complex with PCL9|complex with PHO80,,,,,,,,
S1-097,PHO85,ASH1,phosphorylation,11703659;21098119,Figure 7,,,,,,,,
S1-098,PHO85,CRZ1,phosphorylation,16319894;16455487,32P incorporation on protein chip|complex with PCL1|complex with PCL2|complex with PCL9|complex with PHO80,,,,,,,,
S1-099,PHO85,GLC8,phosphorylation,12407105;16319894,32P incorporation on protein chip|complex with PHO80,,,,,,,,
S1-100,PHO85,GSP1,phosphorylation,16319894;29146254,32P incorporation on protein chip|complex with PCL1|complex with PHO80,,,,,,,,
